============================================================
  Generated by:           Genus(TM) Synthesis Solution 21.19-s055_1
  Generated on:           Dec 06 2024  01:59:50 am
  Module:                 nbit_stack
  Technology library:     slow_vdd1v2 1.0
  Operating conditions:   PVT_1P08V_125C (balanced_tree)
  Wireload mode:          enclosed
  Area mode:              timing library
============================================================

path   1:

       Pin            Type     Fanout Load Slew Delay Arrival   
                                      (fF) (ps)  (ps)   (ps)    
----------------------------------------------------------------
(clock clk)          launch                                 0 R 
sp_reg[3]/CK                                  0    +0       0 R 
sp_reg[3]/Q          DFFRHQX1       4  1.6   30  +125     125 F 
g403073/B                                          +0     125   
g403073/Y            NOR2X1         3  1.2   48   +42     167 R 
g399402/B                                          +0     167   
g399402/Y            NAND2X1        1  0.4   34   +44     211 F 
g399358/B                                          +0     211   
g399358/Y            NOR2X1         2  0.8   38   +38     249 R 
g402824/B                                          +0     249   
g402824/Y            NOR2X1         2  0.8   24   +32     281 F 
g397857_dup/B                                      +0     281   
g397857_dup/Y        NOR2X1         3  0.8   37   +34     315 R 
g402828/B                                          +0     315   
g402828/Y            OR2X1          2  0.6   15   +47     362 R 
fopt403316/A                                       +0     362   
fopt403316/Y         INVX1          2  0.8   18   +20     381 F 
fopt403318/A                                       +0     381   
fopt403318/Y         INVX1          3  1.0   19   +21     402 R 
g403320/B                                          +0     402   
g403320/Y            NOR2X1         4  1.6   38   +30     432 F 
fopt403217/A                                       +0     432   
fopt403217/Y         INVX1          4  1.6   30   +34     465 R 
fopt403211/A                                       +0     465   
fopt403211/Y         INVX1          4  1.6   32   +33     498 F 
g384840/B                                          +0     498   
g384840/Y            NAND2X1        1  0.2   14   +23     521 R 
g380064/A                                          +0     521   
g380064/Y            AND2X1         1  0.4   14   +63     584 R 
g377644/B                                          +0     584   
g377644/Y            NAND2X1        1  0.4   30   +29     612 F 
g376103/B                                          +0     612   
g376103/Y            NOR2X1         1  0.4   28   +31     643 R 
g374932/B                                          +0     643   
g374932/Y            NOR2X1         1  0.4   26   +24     667 F 
g374315__9945/A                                    +0     667   
g374315__9945/Y      NOR2X1         1  0.4   28   +34     701 R 
g373977__6161/A                                    +0     701   
g373977__6161/Y      NAND2X1        1  0.4   32   +39     740 F 
g373796__6783/A                                    +0     740   
g373796__6783/Y      NOR2X1         1  0.4   28   +37     777 R 
g373643__9945/A                                    +0     777   
g373643__9945/Y      NAND2X1        1  0.4   32   +39     816 F 
g373620__6417/B                                    +0     816   
g373620__6417/Y      NOR2X1         1  0.4   28   +31     847 R 
g373599__5526/A                                    +0     847   
g373599__5526/Y      NAND2X1        1  0.4   32   +39     886 F 
g373590__1666/B                                    +0     886   
g373590__1666/Y      NOR2X1         1  0.4   28   +31     917 R 
g373585__6161/B                                    +0     917   
g373585__6161/Y      NAND2X1        1  0.3   29   +33     950 F 
data_out_reg[3]/D    DFFRHQX1                      +0     950   
data_out_reg[3]/CK   setup                    0   +36     986 R 
- - - - - - - - - - - - - - - - - - - - - - - - - - - - - - - - 
(clock clk)          capture                              986 R 
----------------------------------------------------------------
Cost Group   : 'clk' (path_group 'clk')
Timing slack :       0ps 
Start-point  : sp_reg[3]/CK
End-point    : data_out_reg[3]/D

path   2:

       Pin            Type     Fanout Load Slew Delay Arrival   
                                      (fF) (ps)  (ps)   (ps)    
----------------------------------------------------------------
(clock clk)          launch                                 0 R 
sp_reg[7]/CK                                  0    +0       0 R 
sp_reg[7]/Q          DFFRHQX1       4  1.6   30  +125     125 F 
g399419/B                                          +0     125   
g399419/Y            NOR2X1         1  0.4   28   +31     155 R 
g399385/B                                          +0     155   
g399385/Y            NAND2X1        1  0.4   32   +35     190 F 
g399356/B                                          +0     190   
g399356/Y            NOR2X1         1  0.4   28   +31     221 R 
g399267/B                                          +0     221   
g399267/Y            NAND2X1        2  0.8   43   +41     262 F 
g397389/B                                          +0     262   
g397389/Y            XOR2X1         6  2.0   39   +83     346 F 
fopt401264/A                                       +0     346   
fopt401264/Y         INVX1          2  0.8   20   +28     374 R 
g390483/B                                          +0     374   
g390483/Y            NOR2X1         3  0.8   25   +23     397 F 
g386737/B                                          +0     397   
g386737/Y            AND2X1         4  1.6   31   +54     451 F 
fopt401080/A                                       +0     451   
fopt401080/Y         INVX1          2  0.8   18   +25     476 R 
fopt401079/A                                       +0     476   
fopt401079/Y         INVX1          4  1.6   30   +28     504 F 
fopt401075/A                                       +0     504   
fopt401075/Y         INVX1          4  1.6   29   +30     534 R 
fopt401072/A                                       +0     534   
fopt401072/Y         INVX1          2  0.8   20   +26     560 F 
g379652/B                                          +0     560   
g379652/Y            NAND2X1        1  0.4   17   +19     579 R 
g377376/B                                          +0     579   
g377376/Y            NAND2X1        1  0.4   31   +30     609 F 
g375863/B                                          +0     609   
g375863/Y            NOR2X1         1  0.4   28   +31     640 R 
g374798/B                                          +0     640   
g374798/Y            NOR2X1         1  0.4   23   +24     664 F 
g374498__1617/A                                    +0     664   
g374498__1617/Y      NOR2X1         1  0.4   27   +33     697 R 
g374089__6161/A                                    +0     697   
g374089__6161/Y      NAND2X1        1  0.4   31   +38     735 F 
g373776__6131/A                                    +0     735   
g373776__6131/Y      NOR2X1         1  0.4   28   +36     772 R 
g373685__3680/B                                    +0     772   
g373685__3680/Y      NAND2X1        1  0.4   32   +35     806 F 
g373637__1881/A                                    +0     806   
g373637__1881/Y      NOR2X1         1  0.4   28   +37     843 R 
g373609__1881/A                                    +0     843   
g373609__1881/Y      NAND2X1        1  0.4   32   +39     882 F 
g373594__2398/B                                    +0     882   
g373594__2398/Y      NOR2X1         1  0.4   28   +31     913 R 
g373585__6161/A                                    +0     913   
g373585__6161/Y      NAND2X1        1  0.3   29   +37     950 F 
data_out_reg[3]/D    DFFRHQX1                      +0     950   
data_out_reg[3]/CK   setup                    0   +36     986 R 
- - - - - - - - - - - - - - - - - - - - - - - - - - - - - - - - 
(clock clk)          capture                              986 R 
----------------------------------------------------------------
Cost Group   : 'clk' (path_group 'clk')
Timing slack :       0ps 
Start-point  : sp_reg[7]/CK
End-point    : data_out_reg[3]/D

path   3:

       Pin            Type     Fanout Load Slew Delay Arrival   
                                      (fF) (ps)  (ps)   (ps)    
----------------------------------------------------------------
(clock clk)          launch                                 0 R 
sp_reg[3]/CK                                  0    +0       0 R 
sp_reg[3]/Q          DFFRHQX1       4  1.6   30  +125     125 F 
g403073/B                                          +0     125   
g403073/Y            NOR2X1         3  1.2   48   +42     167 R 
g402999_dup/A                                      +0     167   
g402999_dup/Y        NAND2X1        1  0.4   33   +47     214 F 
g403077/A                                          +0     214   
g403077/Y            NOR2X1         2  0.8   38   +43     257 R 
g397856/A                                          +0     257   
g397856/Y            NOR2X1         4  1.0   31   +38     296 F 
fopt403124/A                                       +0     296   
fopt403124/Y         INVX1          2  0.6   16   +23     319 R 
g397388/B                                          +0     319   
g397388/Y            OR2X1          2  0.6   15   +40     358 R 
fopt402547/A                                       +0     358   
fopt402547/Y         INVX1          2  0.8   18   +20     378 F 
fopt402542/A                                       +0     378   
fopt402542/Y         INVX1          2  0.4   12   +16     395 R 
g386745/A                                          +0     395   
g386745/Y            OR2X1          4  1.6   28   +51     446 R 
fopt401457/A                                       +0     446   
fopt401457/Y         INVX1          8  2.4   43   +38     484 F 
fopt401456/A                                       +0     484   
fopt401456/Y         INVX1          3  1.2   25   +33     517 R 
fopt401448/A                                       +0     517   
fopt401448/Y         INVX1          4  1.6   31   +31     548 F 
g380720/B                                          +0     548   
g380720/Y            NAND2X1        1  0.4   17   +24     572 R 
g378098/A                                          +0     572   
g378098/Y            NAND2X1        1  0.4   31   +34     606 F 
g376489/B                                          +0     606   
g376489/Y            NAND2X1        1  0.4   19   +24     630 R 
g375144/A                                          +0     630   
g375144/Y            NAND2X1        1  0.4   32   +35     665 F 
g374435__5107/B                                    +0     665   
g374435__5107/Y      NOR2X1         1  0.4   28   +31     696 R 
g374048__6783/A                                    +0     696   
g374048__6783/Y      NAND2X1        1  0.4   32   +39     735 F 
g373834__5115/A                                    +0     735   
g373834__5115/Y      NOR2X1         1  0.4   28   +36     772 R 
g373714__1617/B                                    +0     772   
g373714__1617/Y      NAND2X1        1  0.4   32   +35     806 F 
g373645__2346/B                                    +0     806   
g373645__2346/Y      NOR2X1         1  0.4   28   +31     838 R 
g373615__9945/A                                    +0     838   
g373615__9945/Y      NAND2X1        1  0.4   32   +39     876 F 
g373600__6783/A                                    +0     876   
g373600__6783/Y      NOR2X1         1  0.4   28   +37     913 R 
g373588__2883/A                                    +0     913   
g373588__2883/Y      NAND2X1        1  0.3   29   +37     950 F 
data_out_reg[2]/D    DFFRHQX1                      +0     950   
data_out_reg[2]/CK   setup                    0   +36     986 R 
- - - - - - - - - - - - - - - - - - - - - - - - - - - - - - - - 
(clock clk)          capture                              986 R 
----------------------------------------------------------------
Cost Group   : 'clk' (path_group 'clk')
Timing slack :       0ps 
Start-point  : sp_reg[3]/CK
End-point    : data_out_reg[2]/D

path   4:

       Pin            Type     Fanout Load Slew Delay Arrival   
                                      (fF) (ps)  (ps)   (ps)    
----------------------------------------------------------------
(clock clk)          launch                                 0 R 
sp_reg[0]/CK                                  0    +0       0 R 
sp_reg[0]/Q          DFFRHQX1       4  1.6   30  +125     125 F 
g399465/B                                          +0     125   
g399465/Y            NOR2X1         4  1.4   53   +45     170 R 
g399442/A                                          +0     170   
g399442/Y            INVX1          3  1.2   29   +40     210 F 
g399407/B                                          +0     210   
g399407/Y            NOR2X1         2  0.8   38   +36     246 R 
g399354/B                                          +0     246   
g399354/Y            NOR2X1         1  0.4   20   +28     275 F 
g399209/B                                          +0     275   
g399209/Y            NOR2X1         2  0.6   32   +29     304 R 
g399186/A                                          +0     304   
g399186/Y            INVX1          3  0.8   21   +27     331 F 
g403304/A                                          +0     331   
g403304/Y            OR2X1          4  1.6   32   +76     407 F 
g403306/A                                          +0     407   
g403306/Y            INVX1          4  1.6   29   +31     438 R 
g403305/B                                          +0     438   
g403305/Y            NAND2X1        4  1.0   49   +45     483 F 
g403047/A                                          +0     483   
g403047/Y            OR2X1          7  2.8   50   +95     578 F 
fopt403048/A                                       +0     578   
fopt403048/Y         INVX1          8  3.2   52   +50     628 R 
fopt401776/A                                       +0     628   
fopt401776/Y         INVX1          5  2.0   41   +46     674 F 
g374997/A                                          +0     674   
g374997/Y            NOR2X1         1  0.4   27   +40     715 R 
g374348__6417/A                                    +0     715   
g374348__6417/Y      NOR2X1         1  0.4   21   +28     743 F 
g373998__8246/A                                    +0     743   
g373998__8246/Y      NAND2X1        1  0.2   15   +20     763 R 
g373838__9315/A                                    +0     763   
g373838__9315/Y      OR2X1          1  0.4   12   +44     807 R 
g373697__6161/A                                    +0     807   
g373697__6161/Y      NOR2X1         1  0.4   19   +22     828 F 
g373644__2883/B                                    +0     828   
g373644__2883/Y      NAND2X1        1  0.4   17   +18     846 R 
g373614__9315/A                                    +0     846   
g373614__9315/Y      NOR2X1         1  0.4   19   +24     870 F 
g373597__4319/B                                    +0     870   
g373597__4319/Y      NAND2X1        1  0.4   17   +19     889 R 
g373589__2346/B                                    +0     889   
g373589__2346/Y      NOR2X1         1  0.4   19   +19     908 F 
g373587__9945/B                                    +0     908   
g373587__9945/Y      NAND2X1        1  0.3   16   +18     926 R 
data_out_reg[1]/D    DFFRHQX1                      +0     926   
data_out_reg[1]/CK   setup                    0   +60     986 R 
- - - - - - - - - - - - - - - - - - - - - - - - - - - - - - - - 
(clock clk)          capture                              986 R 
----------------------------------------------------------------
Cost Group   : 'clk' (path_group 'clk')
Timing slack :       0ps 
Start-point  : sp_reg[0]/CK
End-point    : data_out_reg[1]/D

path   5:

       Pin            Type     Fanout Load Slew Delay Arrival   
                                      (fF) (ps)  (ps)   (ps)    
----------------------------------------------------------------
(clock clk)          launch                                 0 R 
sp_reg[0]/CK                                  0    +0       0 R 
sp_reg[0]/Q          DFFRHQX1       4  1.6   30  +125     125 F 
g399465/B                                          +0     125   
g399465/Y            NOR2X1         4  1.4   53   +45     170 R 
g399442/A                                          +0     170   
g399442/Y            INVX1          3  1.2   29   +40     210 F 
g399407/B                                          +0     210   
g399407/Y            NOR2X1         2  0.8   38   +36     246 R 
g399354/B                                          +0     246   
g399354/Y            NOR2X1         1  0.4   20   +28     275 F 
g399209/B                                          +0     275   
g399209/Y            NOR2X1         2  0.6   32   +29     304 R 
g399186/A                                          +0     304   
g399186/Y            INVX1          3  0.8   21   +27     331 F 
g397381/B                                          +0     331   
g397381/Y            OR2X1          4  1.6   32   +69     401 F 
g393950/A                                          +0     401   
g393950/Y            INVX1          5  1.4   26   +30     430 R 
g403079/B                                          +0     430   
g403079/Y            NAND2X1        4  1.0   48   +44     474 F 
g388501/A                                          +0     474   
g388501/Y            INVX1          2  0.8   21   +32     507 R 
g386715/B                                          +0     507   
g386715/Y            NAND2X1        2  0.8   43   +38     545 F 
fopt401047/A                                       +0     545   
fopt401047/Y         INVX1          3  1.2   25   +33     578 R 
fopt401039/A                                       +0     578   
fopt401039/Y         INVX1          5  2.0   37   +34     612 F 
fopt401037/A                                       +0     612   
fopt401037/Y         INVX1          3  1.2   24   +30     642 R 
fopt401032/A                                       +0     642   
fopt401032/Y         INVX1          1  0.4   14   +21     663 F 
fopt401028/A                                       +0     663   
fopt401028/Y         INVX1          4  1.6   26   +23     686 R 
fopt401029/A                                       +0     686   
fopt401029/Y         INVX1          4  1.6   32   +32     718 F 
g375250/A                                          +0     718   
g375250/Y            NOR2X1         1  0.4   26   +36     754 R 
g374492__6260/A                                    +0     754   
g374492__6260/Y      NOR2X1         1  0.4   21   +28     782 F 
g374078__1617/A                                    +0     782   
g374078__1617/Y      NAND2X1        1  0.4   17   +22     804 R 
g373850__8428/A                                    +0     804   
g373850__8428/Y      NOR2X1         1  0.4   19   +24     828 F 
g373659__2802/B                                    +0     828   
g373659__2802/Y      NAND2X1        1  0.4   17   +19     846 R 
g373621__5477/B                                    +0     846   
g373621__5477/Y      NOR2X1         1  0.4   19   +19     865 F 
g373602__1617/A                                    +0     865   
g373602__1617/Y      NAND2X1        1  0.4   17   +21     886 R 
g373592__6417/B                                    +0     886   
g373592__6417/Y      NOR2X1         1  0.4   19   +19     905 F 
g373587__9945/A                                    +0     905   
g373587__9945/Y      NAND2X1        1  0.3   16   +20     926 R 
data_out_reg[1]/D    DFFRHQX1                      +0     926   
data_out_reg[1]/CK   setup                    0   +60     986 R 
- - - - - - - - - - - - - - - - - - - - - - - - - - - - - - - - 
(clock clk)          capture                              986 R 
----------------------------------------------------------------
Cost Group   : 'clk' (path_group 'clk')
Timing slack :       0ps 
Start-point  : sp_reg[0]/CK
End-point    : data_out_reg[1]/D

path   6:

       Pin            Type     Fanout Load Slew Delay Arrival   
                                      (fF) (ps)  (ps)   (ps)    
----------------------------------------------------------------
(clock clk)          launch                                 0 R 
sp_reg[3]/CK                                  0    +0       0 R 
sp_reg[3]/Q          DFFRHQX1       4  1.6   30  +125     125 F 
g403073/B                                          +0     125   
g403073/Y            NOR2X1         3  1.2   48   +42     167 R 
g399402/B                                          +0     167   
g399402/Y            NAND2X1        1  0.4   34   +44     211 F 
g399358/B                                          +0     211   
g399358/Y            NOR2X1         2  0.8   38   +38     249 R 
g402824/B                                          +0     249   
g402824/Y            NOR2X1         2  0.8   24   +32     281 F 
g397857_dup/B                                      +0     281   
g397857_dup/Y        NOR2X1         3  0.8   37   +34     315 R 
g403358/B                                          +0     315   
g403358/Y            OR2X1          6  2.2   35   +58     373 R 
g403406/B                                          +0     373   
g403406/Y            OR2X1          2  0.6   15   +46     419 R 
g403361/A                                          +0     419   
g403361/Y            INVX1          3  1.2   24   +23     442 F 
g386697/B                                          +0     442   
g386697/Y            NAND2X1        3  1.2   26   +26     468 R 
fopt402566/A                                       +0     468   
fopt402566/Y         INVX1         12  4.8   78   +57     526 F 
g380051/B                                          +0     526   
g380051/Y            NAND2X1        1  0.4   23   +44     570 R 
g377636/B                                          +0     570   
g377636/Y            NAND2X1        1  0.4   31   +33     603 F 
g376094/A                                          +0     603   
g376094/Y            NAND2X1        1  0.4   19   +26     629 R 
g374925/B                                          +0     629   
g374925/Y            NAND2X1        1  0.4   31   +31     660 F 
g374310__5115/A                                    +0     660   
g374310__5115/Y      NOR2X1         1  0.4   28   +36     696 R 
g373975__7482/A                                    +0     696   
g373975__7482/Y      NAND2X1        1  0.4   32   +39     735 F 
g373795__5526/A                                    +0     735   
g373795__5526/Y      NOR2X1         1  0.4   28   +37     772 R 
g373691__7098/A                                    +0     772   
g373691__7098/Y      NAND2X1        1  0.4   32   +39     810 F 
g373611__7482/A                                    +0     810   
g373611__7482/Y      NOR2X1         1  0.4   28   +37     847 R 
g373597__4319/A                                    +0     847   
g373597__4319/Y      NAND2X1        1  0.4   32   +39     886 F 
g373589__2346/B                                    +0     886   
g373589__2346/Y      NOR2X1         1  0.4   28   +31     917 R 
g373587__9945/B                                    +0     917   
g373587__9945/Y      NAND2X1        1  0.3   29   +33     950 F 
data_out_reg[1]/D    DFFRHQX1                      +0     950   
data_out_reg[1]/CK   setup                    0   +36     986 R 
- - - - - - - - - - - - - - - - - - - - - - - - - - - - - - - - 
(clock clk)          capture                              986 R 
----------------------------------------------------------------
Cost Group   : 'clk' (path_group 'clk')
Timing slack :       0ps 
Start-point  : sp_reg[3]/CK
End-point    : data_out_reg[1]/D

path   7:

       Pin            Type     Fanout Load Slew Delay Arrival   
                                      (fF) (ps)  (ps)   (ps)    
----------------------------------------------------------------
(clock clk)          launch                                 0 R 
sp_reg[7]/CK                                  0    +0       0 R 
sp_reg[7]/Q          DFFRHQX1       4  1.6   30  +125     125 F 
g399419/B                                          +0     125   
g399419/Y            NOR2X1         1  0.4   28   +31     155 R 
g399385/B                                          +0     155   
g399385/Y            NAND2X1        1  0.4   32   +35     190 F 
g399356/B                                          +0     190   
g399356/Y            NOR2X1         1  0.4   28   +31     221 R 
g399267/B                                          +0     221   
g399267/Y            NAND2X1        2  0.8   43   +41     262 F 
g397389/B                                          +0     262   
g397389/Y            XOR2X1         6  2.0   39   +83     346 F 
fopt401264/A                                       +0     346   
fopt401264/Y         INVX1          2  0.8   20   +28     374 R 
g390483/B                                          +0     374   
g390483/Y            NOR2X1         3  0.8   25   +23     397 F 
g386737/B                                          +0     397   
g386737/Y            AND2X1         4  1.6   31   +54     451 F 
fopt401090/A                                       +0     451   
fopt401090/Y         INVX1          4  1.6   29   +30     482 R 
fopt401086/A                                       +0     482   
fopt401086/Y         INVX1          2  0.8   20   +26     508 F 
fopt401085/A                                       +0     508   
fopt401085/Y         INVX1          4  1.6   27   +26     534 R 
fopt401083/A                                       +0     534   
fopt401083/Y         INVX1          2  0.8   20   +26     559 F 
g380823/B                                          +0     559   
g380823/Y            NAND2X1        1  0.4   17   +19     578 R 
g378166/B                                          +0     578   
g378166/Y            NAND2X1        1  0.4   31   +30     608 F 
g376546/A                                          +0     608   
g376546/Y            NOR2X1         1  0.4   28   +36     644 R 
g375177/B                                          +0     644   
g375177/Y            NOR2X1         1  0.4   21   +24     668 F 
g374455__9945/A                                    +0     668   
g374455__9945/Y      NOR2X1         1  0.4   28   +32     700 R 
g374059__7482/A                                    +0     700   
g374059__7482/Y      NAND2X1        1  0.4   32   +39     739 F 
g373839__9945/A                                    +0     739   
g373839__9945/Y      NOR2X1         1  0.4   28   +36     776 R 
g373700__2883/B                                    +0     776   
g373700__2883/Y      NAND2X1        1  0.4   32   +35     810 F 
g373653__4319/B                                    +0     810   
g373653__4319/Y      NOR2X1         1  0.4   28   +31     842 R 
g373619__7410/B                                    +0     842   
g373619__7410/Y      NAND2X1        1  0.4   32   +35     876 F 
g373592__6417/A                                    +0     876   
g373592__6417/Y      NOR2X1         1  0.4   28   +37     913 R 
g373587__9945/A                                    +0     913   
g373587__9945/Y      NAND2X1        1  0.3   29   +37     950 F 
data_out_reg[1]/D    DFFRHQX1                      +0     950   
data_out_reg[1]/CK   setup                    0   +36     986 R 
- - - - - - - - - - - - - - - - - - - - - - - - - - - - - - - - 
(clock clk)          capture                              986 R 
----------------------------------------------------------------
Cost Group   : 'clk' (path_group 'clk')
Timing slack :       0ps 
Start-point  : sp_reg[7]/CK
End-point    : data_out_reg[1]/D

path   8:

       Pin            Type     Fanout Load Slew Delay Arrival   
                                      (fF) (ps)  (ps)   (ps)    
----------------------------------------------------------------
(clock clk)          launch                                 0 R 
sp_reg[7]/CK                                  0    +0       0 R 
sp_reg[7]/Q          DFFRHQX1       4  1.6   30  +125     125 F 
g399419/B                                          +0     125   
g399419/Y            NOR2X1         1  0.4   28   +31     155 R 
g399385/B                                          +0     155   
g399385/Y            NAND2X1        1  0.4   32   +35     190 F 
g399356/B                                          +0     190   
g399356/Y            NOR2X1         1  0.4   28   +31     221 R 
g399267/B                                          +0     221   
g399267/Y            NAND2X1        2  0.8   43   +41     262 F 
g397389/B                                          +0     262   
g397389/Y            XOR2X1         6  2.0   39   +83     346 F 
fopt401264/A                                       +0     346   
fopt401264/Y         INVX1          2  0.8   20   +28     374 R 
g390483/B                                          +0     374   
g390483/Y            NOR2X1         3  0.8   25   +23     397 F 
g388507/A                                          +0     397   
g388507/Y            INVX1          2  0.4   13   +20     417 R 
g386752/B                                          +0     417   
g386752/Y            OR2X1          3  1.2   22   +43     460 R 
fopt401532/A                                       +0     460   
fopt401532/Y         INVX1          4  1.6   31   +30     489 F 
fopt401514/A                                       +0     489   
fopt401514/Y         INVX1          2  0.8   18   +25     514 R 
fopt401513/A                                       +0     514   
fopt401513/Y         INVX1          4  1.6   30   +28     542 F 
g380669/B                                          +0     542   
g380669/Y            NAND2X1        1  0.4   17   +23     566 R 
g378067/A                                          +0     566   
g378067/Y            NAND2X1        1  0.4   31   +34     600 F 
g376459/B                                          +0     600   
g376459/Y            NOR2X1         1  0.4   28   +31     631 R 
g375129/B                                          +0     631   
g375129/Y            NOR2X1         1  0.4   22   +24     654 F 
g374426__9315/A                                    +0     654   
g374426__9315/Y      NOR2X1         1  0.4   27   +33     687 R 
g374043__5107/A                                    +0     687   
g374043__5107/Y      NAND2X1        1  0.4   32   +38     726 F 
g373833__1881/A                                    +0     726   
g373833__1881/Y      NOR2X1         1  0.4   28   +36     762 R 
g373711__5526/A                                    +0     762   
g373711__5526/Y      NAND2X1        1  0.4   32   +39     801 F 
g373663__7098/A                                    +0     801   
g373663__7098/Y      NOR2X1         1  0.4   28   +37     838 R 
g373619__7410/A                                    +0     838   
g373619__7410/Y      NAND2X1        1  0.4   32   +39     876 F 
g373592__6417/A                                    +0     876   
g373592__6417/Y      NOR2X1         1  0.4   28   +37     913 R 
g373587__9945/A                                    +0     913   
g373587__9945/Y      NAND2X1        1  0.3   29   +37     950 F 
data_out_reg[1]/D    DFFRHQX1                      +0     950   
data_out_reg[1]/CK   setup                    0   +36     986 R 
- - - - - - - - - - - - - - - - - - - - - - - - - - - - - - - - 
(clock clk)          capture                              986 R 
----------------------------------------------------------------
Cost Group   : 'clk' (path_group 'clk')
Timing slack :       0ps 
Start-point  : sp_reg[7]/CK
End-point    : data_out_reg[1]/D

path   9:

       Pin            Type     Fanout Load Slew Delay Arrival   
                                      (fF) (ps)  (ps)   (ps)    
----------------------------------------------------------------
(clock clk)          launch                                 0 R 
sp_reg[3]/CK                                  0    +0       0 R 
sp_reg[3]/Q          DFFRHQX1       4  1.6   30  +125     125 F 
g403073/B                                          +0     125   
g403073/Y            NOR2X1         3  1.2   48   +42     167 R 
g402999_dup/A                                      +0     167   
g402999_dup/Y        NAND2X1        1  0.4   33   +47     214 F 
g403077/A                                          +0     214   
g403077/Y            NOR2X1         2  0.8   38   +43     257 R 
g399250/B                                          +0     257   
g399250/Y            NOR2X1         1  0.4   20   +29     286 F 
g398249/B                                          +0     286   
g398249/Y            NOR2X1         2  0.8   36   +32     318 R 
fopt402878/A                                       +0     318   
fopt402878/Y         INVX1          3  1.2   27   +33     351 F 
fopt402870/A                                       +0     351   
fopt402870/Y         INVX1          3  1.2   23   +26     377 R 
fopt402866/A                                       +0     377   
fopt402866/Y         INVX1          1  0.4   14   +20     397 F 
g397372/A                                          +0     397   
g397372/Y            NAND2X1        2  0.6   19   +20     417 R 
g386703/B                                          +0     417   
g386703/Y            OR2X1         12  4.8   68   +70     487 R 
g383406/A                                          +0     487   
g383406/Y            INVX1          8  3.2   61   +64     551 F 
g378434/B                                          +0     551   
g378434/Y            NAND2X1        1  0.2   18   +35     586 R 
g378092/A                                          +0     586   
g378092/Y            AND2X1         1  0.4   14   +64     650 R 
g376480/B                                          +0     650   
g376480/Y            NAND2X1        1  0.4   30   +29     679 F 
g375300/A                                          +0     679   
g375300/Y            NAND2X1        1  0.4   19   +26     705 R 
g374529__5122/A                                    +0     705   
g374529__5122/Y      NAND2X1        1  0.4   31   +35     740 F 
g373835__7482/B                                    +0     740   
g373835__7482/Y      NOR2X1         1  0.4   28   +31     770 R 
g373713__3680/B                                    +0     770   
g373713__3680/Y      NAND2X1        1  0.4   32   +35     805 F 
g373653__4319/A                                    +0     805   
g373653__4319/Y      NOR2X1         1  0.4   28   +37     842 R 
g373619__7410/B                                    +0     842   
g373619__7410/Y      NAND2X1        1  0.4   32   +35     876 F 
g373592__6417/A                                    +0     876   
g373592__6417/Y      NOR2X1         1  0.4   28   +37     913 R 
g373587__9945/A                                    +0     913   
g373587__9945/Y      NAND2X1        1  0.3   29   +37     950 F 
data_out_reg[1]/D    DFFRHQX1                      +0     950   
data_out_reg[1]/CK   setup                    0   +36     986 R 
- - - - - - - - - - - - - - - - - - - - - - - - - - - - - - - - 
(clock clk)          capture                              986 R 
----------------------------------------------------------------
Cost Group   : 'clk' (path_group 'clk')
Timing slack :       0ps 
Start-point  : sp_reg[3]/CK
End-point    : data_out_reg[1]/D

path  10:

       Pin            Type     Fanout Load Slew Delay Arrival   
                                      (fF) (ps)  (ps)   (ps)    
----------------------------------------------------------------
(clock clk)          launch                                 0 R 
sp_reg[0]/CK                                  0    +0       0 R 
sp_reg[0]/Q          DFFRHQX1       4  1.6   30  +125     125 F 
g399465/B                                          +0     125   
g399465/Y            NOR2X1         4  1.4   53   +45     170 R 
g399442/A                                          +0     170   
g399442/Y            INVX1          3  1.2   29   +40     210 F 
g399392/B                                          +0     210   
g399392/Y            NOR2X1         2  0.8   38   +36     246 R 
g399357/B                                          +0     246   
g399357/Y            NOR2X1         1  0.4   20   +28     275 F 
g399271/B                                          +0     275   
g399271/Y            NOR2X1         2  0.6   31   +29     304 R 
g402712/A                                          +0     304   
g402712/Y            INVX1          3  1.0   24   +29     333 F 
g402713/A                                          +0     333   
g402713/Y            INVX1          2  0.8   18   +22     354 R 
g402715/A                                          +0     354   
g402715/Y            INVX1          3  1.0   22   +23     377 F 
g402821/B                                          +0     377   
g402821/Y            OR2X1          3  1.2   27   +66     443 F 
g390496/B                                          +0     443   
g390496/Y            NOR2X1        13  5.2  149   +99     543 R 
g384786/B                                          +0     543   
g384786/Y            NAND2X1        1  0.4   46   +88     631 F 
g379054/A                                          +0     631   
g379054/Y            NAND2X1        1  0.2   18   +31     662 R 
g376963/A                                          +0     662   
g376963/Y            AND2X1         1  0.4   14   +64     726 R 
g375509/B                                          +0     726   
g375509/Y            NOR2X1         1  0.4   21   +17     744 F 
g374597/B                                          +0     744   
g374597/Y            NAND2X1        1  0.4   19   +19     763 R 
g374123__7410/A                                    +0     763   
g374123__7410/Y      NOR2X1         1  0.4   20   +25     788 F 
g373874__2398/B                                    +0     788   
g373874__2398/Y      NAND2X1        1  0.4   17   +19     806 R 
g373730__1666/B                                    +0     806   
g373730__1666/Y      NOR2X1         1  0.4   20   +19     825 F 
g373660__1705/B                                    +0     825   
g373660__1705/Y      NAND2X1        1  0.4   17   +19     844 R 
g373623__5107/B                                    +0     844   
g373623__5107/Y      NOR2X1         1  0.4   19   +19     863 F 
g373601__3680/A                                    +0     863   
g373601__3680/Y      NAND2X1        1  0.4   17   +21     884 R 
g373591__7410/A                                    +0     884   
g373591__7410/Y      NOR2X1         1  0.4   19   +24     908 F 
g373586__9315/B                                    +0     908   
g373586__9315/Y      NAND2X1        1  0.3   16   +18     926 R 
data_out_reg[0]/D    DFFRHQX1                      +0     926   
data_out_reg[0]/CK   setup                    0   +60     986 R 
- - - - - - - - - - - - - - - - - - - - - - - - - - - - - - - - 
(clock clk)          capture                              986 R 
----------------------------------------------------------------
Cost Group   : 'clk' (path_group 'clk')
Timing slack :       0ps 
Start-point  : sp_reg[0]/CK
End-point    : data_out_reg[0]/D

path  11:

       Pin            Type     Fanout Load Slew Delay Arrival   
                                      (fF) (ps)  (ps)   (ps)    
----------------------------------------------------------------
(clock clk)          launch                                 0 R 
sp_reg[0]/CK                                  0    +0       0 R 
sp_reg[0]/Q          DFFRHQX1       4  1.6   30  +125     125 F 
g399465/B                                          +0     125   
g399465/Y            NOR2X1         4  1.4   53   +45     170 R 
g399442/A                                          +0     170   
g399442/Y            INVX1          3  1.2   29   +40     210 F 
g399392/B                                          +0     210   
g399392/Y            NOR2X1         2  0.8   38   +36     246 R 
g399357/B                                          +0     246   
g399357/Y            NOR2X1         1  0.4   20   +28     275 F 
g399271/B                                          +0     275   
g399271/Y            NOR2X1         2  0.6   31   +29     304 R 
g402712/A                                          +0     304   
g402712/Y            INVX1          3  1.0   24   +29     333 F 
g402711/A                                          +0     333   
g402711/Y            INVX1          4  1.6   28   +27     360 R 
g403009/A                                          +0     360   
g403009/Y            INVX1          2  0.8   20   +26     386 F 
g402716_dup/A                                      +0     386   
g402716_dup/Y        INVX1          2  0.8   17   +20     406 R 
g403011/A                                          +0     406   
g403011/Y            NAND2X1        2  0.8   42   +41     446 F 
g397391/A                                          +0     446   
g397391/Y            INVX1          1  0.4   15   +27     473 R 
g397374/B                                          +0     473   
g397374/Y            NAND2X1        4  0.8   42   +36     509 F 
g386704/B                                          +0     509   
g386704/Y            OR2X1          5  2.0   38   +79     588 F 
g383418/A                                          +0     588   
g383418/Y            INVX1         14  5.4   78   +61     649 R 
g377724/B                                          +0     649   
g377724/Y            AND2X1         1  0.4   14   +91     740 R 
g376174/B                                          +0     740   
g376174/Y            NOR2X1         1  0.4   21   +17     757 F 
g374954/B                                          +0     757   
g374954/Y            NAND2X1        1  0.4   19   +19     776 R 
g373971__7098/B                                    +0     776   
g373971__7098/Y      NOR2X1         1  0.4   20   +20     796 F 
g373812__2883/B                                    +0     796   
g373812__2883/Y      NAND2X1        1  0.2   14   +17     813 R 
g373681__4319/B                                    +0     813   
g373681__4319/Y      OR2X1          1  0.4   12   +38     851 R 
g373634__8246/B                                    +0     851   
g373634__8246/Y      NOR2X1         1  0.4   19   +17     868 F 
g373607__7098/B                                    +0     868   
g373607__7098/Y      NAND2X1        1  0.4   17   +19     886 R 
g373596__6260/B                                    +0     886   
g373596__6260/Y      NOR2X1         1  0.4   19   +19     905 F 
g373586__9315/A                                    +0     905   
g373586__9315/Y      NAND2X1        1  0.3   16   +20     926 R 
data_out_reg[0]/D    DFFRHQX1                      +0     926   
data_out_reg[0]/CK   setup                    0   +60     986 R 
- - - - - - - - - - - - - - - - - - - - - - - - - - - - - - - - 
(clock clk)          capture                              986 R 
----------------------------------------------------------------
Cost Group   : 'clk' (path_group 'clk')
Timing slack :       0ps 
Start-point  : sp_reg[0]/CK
End-point    : data_out_reg[0]/D

path  12:

       Pin            Type     Fanout Load Slew Delay Arrival   
                                      (fF) (ps)  (ps)   (ps)    
----------------------------------------------------------------
(clock clk)          launch                                 0 R 
sp_reg[3]/CK                                  0    +0       0 R 
sp_reg[3]/Q          DFFRHQX1       4  1.6   30  +125     125 F 
g403073/B                                          +0     125   
g403073/Y            NOR2X1         3  1.2   48   +42     167 R 
g402999_dup/A                                      +0     167   
g402999_dup/Y        NAND2X1        1  0.4   33   +47     214 F 
g403077/A                                          +0     214   
g403077/Y            NOR2X1         2  0.8   38   +43     257 R 
g399250/B                                          +0     257   
g399250/Y            NOR2X1         1  0.4   20   +29     286 F 
g398249/B                                          +0     286   
g398249/Y            NOR2X1         2  0.8   36   +32     318 R 
fopt402878/A                                       +0     318   
fopt402878/Y         INVX1          3  1.2   27   +33     351 F 
fopt402870/A                                       +0     351   
fopt402870/Y         INVX1          3  1.2   23   +26     377 R 
fopt402866/A                                       +0     377   
fopt402866/Y         INVX1          1  0.4   14   +20     397 F 
g397372/A                                          +0     397   
g397372/Y            NAND2X1        2  0.6   19   +20     417 R 
g386703/B                                          +0     417   
g386703/Y            OR2X1         12  4.8   68   +70     487 R 
g383407/A                                          +0     487   
g383407/Y            INVX1          8  3.2   61   +64     551 F 
g378432/B                                          +0     551   
g378432/Y            NAND2X1        1  0.2   18   +35     586 R 
g378048/A                                          +0     586   
g378048/Y            AND2X1         1  0.4   14   +64     650 R 
g376281/B                                          +0     650   
g376281/Y            NAND2X1        1  0.4   30   +29     679 F 
g375321/A                                          +0     679   
g375321/Y            NAND2X1        1  0.4   18   +26     705 R 
g374528__1705/B                                    +0     705   
g374528__1705/Y      NAND2X1        1  0.4   31   +31     735 F 
g373754__9315/A                                    +0     735   
g373754__9315/Y      NOR2X1         1  0.4   28   +36     772 R 
g373673__2346/B                                    +0     772   
g373673__2346/Y      NAND2X1        1  0.4   32   +35     806 F 
g373629__3680/A                                    +0     806   
g373629__3680/Y      NOR2X1         1  0.4   28   +37     843 R 
g373607__7098/A                                    +0     843   
g373607__7098/Y      NAND2X1        1  0.4   32   +39     882 F 
g373596__6260/B                                    +0     882   
g373596__6260/Y      NOR2X1         1  0.4   28   +31     913 R 
g373586__9315/A                                    +0     913   
g373586__9315/Y      NAND2X1        1  0.3   29   +37     950 F 
data_out_reg[0]/D    DFFRHQX1                      +0     950   
data_out_reg[0]/CK   setup                    0   +36     986 R 
- - - - - - - - - - - - - - - - - - - - - - - - - - - - - - - - 
(clock clk)          capture                              986 R 
----------------------------------------------------------------
Cost Group   : 'clk' (path_group 'clk')
Timing slack :       0ps 
Start-point  : sp_reg[3]/CK
End-point    : data_out_reg[0]/D

path  13:

       Pin            Type     Fanout Load Slew Delay Arrival   
                                      (fF) (ps)  (ps)   (ps)    
----------------------------------------------------------------
(clock clk)          launch                                 0 R 
sp_reg[7]/CK                                  0    +0       0 R 
sp_reg[7]/Q          DFFRHQX1       4  1.6   30  +125     125 F 
g399419/B                                          +0     125   
g399419/Y            NOR2X1         1  0.4   28   +31     155 R 
g399385/B                                          +0     155   
g399385/Y            NAND2X1        1  0.4   32   +35     190 F 
g399356/B                                          +0     190   
g399356/Y            NOR2X1         1  0.4   28   +31     221 R 
g399267/B                                          +0     221   
g399267/Y            NAND2X1        2  0.8   43   +41     262 F 
g397389/B                                          +0     262   
g397389/Y            XOR2X1         6  2.0   39   +83     346 F 
fopt401264/A                                       +0     346   
fopt401264/Y         INVX1          2  0.8   20   +28     374 R 
g390483/B                                          +0     374   
g390483/Y            NOR2X1         3  0.8   25   +23     397 F 
g386737/B                                          +0     397   
g386737/Y            AND2X1         4  1.6   31   +54     451 F 
fopt401090/A                                       +0     451   
fopt401090/Y         INVX1          4  1.6   29   +30     482 R 
fopt401086/A                                       +0     482   
fopt401086/Y         INVX1          2  0.8   20   +26     508 F 
fopt401085/A                                       +0     508   
fopt401085/Y         INVX1          4  1.6   27   +26     534 R 
fopt401082/A                                       +0     534   
fopt401082/Y         INVX1          2  0.8   20   +26     559 F 
g379932/B                                          +0     559   
g379932/Y            NAND2X1        1  0.4   17   +19     578 R 
g377547/B                                          +0     578   
g377547/Y            NAND2X1        1  0.4   31   +30     608 F 
g376007/A                                          +0     608   
g376007/Y            NOR2X1         1  0.4   28   +36     644 R 
g374886/B                                          +0     644   
g374886/Y            NOR2X1         1  0.4   23   +24     668 F 
g374276__1705/A                                    +0     668   
g374276__1705/Y      NOR2X1         1  0.4   26   +33     701 R 
g373953__2346/B                                    +0     701   
g373953__2346/Y      NAND2X1        1  0.4   32   +34     735 F 
g373858__8246/A                                    +0     735   
g373858__8246/Y      NOR2X1         1  0.4   28   +36     772 R 
g373689__5122/B                                    +0     772   
g373689__5122/Y      NAND2X1        1  0.4   32   +35     806 F 
g373639__7482/B                                    +0     806   
g373639__7482/Y      NOR2X1         1  0.4   28   +31     838 R 
g373618__1666/A                                    +0     838   
g373618__1666/Y      NAND2X1        1  0.4   32   +39     876 F 
g373596__6260/A                                    +0     876   
g373596__6260/Y      NOR2X1         1  0.4   28   +37     913 R 
g373586__9315/A                                    +0     913   
g373586__9315/Y      NAND2X1        1  0.3   29   +37     950 F 
data_out_reg[0]/D    DFFRHQX1                      +0     950   
data_out_reg[0]/CK   setup                    0   +36     986 R 
- - - - - - - - - - - - - - - - - - - - - - - - - - - - - - - - 
(clock clk)          capture                              986 R 
----------------------------------------------------------------
Cost Group   : 'clk' (path_group 'clk')
Timing slack :       0ps 
Start-point  : sp_reg[7]/CK
End-point    : data_out_reg[0]/D

path  14:

       Pin            Type     Fanout Load Slew Delay Arrival   
                                      (fF) (ps)  (ps)   (ps)    
----------------------------------------------------------------
(clock clk)          launch                                 0 R 
sp_reg[3]/CK                                  0    +0       0 R 
sp_reg[3]/Q          DFFRHQX1       4  1.6   30  +125     125 F 
g403073/B                                          +0     125   
g403073/Y            NOR2X1         3  1.2   48   +42     167 R 
g402999_dup/A                                      +0     167   
g402999_dup/Y        NAND2X1        1  0.4   33   +47     214 F 
g403077/A                                          +0     214   
g403077/Y            NOR2X1         2  0.8   38   +43     257 R 
g397856/A                                          +0     257   
g397856/Y            NOR2X1         4  1.0   31   +38     296 F 
fopt403124/A                                       +0     296   
fopt403124/Y         INVX1          2  0.6   16   +23     319 R 
g397388/B                                          +0     319   
g397388/Y            OR2X1          2  0.6   15   +40     358 R 
fopt402547/A                                       +0     358   
fopt402547/Y         INVX1          2  0.8   18   +20     378 F 
fopt402542/A                                       +0     378   
fopt402542/Y         INVX1          2  0.4   12   +16     395 R 
g386745/A                                          +0     395   
g386745/Y            OR2X1          4  1.6   28   +51     446 R 
fopt401457/A                                       +0     446   
fopt401457/Y         INVX1          8  2.4   43   +38     484 F 
fopt401456/A                                       +0     484   
fopt401456/Y         INVX1          3  1.2   25   +33     517 R 
fopt401448/A                                       +0     517   
fopt401448/Y         INVX1          4  1.6   31   +31     548 F 
g380276/B                                          +0     548   
g380276/Y            NAND2X1        1  0.4   17   +24     572 R 
g377787/B                                          +0     572   
g377787/Y            NAND2X1        1  0.4   31   +30     602 F 
g376219/B                                          +0     602   
g376219/Y            NAND2X1        1  0.4   17   +24     626 R 
g374993/B                                          +0     626   
g374993/Y            NAND2X1        1  0.4   31   +30     656 F 
g374337__1881/A                                    +0     656   
g374337__1881/Y      NOR2X1         1  0.4   28   +36     692 R 
g373994__1617/A                                    +0     692   
g373994__1617/Y      NAND2X1        1  0.4   32   +39     731 F 
g373792__6260/A                                    +0     731   
g373792__6260/Y      NOR2X1         1  0.4   28   +37     767 R 
g373689__5122/A                                    +0     767   
g373689__5122/Y      NAND2X1        1  0.4   32   +39     806 F 
g373639__7482/B                                    +0     806   
g373639__7482/Y      NOR2X1         1  0.4   28   +31     838 R 
g373618__1666/A                                    +0     838   
g373618__1666/Y      NAND2X1        1  0.4   32   +39     876 F 
g373596__6260/A                                    +0     876   
g373596__6260/Y      NOR2X1         1  0.4   28   +37     913 R 
g373586__9315/A                                    +0     913   
g373586__9315/Y      NAND2X1        1  0.3   29   +37     950 F 
data_out_reg[0]/D    DFFRHQX1                      +0     950   
data_out_reg[0]/CK   setup                    0   +36     986 R 
- - - - - - - - - - - - - - - - - - - - - - - - - - - - - - - - 
(clock clk)          capture                              986 R 
----------------------------------------------------------------
Cost Group   : 'clk' (path_group 'clk')
Timing slack :       0ps 
Start-point  : sp_reg[3]/CK
End-point    : data_out_reg[0]/D

path  15:

       Pin            Type     Fanout Load Slew Delay Arrival   
                                      (fF) (ps)  (ps)   (ps)    
----------------------------------------------------------------
(clock clk)          launch                                 0 R 
sp_reg[3]/CK                                  0    +0       0 R 
sp_reg[3]/Q          DFFRHQX1       4  1.6   30  +125     125 F 
g403073/B                                          +0     125   
g403073/Y            NOR2X1         3  1.2   48   +42     167 R 
g403075/A                                          +0     167   
g403075/Y            NAND2X1        1  0.4   33   +47     214 F 
g403074/B                                          +0     214   
g403074/Y            NOR2X1         2  0.8   38   +38     252 R 
g399257/B                                          +0     252   
g399257/Y            NOR2X1         1  0.4   20   +28     280 F 
g397856/B                                          +0     280   
g397856/Y            NOR2X1         4  1.0   42   +35     315 R 
fopt403124/A                                       +0     315   
fopt403124/Y         INVX1          2  0.6   19   +30     346 F 
g397388/B                                          +0     346   
g397388/Y            OR2X1          2  0.6   18   +61     406 F 
fopt402547/A                                       +0     406   
fopt402547/Y         INVX1          2  0.8   17   +19     426 R 
fopt402546/A                                       +0     426   
fopt402546/Y         INVX1          4  1.6   30   +27     453 F 
fopt402543/A                                       +0     453   
fopt402543/Y         INVX1          1  0.2   11   +20     473 R 
g381132/B                                          +0     473   
g381132/Y            AND2X1        11  4.4   65   +95     568 R 
g379756/A                                          +0     568   
g379756/Y            INVX1          7  2.8   54   +59     626 F 
g403084/B                                          +0     626   
g403084/Y            NOR2X1         4  1.6   61   +59     685 R 
g375443/B                                          +0     685   
g375443/Y            NAND2X1        1  0.4   36   +49     734 F 
g374924/A                                          +0     734   
g374924/Y            NAND2X1        1  0.4   19   +28     763 R 
g374311__7482/A                                    +0     763   
g374311__7482/Y      NOR2X1         1  0.4   20   +25     787 F 
g373976__4733/A                                    +0     787   
g373976__4733/Y      NAND2X1        1  0.4   17   +21     809 R 
g373796__6783/B                                    +0     809   
g373796__6783/Y      NOR2X1         1  0.4   19   +19     828 F 
g373643__9945/A                                    +0     828   
g373643__9945/Y      NAND2X1        1  0.4   17   +21     849 R 
g373620__6417/B                                    +0     849   
g373620__6417/Y      NOR2X1         1  0.4   19   +19     868 F 
g373599__5526/A                                    +0     868   
g373599__5526/Y      NAND2X1        1  0.4   17   +21     889 R 
g373590__1666/B                                    +0     889   
g373590__1666/Y      NOR2X1         1  0.4   19   +19     908 F 
g373585__6161/B                                    +0     908   
g373585__6161/Y      NAND2X1        1  0.3   16   +18     926 R 
data_out_reg[3]/D    DFFRHQX1                      +0     926   
data_out_reg[3]/CK   setup                    0   +60     986 R 
- - - - - - - - - - - - - - - - - - - - - - - - - - - - - - - - 
(clock clk)          capture                              986 R 
----------------------------------------------------------------
Cost Group   : 'clk' (path_group 'clk')
Timing slack :       0ps 
Start-point  : sp_reg[3]/CK
End-point    : data_out_reg[3]/D

path  16:

       Pin            Type     Fanout Load Slew Delay Arrival   
                                      (fF) (ps)  (ps)   (ps)    
----------------------------------------------------------------
(clock clk)          launch                                 0 R 
sp_reg[5]/CK                                  0    +0       0 R 
sp_reg[5]/Q          DFFRHQX1       3  1.2   24  +121     121 F 
g403073/A                                          +0     121   
g403073/Y            NOR2X1         3  1.2   48   +45     167 R 
g399402/B                                          +0     167   
g399402/Y            NAND2X1        1  0.4   34   +44     210 F 
g399358/B                                          +0     210   
g399358/Y            NOR2X1         2  0.8   38   +38     249 R 
g402824/B                                          +0     249   
g402824/Y            NOR2X1         2  0.8   24   +32     280 F 
g397857_dup/B                                      +0     280   
g397857_dup/Y        NOR2X1         3  0.8   37   +34     314 R 
g402828/B                                          +0     314   
g402828/Y            OR2X1          2  0.6   15   +47     361 R 
fopt403316/A                                       +0     361   
fopt403316/Y         INVX1          2  0.8   18   +20     381 F 
fopt403318/A                                       +0     381   
fopt403318/Y         INVX1          3  1.0   19   +21     402 R 
g403320/B                                          +0     402   
g403320/Y            NOR2X1         4  1.6   38   +30     432 F 
fopt403217/A                                       +0     432   
fopt403217/Y         INVX1          4  1.6   30   +34     465 R 
fopt403211/A                                       +0     465   
fopt403211/Y         INVX1          4  1.6   32   +33     498 F 
g384840/B                                          +0     498   
g384840/Y            NAND2X1        1  0.2   14   +23     521 R 
g380064/A                                          +0     521   
g380064/Y            AND2X1         1  0.4   14   +63     584 R 
g377644/B                                          +0     584   
g377644/Y            NAND2X1        1  0.4   30   +29     612 F 
g376103/B                                          +0     612   
g376103/Y            NOR2X1         1  0.4   28   +31     643 R 
g374932/B                                          +0     643   
g374932/Y            NOR2X1         1  0.4   26   +24     667 F 
g374315__9945/A                                    +0     667   
g374315__9945/Y      NOR2X1         1  0.4   28   +34     701 R 
g373977__6161/A                                    +0     701   
g373977__6161/Y      NAND2X1        1  0.4   32   +39     740 F 
g373796__6783/A                                    +0     740   
g373796__6783/Y      NOR2X1         1  0.4   28   +37     777 R 
g373643__9945/A                                    +0     777   
g373643__9945/Y      NAND2X1        1  0.4   32   +39     816 F 
g373620__6417/B                                    +0     816   
g373620__6417/Y      NOR2X1         1  0.4   28   +31     847 R 
g373599__5526/A                                    +0     847   
g373599__5526/Y      NAND2X1        1  0.4   32   +39     886 F 
g373590__1666/B                                    +0     886   
g373590__1666/Y      NOR2X1         1  0.4   28   +31     917 R 
g373585__6161/B                                    +0     917   
g373585__6161/Y      NAND2X1        1  0.3   29   +33     950 F 
data_out_reg[3]/D    DFFRHQX1                      +0     950   
data_out_reg[3]/CK   setup                    0   +36     986 R 
- - - - - - - - - - - - - - - - - - - - - - - - - - - - - - - - 
(clock clk)          capture                              986 R 
----------------------------------------------------------------
Cost Group   : 'clk' (path_group 'clk')
Timing slack :       0ps 
Start-point  : sp_reg[5]/CK
End-point    : data_out_reg[3]/D

path  17:

       Pin            Type     Fanout Load Slew Delay Arrival   
                                      (fF) (ps)  (ps)   (ps)    
----------------------------------------------------------------
(clock clk)          launch                                 0 R 
sp_reg[5]/CK                                  0    +0       0 R 
sp_reg[5]/Q          DFFRHQX1       3  1.2   24  +121     121 F 
g399419/A                                          +0     121   
g399419/Y            NOR2X1         1  0.4   28   +34     155 R 
g399385/B                                          +0     155   
g399385/Y            NAND2X1        1  0.4   32   +35     190 F 
g399356/B                                          +0     190   
g399356/Y            NOR2X1         1  0.4   28   +31     221 R 
g399267/B                                          +0     221   
g399267/Y            NAND2X1        2  0.8   43   +41     262 F 
g397389/B                                          +0     262   
g397389/Y            XOR2X1         6  2.0   39   +83     346 F 
fopt401264/A                                       +0     346   
fopt401264/Y         INVX1          2  0.8   20   +28     374 R 
g390483/B                                          +0     374   
g390483/Y            NOR2X1         3  0.8   25   +23     397 F 
g386737/B                                          +0     397   
g386737/Y            AND2X1         4  1.6   31   +54     451 F 
fopt401080/A                                       +0     451   
fopt401080/Y         INVX1          2  0.8   18   +25     476 R 
fopt401079/A                                       +0     476   
fopt401079/Y         INVX1          4  1.6   30   +28     504 F 
fopt401075/A                                       +0     504   
fopt401075/Y         INVX1          4  1.6   29   +30     534 R 
fopt401072/A                                       +0     534   
fopt401072/Y         INVX1          2  0.8   20   +26     560 F 
g379652/B                                          +0     560   
g379652/Y            NAND2X1        1  0.4   17   +19     579 R 
g377376/B                                          +0     579   
g377376/Y            NAND2X1        1  0.4   31   +30     609 F 
g375863/B                                          +0     609   
g375863/Y            NOR2X1         1  0.4   28   +31     640 R 
g374798/B                                          +0     640   
g374798/Y            NOR2X1         1  0.4   23   +24     664 F 
g374498__1617/A                                    +0     664   
g374498__1617/Y      NOR2X1         1  0.4   27   +33     697 R 
g374089__6161/A                                    +0     697   
g374089__6161/Y      NAND2X1        1  0.4   31   +38     735 F 
g373776__6131/A                                    +0     735   
g373776__6131/Y      NOR2X1         1  0.4   28   +36     771 R 
g373685__3680/B                                    +0     771   
g373685__3680/Y      NAND2X1        1  0.4   32   +35     806 F 
g373637__1881/A                                    +0     806   
g373637__1881/Y      NOR2X1         1  0.4   28   +37     843 R 
g373609__1881/A                                    +0     843   
g373609__1881/Y      NAND2X1        1  0.4   32   +39     882 F 
g373594__2398/B                                    +0     882   
g373594__2398/Y      NOR2X1         1  0.4   28   +31     913 R 
g373585__6161/A                                    +0     913   
g373585__6161/Y      NAND2X1        1  0.3   29   +37     950 F 
data_out_reg[3]/D    DFFRHQX1                      +0     950   
data_out_reg[3]/CK   setup                    0   +36     986 R 
- - - - - - - - - - - - - - - - - - - - - - - - - - - - - - - - 
(clock clk)          capture                              986 R 
----------------------------------------------------------------
Cost Group   : 'clk' (path_group 'clk')
Timing slack :       0ps 
Start-point  : sp_reg[5]/CK
End-point    : data_out_reg[3]/D

path  18:

       Pin            Type     Fanout Load Slew Delay Arrival   
                                      (fF) (ps)  (ps)   (ps)    
----------------------------------------------------------------
(clock clk)          launch                                 0 R 
sp_reg[0]/CK                                  0    +0       0 R 
sp_reg[0]/Q          DFFRHQX1       4  1.6   30  +125     125 F 
g399465/B                                          +0     125   
g399465/Y            NOR2X1         4  1.4   53   +45     170 R 
g399442/A                                          +0     170   
g399442/Y            INVX1          3  1.2   29   +40     210 F 
g399407/B                                          +0     210   
g399407/Y            NOR2X1         2  0.8   38   +36     246 R 
g399354/B                                          +0     246   
g399354/Y            NOR2X1         1  0.4   20   +28     275 F 
g399209/B                                          +0     275   
g399209/Y            NOR2X1         2  0.6   32   +29     304 R 
g399186/A                                          +0     304   
g399186/Y            INVX1          3  0.8   21   +27     331 F 
g403304/A                                          +0     331   
g403304/Y            OR2X1          4  1.6   32   +76     407 F 
g403306/A                                          +0     407   
g403306/Y            INVX1          4  1.6   29   +31     438 R 
g403353/B                                          +0     438   
g403353/Y            NAND2X1        2  0.6   38   +38     477 F 
g386695/A                                          +0     477   
g386695/Y            NOR2X1         1  0.4   35   +39     516 R 
fopt401855/A                                       +0     516   
fopt401855/Y         INVX1          6  2.4   44   +42     558 F 
fopt401854/A                                       +0     558   
fopt401854/Y         INVX1          7  2.8   46   +45     602 R 
fopt401853/A                                       +0     602   
fopt401853/Y         INVX1          1  0.4   17   +31     633 F 
g381089/A                                          +0     633   
g381089/Y            NOR2X1         4  1.6   57   +48     682 R 
g376754/B                                          +0     682   
g376754/Y            NAND2X1        1  0.4   35   +48     729 F 
g376430/A                                          +0     729   
g376430/Y            NAND2X1        1  0.4   19   +28     758 R 
g374416__1705/B                                    +0     758   
g374416__1705/Y      NOR2X1         1  0.4   21   +20     777 F 
g374037__2346/B                                    +0     777   
g374037__2346/Y      NAND2X1        1  0.4   17   +19     797 R 
g373830__8246/A                                    +0     797   
g373830__8246/Y      NOR2X1         1  0.4   19   +24     820 F 
g373712__6783/B                                    +0     820   
g373712__6783/Y      NAND2X1        1  0.4   17   +19     839 R 
g373652__6260/A                                    +0     839   
g373652__6260/Y      NOR2X1         1  0.4   19   +24     863 F 
g373615__9945/B                                    +0     863   
g373615__9945/Y      NAND2X1        1  0.4   17   +19     881 R 
g373600__6783/A                                    +0     881   
g373600__6783/Y      NOR2X1         1  0.4   19   +24     905 F 
g373588__2883/A                                    +0     905   
g373588__2883/Y      NAND2X1        1  0.3   16   +20     926 R 
data_out_reg[2]/D    DFFRHQX1                      +0     926   
data_out_reg[2]/CK   setup                    0   +60     986 R 
- - - - - - - - - - - - - - - - - - - - - - - - - - - - - - - - 
(clock clk)          capture                              986 R 
----------------------------------------------------------------
Cost Group   : 'clk' (path_group 'clk')
Timing slack :       0ps 
Start-point  : sp_reg[0]/CK
End-point    : data_out_reg[2]/D

path  19:

       Pin            Type     Fanout Load Slew Delay Arrival   
                                      (fF) (ps)  (ps)   (ps)    
----------------------------------------------------------------
(clock clk)          launch                                 0 R 
sp_reg[3]/CK                                  0    +0       0 R 
sp_reg[3]/Q          DFFRHQX1       4  1.6   30  +125     125 F 
g403073/B                                          +0     125   
g403073/Y            NOR2X1         3  1.2   48   +42     167 R 
g399402/B                                          +0     167   
g399402/Y            NAND2X1        1  0.4   34   +44     211 F 
g399358/B                                          +0     211   
g399358/Y            NOR2X1         2  0.8   38   +38     249 R 
g402824/B                                          +0     249   
g402824/Y            NOR2X1         2  0.8   24   +32     281 F 
g397857_dup/B                                      +0     281   
g397857_dup/Y        NOR2X1         3  0.8   37   +34     315 R 
g402828/B                                          +0     315   
g402828/Y            OR2X1          2  0.6   15   +47     362 R 
fopt403316/A                                       +0     362   
fopt403316/Y         INVX1          2  0.8   18   +20     381 F 
fopt403315/A                                       +0     381   
fopt403315/Y         INVX1          2  0.8   17   +19     401 R 
g403314/B                                          +0     401   
g403314/Y            NOR2X1         5  2.0   44   +32     432 F 
fopt400480/A                                       +0     432   
fopt400480/Y         INVX1          2  0.8   20   +31     463 R 
fopt400479/A                                       +0     463   
fopt400479/Y         INVX1          5  2.0   36   +32     495 F 
fopt400478/A                                       +0     495   
fopt400478/Y         INVX1          4  1.6   30   +33     528 R 
fopt400477/A                                       +0     528   
fopt400477/Y         INVX1          4  1.6   32   +33     561 F 
g385030/B                                          +0     561   
g385030/Y            NAND2X1        1  0.4   17   +24     585 R 
g380813/B                                          +0     585   
g380813/Y            NAND2X1        1  0.4   31   +30     615 F 
g376542/A                                          +0     615   
g376542/Y            NOR2X1         1  0.4   28   +36     651 R 
g375175/B                                          +0     651   
g375175/Y            NOR2X1         1  0.4   23   +24     675 F 
g374456__2883/B                                    +0     675   
g374456__2883/Y      NOR2X1         1  0.4   27   +27     702 R 
g374058__5115/A                                    +0     702   
g374058__5115/Y      NAND2X1        1  0.4   31   +38     741 F 
g373840__2883/B                                    +0     741   
g373840__2883/Y      NOR2X1         1  0.4   28   +31     772 R 
g373717__5122/A                                    +0     772   
g373717__5122/Y      NAND2X1        1  0.4   32   +39     810 F 
g373655__5526/B                                    +0     810   
g373655__5526/Y      NOR2X1         1  0.4   28   +31     842 R 
g373603__2802/A                                    +0     842   
g373603__2802/Y      NAND2X1        1  0.4   32   +39     880 F 
g373593__5477/A                                    +0     880   
g373593__5477/Y      NOR2X1         1  0.4   28   +37     917 R 
g373588__2883/B                                    +0     917   
g373588__2883/Y      NAND2X1        1  0.3   29   +33     950 F 
data_out_reg[2]/D    DFFRHQX1                      +0     950   
data_out_reg[2]/CK   setup                    0   +36     986 R 
- - - - - - - - - - - - - - - - - - - - - - - - - - - - - - - - 
(clock clk)          capture                              986 R 
----------------------------------------------------------------
Cost Group   : 'clk' (path_group 'clk')
Timing slack :       0ps 
Start-point  : sp_reg[3]/CK
End-point    : data_out_reg[2]/D

path  20:

       Pin             Type     Fanout Load Slew Delay Arrival   
                                       (fF) (ps)  (ps)   (ps)    
-----------------------------------------------------------------
(clock clk)           launch                                 0 R 
sp_reg[0]/CK                                   0    +0       0 R 
sp_reg[0]/Q           DFFRHQX1       4  1.6   30  +125     125 F 
g399465/B                                           +0     125   
g399465/Y             NOR2X1         4  1.4   53   +45     170 R 
g399442/A                                           +0     170   
g399442/Y             INVX1          3  1.2   29   +40     210 F 
g399392/B                                           +0     210   
g399392/Y             NOR2X1         2  0.8   38   +36     246 R 
g399357/B                                           +0     246   
g399357/Y             NOR2X1         1  0.4   20   +28     275 F 
g399271/B                                           +0     275   
g399271/Y             NOR2X1         2  0.6   31   +29     304 R 
g402712/A                                           +0     304   
g402712/Y             INVX1          3  1.0   24   +29     333 F 
g402711/A                                           +0     333   
g402711/Y             INVX1          4  1.6   28   +27     360 R 
g398715/B                                           +0     360   
g398715/Y             NOR2X1         1  0.4   20   +24     384 F 
g403349/B                                           +0     384   
g403349/Y             NAND2X1        4  1.6   35   +27     411 R 
g402303_dup403351/A                                 +0     411   
g402303_dup403351/Y   INVX1          1  0.4   15   +26     437 F 
g403350/B                                           +0     437   
g403350/Y             NAND2X1        5  2.0   38   +28     465 R 
fopt401140/A                                        +0     465   
fopt401140/Y          INVX1          4  1.4   30   +35     500 F 
fopt401139/A                                        +0     500   
fopt401139/Y          INVX1          4  1.6   29   +30     530 R 
fopt401134/A                                        +0     530   
fopt401134/Y          INVX1          2  0.8   20   +26     557 F 
g380791/B                                           +0     557   
g380791/Y             NAND2X1        1  0.4   17   +19     576 R 
g378137/B                                           +0     576   
g378137/Y             NAND2X1        1  0.4   31   +30     606 F 
g376524/B                                           +0     606   
g376524/Y             NAND2X1        1  0.4   19   +24     629 R 
g375167/B                                           +0     629   
g375167/Y             NAND2X1        1  0.4   31   +31     660 F 
g374446__8246/B                                     +0     660   
g374446__8246/Y       NOR2X1         1  0.4   28   +31     691 R 
g374055__7098/A                                     +0     691   
g374055__7098/Y       NAND2X1        1  0.4   32   +39     730 F 
g373804__6131/A                                     +0     730   
g373804__6131/Y       NOR2X1         1  0.4   28   +37     766 R 
g373716__1705/B                                     +0     766   
g373716__1705/Y       NAND2X1        1  0.4   32   +35     801 F 
g373645__2346/A                                     +0     801   
g373645__2346/Y       NOR2X1         1  0.4   28   +37     838 R 
g373615__9945/A                                     +0     838   
g373615__9945/Y       NAND2X1        1  0.4   32   +39     876 F 
g373600__6783/A                                     +0     876   
g373600__6783/Y       NOR2X1         1  0.4   28   +37     913 R 
g373588__2883/A                                     +0     913   
g373588__2883/Y       NAND2X1        1  0.3   29   +37     950 F 
data_out_reg[2]/D     DFFRHQX1                      +0     950   
data_out_reg[2]/CK    setup                    0   +36     986 R 
- - - - - - - - - - - - - - - - - - - - - - - - - - - - - - - - -
(clock clk)           capture                              986 R 
-----------------------------------------------------------------
Cost Group   : 'clk' (path_group 'clk')
Timing slack :       0ps 
Start-point  : sp_reg[0]/CK
End-point    : data_out_reg[2]/D

path  21:

       Pin            Type     Fanout Load Slew Delay Arrival   
                                      (fF) (ps)  (ps)   (ps)    
----------------------------------------------------------------
(clock clk)          launch                                 0 R 
sp_reg[7]/CK                                  0    +0       0 R 
sp_reg[7]/Q          DFFRHQX1       4  1.6   30  +125     125 F 
g399419/B                                          +0     125   
g399419/Y            NOR2X1         1  0.4   28   +31     155 R 
g399385/B                                          +0     155   
g399385/Y            NAND2X1        1  0.4   32   +35     190 F 
g399356/B                                          +0     190   
g399356/Y            NOR2X1         1  0.4   28   +31     221 R 
g399267/B                                          +0     221   
g399267/Y            NAND2X1        2  0.8   43   +41     262 F 
g397389/B                                          +0     262   
g397389/Y            XOR2X1         6  2.0   39   +83     346 F 
fopt401264/A                                       +0     346   
fopt401264/Y         INVX1          2  0.8   20   +28     374 R 
g390483/B                                          +0     374   
g390483/Y            NOR2X1         3  0.8   25   +23     397 F 
g402687/B                                          +0     397   
g402687/Y            AND2X1         3  1.2   25   +51     448 F 
fopt402254/A                                       +0     448   
fopt402254/Y         INVX1          4  1.6   28   +28     476 R 
fopt401769/A                                       +0     476   
fopt401769/Y         INVX1          4  1.6   32   +32     508 F 
fopt401768/A                                       +0     508   
fopt401768/Y         INVX1          2  0.8   19   +25     534 R 
fopt401767/A                                       +0     534   
fopt401767/Y         INVX1          2  0.8   19   +22     555 F 
g380739/B                                          +0     555   
g380739/Y            NAND2X1        1  0.4   17   +18     573 R 
g378109/A                                          +0     573   
g378109/Y            NAND2X1        1  0.4   31   +34     608 F 
g376499/B                                          +0     608   
g376499/Y            NOR2X1         1  0.4   28   +31     638 R 
g375421/B                                          +0     638   
g375421/Y            NOR2X1         1  0.4   26   +24     662 F 
g374439__5526/B                                    +0     662   
g374439__5526/Y      NOR2X1         1  0.4   27   +29     691 R 
g374050__1617/B                                    +0     691   
g374050__1617/Y      NAND2X1        1  0.4   32   +34     725 F 
g373837__6161/A                                    +0     725   
g373837__6161/Y      NOR2X1         1  0.4   28   +37     762 R 
g373716__1705/A                                    +0     762   
g373716__1705/Y      NAND2X1        1  0.4   32   +39     801 F 
g373645__2346/A                                    +0     801   
g373645__2346/Y      NOR2X1         1  0.4   28   +37     838 R 
g373615__9945/A                                    +0     838   
g373615__9945/Y      NAND2X1        1  0.4   32   +39     876 F 
g373600__6783/A                                    +0     876   
g373600__6783/Y      NOR2X1         1  0.4   28   +37     913 R 
g373588__2883/A                                    +0     913   
g373588__2883/Y      NAND2X1        1  0.3   29   +37     950 F 
data_out_reg[2]/D    DFFRHQX1                      +0     950   
data_out_reg[2]/CK   setup                    0   +36     986 R 
- - - - - - - - - - - - - - - - - - - - - - - - - - - - - - - - 
(clock clk)          capture                              986 R 
----------------------------------------------------------------
Cost Group   : 'clk' (path_group 'clk')
Timing slack :       0ps 
Start-point  : sp_reg[7]/CK
End-point    : data_out_reg[2]/D

path  22:

       Pin            Type     Fanout Load Slew Delay Arrival   
                                      (fF) (ps)  (ps)   (ps)    
----------------------------------------------------------------
(clock clk)          launch                                 0 R 
sp_reg[3]/CK                                  0    +0       0 R 
sp_reg[3]/Q          DFFRHQX1       4  1.6   30  +125     125 F 
g403073/B                                          +0     125   
g403073/Y            NOR2X1         3  1.2   48   +42     167 R 
g402999_dup/A                                      +0     167   
g402999_dup/Y        NAND2X1        1  0.4   33   +47     214 F 
g403077/A                                          +0     214   
g403077/Y            NOR2X1         2  0.8   38   +43     257 R 
g397856/A                                          +0     257   
g397856/Y            NOR2X1         4  1.0   31   +38     296 F 
fopt403124/A                                       +0     296   
fopt403124/Y         INVX1          2  0.6   16   +23     319 R 
g397388/B                                          +0     319   
g397388/Y            OR2X1          2  0.6   15   +40     358 R 
fopt402547/A                                       +0     358   
fopt402547/Y         INVX1          2  0.8   18   +20     378 F 
fopt402542/A                                       +0     378   
fopt402542/Y         INVX1          2  0.4   12   +16     395 R 
g386745/A                                          +0     395   
g386745/Y            OR2X1          4  1.6   28   +51     446 R 
fopt401468/A                                       +0     446   
fopt401468/Y         INVX1          6  2.4   43   +38     484 F 
fopt401462/A                                       +0     484   
fopt401462/Y         INVX1          2  0.8   20   +30     514 R 
fopt401459/A                                       +0     514   
fopt401459/Y         INVX1          4  1.6   31   +29     543 F 
g380715/B                                          +0     543   
g380715/Y            NAND2X1        1  0.4   17   +24     567 R 
g378093/A                                          +0     567   
g378093/Y            NAND2X1        1  0.4   31   +34     601 F 
g376484/B                                          +0     601   
g376484/Y            NAND2X1        1  0.4   19   +24     625 R 
g375143/A                                          +0     625   
g375143/Y            NAND2X1        1  0.4   31   +35     660 F 
g374435__5107/A                                    +0     660   
g374435__5107/Y      NOR2X1         1  0.4   28   +36     696 R 
g374048__6783/A                                    +0     696   
g374048__6783/Y      NAND2X1        1  0.4   32   +39     735 F 
g373834__5115/A                                    +0     735   
g373834__5115/Y      NOR2X1         1  0.4   28   +36     772 R 
g373714__1617/B                                    +0     772   
g373714__1617/Y      NAND2X1        1  0.4   32   +35     806 F 
g373645__2346/B                                    +0     806   
g373645__2346/Y      NOR2X1         1  0.4   28   +31     838 R 
g373615__9945/A                                    +0     838   
g373615__9945/Y      NAND2X1        1  0.4   32   +39     876 F 
g373600__6783/A                                    +0     876   
g373600__6783/Y      NOR2X1         1  0.4   28   +37     913 R 
g373588__2883/A                                    +0     913   
g373588__2883/Y      NAND2X1        1  0.3   29   +37     950 F 
data_out_reg[2]/D    DFFRHQX1                      +0     950   
data_out_reg[2]/CK   setup                    0   +36     986 R 
- - - - - - - - - - - - - - - - - - - - - - - - - - - - - - - - 
(clock clk)          capture                              986 R 
----------------------------------------------------------------
Cost Group   : 'clk' (path_group 'clk')
Timing slack :       0ps 
Start-point  : sp_reg[3]/CK
End-point    : data_out_reg[2]/D

path  23:

       Pin            Type     Fanout Load Slew Delay Arrival   
                                      (fF) (ps)  (ps)   (ps)    
----------------------------------------------------------------
(clock clk)          launch                                 0 R 
sp_reg[5]/CK                                  0    +0       0 R 
sp_reg[5]/Q          DFFRHQX1       3  1.2   24  +121     121 F 
g403073/A                                          +0     121   
g403073/Y            NOR2X1         3  1.2   48   +45     167 R 
g402999_dup/A                                      +0     167   
g402999_dup/Y        NAND2X1        1  0.4   33   +47     214 F 
g403077/A                                          +0     214   
g403077/Y            NOR2X1         2  0.8   38   +43     257 R 
g397856/A                                          +0     257   
g397856/Y            NOR2X1         4  1.0   31   +38     295 F 
fopt403124/A                                       +0     295   
fopt403124/Y         INVX1          2  0.6   16   +23     319 R 
g397388/B                                          +0     319   
g397388/Y            OR2X1          2  0.6   15   +40     358 R 
fopt402547/A                                       +0     358   
fopt402547/Y         INVX1          2  0.8   18   +20     378 F 
fopt402542/A                                       +0     378   
fopt402542/Y         INVX1          2  0.4   12   +16     395 R 
g386745/A                                          +0     395   
g386745/Y            OR2X1          4  1.6   28   +51     446 R 
fopt401457/A                                       +0     446   
fopt401457/Y         INVX1          8  2.4   43   +38     484 F 
fopt401456/A                                       +0     484   
fopt401456/Y         INVX1          3  1.2   25   +33     517 R 
fopt401448/A                                       +0     517   
fopt401448/Y         INVX1          4  1.6   31   +31     548 F 
g380720/B                                          +0     548   
g380720/Y            NAND2X1        1  0.4   17   +24     572 R 
g378098/A                                          +0     572   
g378098/Y            NAND2X1        1  0.4   31   +34     606 F 
g376489/B                                          +0     606   
g376489/Y            NAND2X1        1  0.4   19   +24     630 R 
g375144/A                                          +0     630   
g375144/Y            NAND2X1        1  0.4   32   +35     665 F 
g374435__5107/B                                    +0     665   
g374435__5107/Y      NOR2X1         1  0.4   28   +31     696 R 
g374048__6783/A                                    +0     696   
g374048__6783/Y      NAND2X1        1  0.4   32   +39     735 F 
g373834__5115/A                                    +0     735   
g373834__5115/Y      NOR2X1         1  0.4   28   +36     772 R 
g373714__1617/B                                    +0     772   
g373714__1617/Y      NAND2X1        1  0.4   32   +35     806 F 
g373645__2346/B                                    +0     806   
g373645__2346/Y      NOR2X1         1  0.4   28   +31     838 R 
g373615__9945/A                                    +0     838   
g373615__9945/Y      NAND2X1        1  0.4   32   +39     876 F 
g373600__6783/A                                    +0     876   
g373600__6783/Y      NOR2X1         1  0.4   28   +37     913 R 
g373588__2883/A                                    +0     913   
g373588__2883/Y      NAND2X1        1  0.3   29   +37     950 F 
data_out_reg[2]/D    DFFRHQX1                      +0     950   
data_out_reg[2]/CK   setup                    0   +36     986 R 
- - - - - - - - - - - - - - - - - - - - - - - - - - - - - - - - 
(clock clk)          capture                              986 R 
----------------------------------------------------------------
Cost Group   : 'clk' (path_group 'clk')
Timing slack :       0ps 
Start-point  : sp_reg[5]/CK
End-point    : data_out_reg[2]/D

path  24:

       Pin            Type     Fanout Load Slew Delay Arrival   
                                      (fF) (ps)  (ps)   (ps)    
----------------------------------------------------------------
(clock clk)          launch                                 0 R 
sp_reg[5]/CK                                  0    +0       0 R 
sp_reg[5]/Q          DFFRHQX1       3  1.2   24  +121     121 F 
g403073/A                                          +0     121   
g403073/Y            NOR2X1         3  1.2   48   +45     167 R 
g399402/B                                          +0     167   
g399402/Y            NAND2X1        1  0.4   34   +44     210 F 
g399358/B                                          +0     210   
g399358/Y            NOR2X1         2  0.8   38   +38     249 R 
g402824/B                                          +0     249   
g402824/Y            NOR2X1         2  0.8   24   +32     280 F 
g397857_dup/B                                      +0     280   
g397857_dup/Y        NOR2X1         3  0.8   37   +34     314 R 
g403358/B                                          +0     314   
g403358/Y            OR2X1          6  2.2   35   +58     373 R 
g403406/B                                          +0     373   
g403406/Y            OR2X1          2  0.6   15   +46     419 R 
g403361/A                                          +0     419   
g403361/Y            INVX1          3  1.2   24   +23     442 F 
g386697/B                                          +0     442   
g386697/Y            NAND2X1        3  1.2   26   +26     468 R 
fopt402566/A                                       +0     468   
fopt402566/Y         INVX1         12  4.8   78   +57     526 F 
g380051/B                                          +0     526   
g380051/Y            NAND2X1        1  0.4   23   +44     570 R 
g377636/B                                          +0     570   
g377636/Y            NAND2X1        1  0.4   31   +33     603 F 
g376094/A                                          +0     603   
g376094/Y            NAND2X1        1  0.4   19   +26     629 R 
g374925/B                                          +0     629   
g374925/Y            NAND2X1        1  0.4   31   +31     660 F 
g374310__5115/A                                    +0     660   
g374310__5115/Y      NOR2X1         1  0.4   28   +36     696 R 
g373975__7482/A                                    +0     696   
g373975__7482/Y      NAND2X1        1  0.4   32   +39     735 F 
g373795__5526/A                                    +0     735   
g373795__5526/Y      NOR2X1         1  0.4   28   +37     771 R 
g373691__7098/A                                    +0     771   
g373691__7098/Y      NAND2X1        1  0.4   32   +39     810 F 
g373611__7482/A                                    +0     810   
g373611__7482/Y      NOR2X1         1  0.4   28   +37     847 R 
g373597__4319/A                                    +0     847   
g373597__4319/Y      NAND2X1        1  0.4   32   +39     886 F 
g373589__2346/B                                    +0     886   
g373589__2346/Y      NOR2X1         1  0.4   28   +31     917 R 
g373587__9945/B                                    +0     917   
g373587__9945/Y      NAND2X1        1  0.3   29   +33     950 F 
data_out_reg[1]/D    DFFRHQX1                      +0     950   
data_out_reg[1]/CK   setup                    0   +36     986 R 
- - - - - - - - - - - - - - - - - - - - - - - - - - - - - - - - 
(clock clk)          capture                              986 R 
----------------------------------------------------------------
Cost Group   : 'clk' (path_group 'clk')
Timing slack :       0ps 
Start-point  : sp_reg[5]/CK
End-point    : data_out_reg[1]/D

path  25:

       Pin            Type     Fanout Load Slew Delay Arrival   
                                      (fF) (ps)  (ps)   (ps)    
----------------------------------------------------------------
(clock clk)          launch                                 0 R 
sp_reg[5]/CK                                  0    +0       0 R 
sp_reg[5]/Q          DFFRHQX1       3  1.2   24  +121     121 F 
g399419/A                                          +0     121   
g399419/Y            NOR2X1         1  0.4   28   +34     155 R 
g399385/B                                          +0     155   
g399385/Y            NAND2X1        1  0.4   32   +35     190 F 
g399356/B                                          +0     190   
g399356/Y            NOR2X1         1  0.4   28   +31     221 R 
g399267/B                                          +0     221   
g399267/Y            NAND2X1        2  0.8   43   +41     262 F 
g397389/B                                          +0     262   
g397389/Y            XOR2X1         6  2.0   39   +83     346 F 
fopt401264/A                                       +0     346   
fopt401264/Y         INVX1          2  0.8   20   +28     374 R 
g390483/B                                          +0     374   
g390483/Y            NOR2X1         3  0.8   25   +23     397 F 
g386737/B                                          +0     397   
g386737/Y            AND2X1         4  1.6   31   +54     451 F 
fopt401090/A                                       +0     451   
fopt401090/Y         INVX1          4  1.6   29   +30     482 R 
fopt401086/A                                       +0     482   
fopt401086/Y         INVX1          2  0.8   20   +26     508 F 
fopt401085/A                                       +0     508   
fopt401085/Y         INVX1          4  1.6   27   +26     534 R 
fopt401083/A                                       +0     534   
fopt401083/Y         INVX1          2  0.8   20   +26     559 F 
g380823/B                                          +0     559   
g380823/Y            NAND2X1        1  0.4   17   +19     578 R 
g378166/B                                          +0     578   
g378166/Y            NAND2X1        1  0.4   31   +30     608 F 
g376546/A                                          +0     608   
g376546/Y            NOR2X1         1  0.4   28   +36     644 R 
g375177/B                                          +0     644   
g375177/Y            NOR2X1         1  0.4   21   +24     668 F 
g374455__9945/A                                    +0     668   
g374455__9945/Y      NOR2X1         1  0.4   28   +32     700 R 
g374059__7482/A                                    +0     700   
g374059__7482/Y      NAND2X1        1  0.4   32   +39     739 F 
g373839__9945/A                                    +0     739   
g373839__9945/Y      NOR2X1         1  0.4   28   +36     776 R 
g373700__2883/B                                    +0     776   
g373700__2883/Y      NAND2X1        1  0.4   32   +35     810 F 
g373653__4319/B                                    +0     810   
g373653__4319/Y      NOR2X1         1  0.4   28   +31     842 R 
g373619__7410/B                                    +0     842   
g373619__7410/Y      NAND2X1        1  0.4   32   +35     876 F 
g373592__6417/A                                    +0     876   
g373592__6417/Y      NOR2X1         1  0.4   28   +37     913 R 
g373587__9945/A                                    +0     913   
g373587__9945/Y      NAND2X1        1  0.3   29   +37     950 F 
data_out_reg[1]/D    DFFRHQX1                      +0     950   
data_out_reg[1]/CK   setup                    0   +36     986 R 
- - - - - - - - - - - - - - - - - - - - - - - - - - - - - - - - 
(clock clk)          capture                              986 R 
----------------------------------------------------------------
Cost Group   : 'clk' (path_group 'clk')
Timing slack :       0ps 
Start-point  : sp_reg[5]/CK
End-point    : data_out_reg[1]/D

path  26:

       Pin            Type     Fanout Load Slew Delay Arrival   
                                      (fF) (ps)  (ps)   (ps)    
----------------------------------------------------------------
(clock clk)          launch                                 0 R 
sp_reg[3]/CK                                  0    +0       0 R 
sp_reg[3]/Q          DFFRHQX1       4  1.6   30  +125     125 F 
g403073/B                                          +0     125   
g403073/Y            NOR2X1         3  1.2   48   +42     167 R 
g402999_dup/A                                      +0     167   
g402999_dup/Y        NAND2X1        1  0.4   33   +47     214 F 
g403077/A                                          +0     214   
g403077/Y            NOR2X1         2  0.8   38   +43     257 R 
g399250/B                                          +0     257   
g399250/Y            NOR2X1         1  0.4   20   +29     286 F 
g398249/B                                          +0     286   
g398249/Y            NOR2X1         2  0.8   36   +32     318 R 
fopt402878/A                                       +0     318   
fopt402878/Y         INVX1          3  1.2   27   +33     351 F 
fopt403355/A                                       +0     351   
fopt403355/Y         INVX1          2  0.8   18   +23     374 R 
g397367_dup/B                                      +0     374   
g397367_dup/Y        NOR2X1         1  0.4   17   +19     393 F 
g403356/A                                          +0     393   
g403356/Y            NAND2X1        3  0.8   22   +23     416 R 
g402272/B                                          +0     416   
g402272/Y            OR2X1          5  2.0   33   +51     467 R 
g402274/A                                          +0     467   
g402274/Y            INVX1         11  4.4   73   +57     524 F 
g379980/B                                          +0     524   
g379980/Y            NAND2X1        1  0.4   22   +42     566 R 
g377582/A                                          +0     566   
g377582/Y            NAND2X1        1  0.4   31   +37     603 F 
g376041/A                                          +0     603   
g376041/Y            NAND2X1        1  0.4   19   +26     629 R 
g374892/A                                          +0     629   
g374892/Y            NAND2X1        1  0.4   31   +35     664 F 
g374287__9945/A                                    +0     664   
g374287__9945/Y      NOR2X1         1  0.4   26   +36     701 R 
g373964__6783/B                                    +0     701   
g373964__6783/Y      NAND2X1        1  0.4   32   +34     735 F 
g373783__9945/A                                    +0     735   
g373783__9945/Y      NOR2X1         1  0.4   28   +36     771 R 
g373683__5526/A                                    +0     771   
g373683__5526/Y      NAND2X1        1  0.4   32   +39     810 F 
g373608__6131/A                                    +0     810   
g373608__6131/Y      NOR2X1         1  0.4   28   +37     847 R 
g373595__5107/A                                    +0     847   
g373595__5107/Y      NAND2X1        1  0.4   32   +39     886 F 
g373591__7410/B                                    +0     886   
g373591__7410/Y      NOR2X1         1  0.4   28   +31     917 R 
g373586__9315/B                                    +0     917   
g373586__9315/Y      NAND2X1        1  0.3   29   +33     950 F 
data_out_reg[0]/D    DFFRHQX1                      +0     950   
data_out_reg[0]/CK   setup                    0   +36     986 R 
- - - - - - - - - - - - - - - - - - - - - - - - - - - - - - - - 
(clock clk)          capture                              986 R 
----------------------------------------------------------------
Cost Group   : 'clk' (path_group 'clk')
Timing slack :       0ps 
Start-point  : sp_reg[3]/CK
End-point    : data_out_reg[0]/D

path  27:

       Pin            Type     Fanout Load Slew Delay Arrival   
                                      (fF) (ps)  (ps)   (ps)    
----------------------------------------------------------------
(clock clk)          launch                                 0 R 
sp_reg[7]/CK                                  0    +0       0 R 
sp_reg[7]/Q          DFFRHQX1       4  1.6   30  +125     125 F 
g399419/B                                          +0     125   
g399419/Y            NOR2X1         1  0.4   28   +31     155 R 
g399385/B                                          +0     155   
g399385/Y            NAND2X1        1  0.4   32   +35     190 F 
g399356/B                                          +0     190   
g399356/Y            NOR2X1         1  0.4   28   +31     221 R 
g399267/B                                          +0     221   
g399267/Y            NAND2X1        2  0.8   43   +41     262 F 
g397389/B                                          +0     262   
g397389/Y            XOR2X1         6  2.0   39   +83     346 F 
fopt401264/A                                       +0     346   
fopt401264/Y         INVX1          2  0.8   20   +28     374 R 
g390483/B                                          +0     374   
g390483/Y            NOR2X1         3  0.8   25   +23     397 F 
g386737/B                                          +0     397   
g386737/Y            AND2X1         4  1.6   31   +54     451 F 
fopt401080/A                                       +0     451   
fopt401080/Y         INVX1          2  0.8   18   +25     476 R 
fopt401079/A                                       +0     476   
fopt401079/Y         INVX1          4  1.6   30   +28     504 F 
fopt401078/A                                       +0     504   
fopt401078/Y         INVX1          2  0.8   18   +25     529 R 
fopt401077/A                                       +0     529   
fopt401077/Y         INVX1          4  1.6   30   +28     557 F 
g380839/B                                          +0     557   
g380839/Y            NAND2X1        1  0.4   17   +23     580 R 
g378164/A                                          +0     580   
g378164/Y            NAND2X1        1  0.4   31   +34     614 F 
g376550/B                                          +0     614   
g376550/Y            NOR2X1         1  0.4   28   +31     645 R 
g375176/B                                          +0     645   
g375176/Y            NOR2X1         1  0.4   20   +24     669 F 
g374443__2802/A                                    +0     669   
g374443__2802/Y      NOR2X1         1  0.4   27   +32     701 R 
g374056__6131/A                                    +0     701   
g374056__6131/Y      NAND2X1        1  0.4   32   +39     740 F 
g373825__3680/A                                    +0     740   
g373825__3680/Y      NOR2X1         1  0.4   28   +36     776 R 
g373694__5115/B                                    +0     776   
g373694__5115/Y      NAND2X1        1  0.4   32   +35     811 F 
g373634__8246/A                                    +0     811   
g373634__8246/Y      NOR2X1         1  0.4   26   +37     847 R 
g373607__7098/B                                    +0     847   
g373607__7098/Y      NAND2X1        1  0.4   32   +34     882 F 
g373596__6260/B                                    +0     882   
g373596__6260/Y      NOR2X1         1  0.4   28   +31     913 R 
g373586__9315/A                                    +0     913   
g373586__9315/Y      NAND2X1        1  0.3   29   +37     950 F 
data_out_reg[0]/D    DFFRHQX1                      +0     950   
data_out_reg[0]/CK   setup                    0   +36     986 R 
- - - - - - - - - - - - - - - - - - - - - - - - - - - - - - - - 
(clock clk)          capture                              986 R 
----------------------------------------------------------------
Cost Group   : 'clk' (path_group 'clk')
Timing slack :       0ps 
Start-point  : sp_reg[7]/CK
End-point    : data_out_reg[0]/D

path  28:

       Pin            Type     Fanout Load Slew Delay Arrival   
                                      (fF) (ps)  (ps)   (ps)    
----------------------------------------------------------------
(clock clk)          launch                                 0 R 
sp_reg[5]/CK                                  0    +0       0 R 
sp_reg[5]/Q          DFFRHQX1       3  1.2   24  +121     121 F 
g403073/A                                          +0     121   
g403073/Y            NOR2X1         3  1.2   48   +45     167 R 
g402999_dup/A                                      +0     167   
g402999_dup/Y        NAND2X1        1  0.4   33   +47     214 F 
g403077/A                                          +0     214   
g403077/Y            NOR2X1         2  0.8   38   +43     257 R 
g399250/B                                          +0     257   
g399250/Y            NOR2X1         1  0.4   20   +29     286 F 
g398249/B                                          +0     286   
g398249/Y            NOR2X1         2  0.8   36   +32     318 R 
fopt402878/A                                       +0     318   
fopt402878/Y         INVX1          3  1.2   27   +33     350 F 
fopt402870/A                                       +0     350   
fopt402870/Y         INVX1          3  1.2   23   +26     376 R 
fopt402866/A                                       +0     376   
fopt402866/Y         INVX1          1  0.4   14   +20     397 F 
g397372/A                                          +0     397   
g397372/Y            NAND2X1        2  0.6   19   +20     417 R 
g386703/B                                          +0     417   
g386703/Y            OR2X1         12  4.8   68   +70     487 R 
g383407/A                                          +0     487   
g383407/Y            INVX1          8  3.2   61   +64     551 F 
g378432/B                                          +0     551   
g378432/Y            NAND2X1        1  0.2   18   +35     586 R 
g378048/A                                          +0     586   
g378048/Y            AND2X1         1  0.4   14   +64     650 R 
g376281/B                                          +0     650   
g376281/Y            NAND2X1        1  0.4   30   +29     679 F 
g375321/A                                          +0     679   
g375321/Y            NAND2X1        1  0.4   18   +26     704 R 
g374528__1705/B                                    +0     704   
g374528__1705/Y      NAND2X1        1  0.4   31   +31     735 F 
g373754__9315/A                                    +0     735   
g373754__9315/Y      NOR2X1         1  0.4   28   +36     771 R 
g373673__2346/B                                    +0     771   
g373673__2346/Y      NAND2X1        1  0.4   32   +35     806 F 
g373629__3680/A                                    +0     806   
g373629__3680/Y      NOR2X1         1  0.4   28   +37     843 R 
g373607__7098/A                                    +0     843   
g373607__7098/Y      NAND2X1        1  0.4   32   +39     882 F 
g373596__6260/B                                    +0     882   
g373596__6260/Y      NOR2X1         1  0.4   28   +31     913 R 
g373586__9315/A                                    +0     913   
g373586__9315/Y      NAND2X1        1  0.3   29   +37     950 F 
data_out_reg[0]/D    DFFRHQX1                      +0     950   
data_out_reg[0]/CK   setup                    0   +36     986 R 
- - - - - - - - - - - - - - - - - - - - - - - - - - - - - - - - 
(clock clk)          capture                              986 R 
----------------------------------------------------------------
Cost Group   : 'clk' (path_group 'clk')
Timing slack :       0ps 
Start-point  : sp_reg[5]/CK
End-point    : data_out_reg[0]/D

path  29:

       Pin            Type     Fanout Load Slew Delay Arrival   
                                      (fF) (ps)  (ps)   (ps)    
----------------------------------------------------------------
(clock clk)          launch                                 0 R 
sp_reg[5]/CK                                  0    +0       0 R 
sp_reg[5]/Q          DFFRHQX1       3  1.2   24  +121     121 F 
g399419/A                                          +0     121   
g399419/Y            NOR2X1         1  0.4   28   +34     155 R 
g399385/B                                          +0     155   
g399385/Y            NAND2X1        1  0.4   32   +35     190 F 
g399356/B                                          +0     190   
g399356/Y            NOR2X1         1  0.4   28   +31     221 R 
g399267/B                                          +0     221   
g399267/Y            NAND2X1        2  0.8   43   +41     262 F 
g397389/B                                          +0     262   
g397389/Y            XOR2X1         6  2.0   39   +83     346 F 
fopt401264/A                                       +0     346   
fopt401264/Y         INVX1          2  0.8   20   +28     374 R 
g390483/B                                          +0     374   
g390483/Y            NOR2X1         3  0.8   25   +23     397 F 
g386737/B                                          +0     397   
g386737/Y            AND2X1         4  1.6   31   +54     451 F 
fopt401090/A                                       +0     451   
fopt401090/Y         INVX1          4  1.6   29   +30     482 R 
fopt401086/A                                       +0     482   
fopt401086/Y         INVX1          2  0.8   20   +26     508 F 
fopt401085/A                                       +0     508   
fopt401085/Y         INVX1          4  1.6   27   +26     534 R 
fopt401082/A                                       +0     534   
fopt401082/Y         INVX1          2  0.8   20   +26     559 F 
g379932/B                                          +0     559   
g379932/Y            NAND2X1        1  0.4   17   +19     578 R 
g377547/B                                          +0     578   
g377547/Y            NAND2X1        1  0.4   31   +30     608 F 
g376007/A                                          +0     608   
g376007/Y            NOR2X1         1  0.4   28   +36     644 R 
g374886/B                                          +0     644   
g374886/Y            NOR2X1         1  0.4   23   +24     668 F 
g374276__1705/A                                    +0     668   
g374276__1705/Y      NOR2X1         1  0.4   26   +33     701 R 
g373953__2346/B                                    +0     701   
g373953__2346/Y      NAND2X1        1  0.4   32   +34     735 F 
g373858__8246/A                                    +0     735   
g373858__8246/Y      NOR2X1         1  0.4   28   +36     772 R 
g373689__5122/B                                    +0     772   
g373689__5122/Y      NAND2X1        1  0.4   32   +35     806 F 
g373639__7482/B                                    +0     806   
g373639__7482/Y      NOR2X1         1  0.4   28   +31     838 R 
g373618__1666/A                                    +0     838   
g373618__1666/Y      NAND2X1        1  0.4   32   +39     876 F 
g373596__6260/A                                    +0     876   
g373596__6260/Y      NOR2X1         1  0.4   28   +37     913 R 
g373586__9315/A                                    +0     913   
g373586__9315/Y      NAND2X1        1  0.3   29   +37     950 F 
data_out_reg[0]/D    DFFRHQX1                      +0     950   
data_out_reg[0]/CK   setup                    0   +36     986 R 
- - - - - - - - - - - - - - - - - - - - - - - - - - - - - - - - 
(clock clk)          capture                              986 R 
----------------------------------------------------------------
Cost Group   : 'clk' (path_group 'clk')
Timing slack :       0ps 
Start-point  : sp_reg[5]/CK
End-point    : data_out_reg[0]/D

path  30:

       Pin            Type     Fanout Load Slew Delay Arrival   
                                      (fF) (ps)  (ps)   (ps)    
----------------------------------------------------------------
(clock clk)          launch                                 0 R 
sp_reg[5]/CK                                  0    +0       0 R 
sp_reg[5]/Q          DFFRHQX1       3  1.2   24  +121     121 F 
g403073/A                                          +0     121   
g403073/Y            NOR2X1         3  1.2   48   +45     167 R 
g403075/A                                          +0     167   
g403075/Y            NAND2X1        1  0.4   33   +47     214 F 
g403074/B                                          +0     214   
g403074/Y            NOR2X1         2  0.8   38   +38     252 R 
g399257/B                                          +0     252   
g399257/Y            NOR2X1         1  0.4   20   +28     280 F 
g397856/B                                          +0     280   
g397856/Y            NOR2X1         4  1.0   42   +35     315 R 
fopt403124/A                                       +0     315   
fopt403124/Y         INVX1          2  0.6   19   +30     346 F 
g397388/B                                          +0     346   
g397388/Y            OR2X1          2  0.6   18   +61     406 F 
fopt402547/A                                       +0     406   
fopt402547/Y         INVX1          2  0.8   17   +19     426 R 
fopt402546/A                                       +0     426   
fopt402546/Y         INVX1          4  1.6   30   +27     453 F 
fopt402543/A                                       +0     453   
fopt402543/Y         INVX1          1  0.2   11   +20     473 R 
g381132/B                                          +0     473   
g381132/Y            AND2X1        11  4.4   65   +95     568 R 
g379756/A                                          +0     568   
g379756/Y            INVX1          7  2.8   54   +59     626 F 
g403084/B                                          +0     626   
g403084/Y            NOR2X1         4  1.6   61   +59     685 R 
g375443/B                                          +0     685   
g375443/Y            NAND2X1        1  0.4   36   +49     734 F 
g374924/A                                          +0     734   
g374924/Y            NAND2X1        1  0.4   19   +28     762 R 
g374311__7482/A                                    +0     762   
g374311__7482/Y      NOR2X1         1  0.4   20   +25     787 F 
g373976__4733/A                                    +0     787   
g373976__4733/Y      NAND2X1        1  0.4   17   +21     808 R 
g373796__6783/B                                    +0     808   
g373796__6783/Y      NOR2X1         1  0.4   19   +19     828 F 
g373643__9945/A                                    +0     828   
g373643__9945/Y      NAND2X1        1  0.4   17   +21     849 R 
g373620__6417/B                                    +0     849   
g373620__6417/Y      NOR2X1         1  0.4   19   +19     868 F 
g373599__5526/A                                    +0     868   
g373599__5526/Y      NAND2X1        1  0.4   17   +21     889 R 
g373590__1666/B                                    +0     889   
g373590__1666/Y      NOR2X1         1  0.4   19   +19     908 F 
g373585__6161/B                                    +0     908   
g373585__6161/Y      NAND2X1        1  0.3   16   +18     925 R 
data_out_reg[3]/D    DFFRHQX1                      +0     925   
data_out_reg[3]/CK   setup                    0   +60     986 R 
- - - - - - - - - - - - - - - - - - - - - - - - - - - - - - - - 
(clock clk)          capture                              986 R 
----------------------------------------------------------------
Cost Group   : 'clk' (path_group 'clk')
Timing slack :       0ps 
Start-point  : sp_reg[5]/CK
End-point    : data_out_reg[3]/D

path  31:

       Pin            Type     Fanout Load Slew Delay Arrival   
                                      (fF) (ps)  (ps)   (ps)    
----------------------------------------------------------------
(clock clk)          launch                                 0 R 
sp_reg[3]/CK                                  0    +0       0 R 
sp_reg[3]/Q          DFFRHQX1       4  1.6   30  +125     125 F 
g403073/B                                          +0     125   
g403073/Y            NOR2X1         3  1.2   48   +42     167 R 
g399402/B                                          +0     167   
g399402/Y            NAND2X1        1  0.4   34   +44     211 F 
g399358/B                                          +0     211   
g399358/Y            NOR2X1         2  0.8   38   +38     249 R 
g402824/B                                          +0     249   
g402824/Y            NOR2X1         2  0.8   24   +32     281 F 
g397857_dup/B                                      +0     281   
g397857_dup/Y        NOR2X1         3  0.8   37   +34     315 R 
g402828/B                                          +0     315   
g402828/Y            OR2X1          2  0.6   15   +47     362 R 
fopt403316/A                                       +0     362   
fopt403316/Y         INVX1          2  0.8   18   +20     381 F 
fopt403318/A                                       +0     381   
fopt403318/Y         INVX1          3  1.0   19   +21     402 R 
g403320/B                                          +0     402   
g403320/Y            NOR2X1         4  1.6   38   +30     432 F 
fopt403217/A                                       +0     432   
fopt403217/Y         INVX1          4  1.6   30   +34     465 R 
fopt403211/A                                       +0     465   
fopt403211/Y         INVX1          4  1.6   32   +33     498 F 
g384843/B                                          +0     498   
g384843/Y            NAND2X1        1  0.4   17   +24     522 R 
g380209/A                                          +0     522   
g380209/Y            NAND2X1        1  0.4   31   +34     557 F 
g377742/B                                          +0     557   
g377742/Y            NAND2X1        1  0.4   19   +24     580 R 
g376196/A                                          +0     580   
g376196/Y            NAND2X1        1  0.2   25   +32     612 F 
g374986/A                                          +0     612   
g374986/Y            OR2X1          1  0.4   15   +68     680 F 
g374342__9315/A                                    +0     680   
g374342__9315/Y      NOR2X1         1  0.4   26   +30     710 R 
g373805__1881/B                                    +0     710   
g373805__1881/Y      NAND2X1        1  0.4   32   +34     744 F 
g373733__5477/B                                    +0     744   
g373733__5477/Y      NOR2X1         1  0.4   28   +31     775 R 
g373648__6417/A                                    +0     775   
g373648__6417/Y      NAND2X1        1  0.4   32   +39     814 F 
g373616__2883/A                                    +0     814   
g373616__2883/Y      NOR2X1         1  0.4   28   +37     851 R 
g373599__5526/B                                    +0     851   
g373599__5526/Y      NAND2X1        1  0.4   32   +35     886 F 
g373590__1666/B                                    +0     886   
g373590__1666/Y      NOR2X1         1  0.4   28   +31     917 R 
g373585__6161/B                                    +0     917   
g373585__6161/Y      NAND2X1        1  0.3   29   +33     950 F 
data_out_reg[3]/D    DFFRHQX1                      +0     950   
data_out_reg[3]/CK   setup                    0   +36     986 R 
- - - - - - - - - - - - - - - - - - - - - - - - - - - - - - - - 
(clock clk)          capture                              986 R 
----------------------------------------------------------------
Cost Group   : 'clk' (path_group 'clk')
Timing slack :       0ps 
Start-point  : sp_reg[3]/CK
End-point    : data_out_reg[3]/D

path  32:

       Pin            Type     Fanout Load Slew Delay Arrival   
                                      (fF) (ps)  (ps)   (ps)    
----------------------------------------------------------------
(clock clk)          launch                                 0 R 
sp_reg[7]/CK                                  0    +0       0 R 
sp_reg[7]/Q          DFFRHQX1       4  1.6   30  +125     125 F 
g399419/B                                          +0     125   
g399419/Y            NOR2X1         1  0.4   28   +31     155 R 
g399385/B                                          +0     155   
g399385/Y            NAND2X1        1  0.4   32   +35     190 F 
g399356/B                                          +0     190   
g399356/Y            NOR2X1         1  0.4   28   +31     221 R 
g399267/B                                          +0     221   
g399267/Y            NAND2X1        2  0.8   43   +41     262 F 
g397389/B                                          +0     262   
g397389/Y            XOR2X1         6  2.0   35   +87     349 R 
g390486/B                                          +0     349   
g390486/Y            OR2X1          4  1.6   28   +53     403 R 
g402281/B                                          +0     403   
g402281/Y            NOR2X1         5  1.0   28   +29     431 F 
g381134/A                                          +0     431   
g381134/Y            AND2X1         5  2.0   37   +55     486 F 
fopt401554/A                                       +0     486   
fopt401554/Y         INVX1          3  1.2   24   +30     516 R 
fopt401553/A                                       +0     516   
fopt401553/Y         INVX1          7  2.8   49   +40     556 F 
g377899/B                                          +0     556   
g377899/Y            NAND2X1        1  0.2   16   +30     586 R 
g376325/A                                          +0     586   
g376325/Y            AND2X1         1  0.4   14   +64     650 R 
g375058/B                                          +0     650   
g375058/Y            NOR2X1         1  0.4   25   +17     667 F 
g374381__4319/A                                    +0     667   
g374381__4319/Y      NOR2X1         1  0.4   28   +34     701 R 
g374107__2802/B                                    +0     701   
g374107__2802/Y      NAND2X1        1  0.4   32   +35     736 F 
g373867__9945/B                                    +0     736   
g373867__9945/Y      NOR2X1         1  0.4   28   +31     767 R 
g373707__5107/A                                    +0     767   
g373707__5107/Y      NAND2X1        1  0.4   32   +39     806 F 
g373649__5477/A                                    +0     806   
g373649__5477/Y      NOR2X1         1  0.4   28   +37     843 R 
g373617__2346/A                                    +0     843   
g373617__2346/Y      NAND2X1        1  0.4   32   +39     882 F 
g373600__6783/B                                    +0     882   
g373600__6783/Y      NOR2X1         1  0.4   28   +31     913 R 
g373588__2883/A                                    +0     913   
g373588__2883/Y      NAND2X1        1  0.3   29   +37     950 F 
data_out_reg[2]/D    DFFRHQX1                      +0     950   
data_out_reg[2]/CK   setup                    0   +36     986 R 
- - - - - - - - - - - - - - - - - - - - - - - - - - - - - - - - 
(clock clk)          capture                              986 R 
----------------------------------------------------------------
Cost Group   : 'clk' (path_group 'clk')
Timing slack :       0ps 
Start-point  : sp_reg[7]/CK
End-point    : data_out_reg[2]/D

path  33:

       Pin            Type     Fanout Load Slew Delay Arrival   
                                      (fF) (ps)  (ps)   (ps)    
----------------------------------------------------------------
(clock clk)          launch                                 0 R 
sp_reg[5]/CK                                  0    +0       0 R 
sp_reg[5]/Q          DFFRHQX1       3  1.2   24  +121     121 F 
g403073/A                                          +0     121   
g403073/Y            NOR2X1         3  1.2   48   +45     167 R 
g399402/B                                          +0     167   
g399402/Y            NAND2X1        1  0.4   34   +44     210 F 
g399358/B                                          +0     210   
g399358/Y            NOR2X1         2  0.8   38   +38     249 R 
g402824/B                                          +0     249   
g402824/Y            NOR2X1         2  0.8   24   +32     280 F 
g397857_dup/B                                      +0     280   
g397857_dup/Y        NOR2X1         3  0.8   37   +34     314 R 
g402828/B                                          +0     314   
g402828/Y            OR2X1          2  0.6   15   +47     361 R 
fopt403316/A                                       +0     361   
fopt403316/Y         INVX1          2  0.8   18   +20     381 F 
fopt403315/A                                       +0     381   
fopt403315/Y         INVX1          2  0.8   17   +19     400 R 
g403314/B                                          +0     400   
g403314/Y            NOR2X1         5  2.0   44   +32     432 F 
fopt400480/A                                       +0     432   
fopt400480/Y         INVX1          2  0.8   20   +31     463 R 
fopt400479/A                                       +0     463   
fopt400479/Y         INVX1          5  2.0   36   +32     495 F 
fopt400478/A                                       +0     495   
fopt400478/Y         INVX1          4  1.6   30   +33     528 R 
fopt400477/A                                       +0     528   
fopt400477/Y         INVX1          4  1.6   32   +33     561 F 
g385030/B                                          +0     561   
g385030/Y            NAND2X1        1  0.4   17   +24     585 R 
g380813/B                                          +0     585   
g380813/Y            NAND2X1        1  0.4   31   +30     615 F 
g376542/A                                          +0     615   
g376542/Y            NOR2X1         1  0.4   28   +36     651 R 
g375175/B                                          +0     651   
g375175/Y            NOR2X1         1  0.4   23   +24     675 F 
g374456__2883/B                                    +0     675   
g374456__2883/Y      NOR2X1         1  0.4   27   +27     702 R 
g374058__5115/A                                    +0     702   
g374058__5115/Y      NAND2X1        1  0.4   31   +38     740 F 
g373840__2883/B                                    +0     740   
g373840__2883/Y      NOR2X1         1  0.4   28   +31     771 R 
g373717__5122/A                                    +0     771   
g373717__5122/Y      NAND2X1        1  0.4   32   +39     810 F 
g373655__5526/B                                    +0     810   
g373655__5526/Y      NOR2X1         1  0.4   28   +31     842 R 
g373603__2802/A                                    +0     842   
g373603__2802/Y      NAND2X1        1  0.4   32   +39     880 F 
g373593__5477/A                                    +0     880   
g373593__5477/Y      NOR2X1         1  0.4   28   +37     917 R 
g373588__2883/B                                    +0     917   
g373588__2883/Y      NAND2X1        1  0.3   29   +33     950 F 
data_out_reg[2]/D    DFFRHQX1                      +0     950   
data_out_reg[2]/CK   setup                    0   +36     986 R 
- - - - - - - - - - - - - - - - - - - - - - - - - - - - - - - - 
(clock clk)          capture                              986 R 
----------------------------------------------------------------
Cost Group   : 'clk' (path_group 'clk')
Timing slack :       0ps 
Start-point  : sp_reg[5]/CK
End-point    : data_out_reg[2]/D

path  34:

       Pin            Type     Fanout Load Slew Delay Arrival   
                                      (fF) (ps)  (ps)   (ps)    
----------------------------------------------------------------
(clock clk)          launch                                 0 R 
sp_reg[5]/CK                                  0    +0       0 R 
sp_reg[5]/Q          DFFRHQX1       3  1.2   24  +121     121 F 
g399419/A                                          +0     121   
g399419/Y            NOR2X1         1  0.4   28   +34     155 R 
g399385/B                                          +0     155   
g399385/Y            NAND2X1        1  0.4   32   +35     190 F 
g399356/B                                          +0     190   
g399356/Y            NOR2X1         1  0.4   28   +31     221 R 
g399267/B                                          +0     221   
g399267/Y            NAND2X1        2  0.8   43   +41     262 F 
g397389/B                                          +0     262   
g397389/Y            XOR2X1         6  2.0   39   +83     346 F 
fopt401264/A                                       +0     346   
fopt401264/Y         INVX1          2  0.8   20   +28     374 R 
g390483/B                                          +0     374   
g390483/Y            NOR2X1         3  0.8   25   +23     397 F 
g402687/B                                          +0     397   
g402687/Y            AND2X1         3  1.2   25   +51     448 F 
fopt402254/A                                       +0     448   
fopt402254/Y         INVX1          4  1.6   28   +28     476 R 
fopt401769/A                                       +0     476   
fopt401769/Y         INVX1          4  1.6   32   +32     508 F 
fopt401768/A                                       +0     508   
fopt401768/Y         INVX1          2  0.8   19   +25     533 R 
fopt401767/A                                       +0     533   
fopt401767/Y         INVX1          2  0.8   19   +22     555 F 
g380739/B                                          +0     555   
g380739/Y            NAND2X1        1  0.4   17   +18     573 R 
g378109/A                                          +0     573   
g378109/Y            NAND2X1        1  0.4   31   +34     608 F 
g376499/B                                          +0     608   
g376499/Y            NOR2X1         1  0.4   28   +31     638 R 
g375421/B                                          +0     638   
g375421/Y            NOR2X1         1  0.4   26   +24     662 F 
g374439__5526/B                                    +0     662   
g374439__5526/Y      NOR2X1         1  0.4   27   +29     691 R 
g374050__1617/B                                    +0     691   
g374050__1617/Y      NAND2X1        1  0.4   32   +34     725 F 
g373837__6161/A                                    +0     725   
g373837__6161/Y      NOR2X1         1  0.4   28   +37     762 R 
g373716__1705/A                                    +0     762   
g373716__1705/Y      NAND2X1        1  0.4   32   +39     801 F 
g373645__2346/A                                    +0     801   
g373645__2346/Y      NOR2X1         1  0.4   28   +37     837 R 
g373615__9945/A                                    +0     837   
g373615__9945/Y      NAND2X1        1  0.4   32   +39     876 F 
g373600__6783/A                                    +0     876   
g373600__6783/Y      NOR2X1         1  0.4   28   +37     913 R 
g373588__2883/A                                    +0     913   
g373588__2883/Y      NAND2X1        1  0.3   29   +37     950 F 
data_out_reg[2]/D    DFFRHQX1                      +0     950   
data_out_reg[2]/CK   setup                    0   +36     986 R 
- - - - - - - - - - - - - - - - - - - - - - - - - - - - - - - - 
(clock clk)          capture                              986 R 
----------------------------------------------------------------
Cost Group   : 'clk' (path_group 'clk')
Timing slack :       0ps 
Start-point  : sp_reg[5]/CK
End-point    : data_out_reg[2]/D

path  35:

       Pin            Type     Fanout Load Slew Delay Arrival   
                                      (fF) (ps)  (ps)   (ps)    
----------------------------------------------------------------
(clock clk)          launch                                 0 R 
sp_reg[1]/CK                                  0    +0       0 R 
sp_reg[1]/Q          DFFRHQX1       3  1.2   24  +121     121 F 
g399465/A                                          +0     121   
g399465/Y            NOR2X1         4  1.4   53   +48     170 R 
g399442/A                                          +0     170   
g399442/Y            INVX1          3  1.2   29   +40     210 F 
g399407/B                                          +0     210   
g399407/Y            NOR2X1         2  0.8   38   +36     246 R 
g399354/B                                          +0     246   
g399354/Y            NOR2X1         1  0.4   20   +28     275 F 
g399209/B                                          +0     275   
g399209/Y            NOR2X1         2  0.6   32   +29     304 R 
g399186/A                                          +0     304   
g399186/Y            INVX1          3  0.8   21   +27     331 F 
g403304/A                                          +0     331   
g403304/Y            OR2X1          4  1.6   32   +76     407 F 
g403306/A                                          +0     407   
g403306/Y            INVX1          4  1.6   29   +31     438 R 
g403305/B                                          +0     438   
g403305/Y            NAND2X1        4  1.0   49   +45     483 F 
g403047/A                                          +0     483   
g403047/Y            OR2X1          7  2.8   50   +95     578 F 
fopt403048/A                                       +0     578   
fopt403048/Y         INVX1          8  3.2   52   +50     628 R 
fopt401776/A                                       +0     628   
fopt401776/Y         INVX1          5  2.0   41   +46     674 F 
g374997/A                                          +0     674   
g374997/Y            NOR2X1         1  0.4   27   +40     714 R 
g374348__6417/A                                    +0     714   
g374348__6417/Y      NOR2X1         1  0.4   21   +28     743 F 
g373998__8246/A                                    +0     743   
g373998__8246/Y      NAND2X1        1  0.2   15   +20     763 R 
g373838__9315/A                                    +0     763   
g373838__9315/Y      OR2X1          1  0.4   12   +44     806 R 
g373697__6161/A                                    +0     806   
g373697__6161/Y      NOR2X1         1  0.4   19   +22     828 F 
g373644__2883/B                                    +0     828   
g373644__2883/Y      NAND2X1        1  0.4   17   +18     846 R 
g373614__9315/A                                    +0     846   
g373614__9315/Y      NOR2X1         1  0.4   19   +24     870 F 
g373597__4319/B                                    +0     870   
g373597__4319/Y      NAND2X1        1  0.4   17   +19     889 R 
g373589__2346/B                                    +0     889   
g373589__2346/Y      NOR2X1         1  0.4   19   +19     908 F 
g373587__9945/B                                    +0     908   
g373587__9945/Y      NAND2X1        1  0.3   16   +18     925 R 
data_out_reg[1]/D    DFFRHQX1                      +0     925   
data_out_reg[1]/CK   setup                    0   +60     986 R 
- - - - - - - - - - - - - - - - - - - - - - - - - - - - - - - - 
(clock clk)          capture                              986 R 
----------------------------------------------------------------
Cost Group   : 'clk' (path_group 'clk')
Timing slack :       0ps 
Start-point  : sp_reg[1]/CK
End-point    : data_out_reg[1]/D

path  36:

       Pin            Type     Fanout Load Slew Delay Arrival   
                                      (fF) (ps)  (ps)   (ps)    
----------------------------------------------------------------
(clock clk)          launch                                 0 R 
sp_reg[3]/CK                                  0    +0       0 R 
sp_reg[3]/Q          DFFRHQX1       4  1.6   30  +125     125 F 
g403073/B                                          +0     125   
g403073/Y            NOR2X1         3  1.2   48   +42     167 R 
g403075/A                                          +0     167   
g403075/Y            NAND2X1        1  0.4   33   +47     214 F 
g403074/B                                          +0     214   
g403074/Y            NOR2X1         2  0.8   38   +38     252 R 
g399257/B                                          +0     252   
g399257/Y            NOR2X1         1  0.4   20   +28     280 F 
g397856/B                                          +0     280   
g397856/Y            NOR2X1         4  1.0   42   +35     315 R 
g397380/B                                          +0     315   
g397380/Y            OR2X1          5  1.8   30   +57     372 R 
g393949/A                                          +0     372   
g393949/Y            INVX1          4  1.0   23   +28     401 F 
g386719/B                                          +0     401   
g386719/Y            AND2X1         3  1.2   25   +50     451 F 
fopt400943/A                                       +0     451   
fopt400943/Y         INVX1          5  2.0   33   +31     482 R 
fopt400941/A                                       +0     482   
fopt400941/Y         INVX1          2  0.8   21   +28     510 F 
g380243/B                                          +0     510   
g380243/Y            NAND2X1        1  0.4   17   +19     529 R 
g377766/B                                          +0     529   
g377766/Y            NAND2X1        1  0.4   31   +30     559 F 
g376210/A                                          +0     559   
g376210/Y            NOR2X1         1  0.4   28   +36     595 R 
g374994/B                                          +0     595   
g374994/Y            NOR2X1         1  0.4   19   +24     619 F 
g374345__2346/A                                    +0     619   
g374345__2346/Y      NOR2X1         1  0.4   26   +32     650 R 
g373998__8246/B                                    +0     650   
g373998__8246/Y      NAND2X1        1  0.2   26   +31     681 F 
g373838__9315/A                                    +0     681   
g373838__9315/Y      OR2X1          1  0.4   15   +68     749 F 
g373697__6161/A                                    +0     749   
g373697__6161/Y      NOR2X1         1  0.4   28   +30     780 R 
g373644__2883/B                                    +0     780   
g373644__2883/Y      NAND2X1        1  0.4   32   +35     814 F 
g373614__9315/A                                    +0     814   
g373614__9315/Y      NOR2X1         1  0.4   28   +37     851 R 
g373597__4319/B                                    +0     851   
g373597__4319/Y      NAND2X1        1  0.4   32   +35     886 F 
g373589__2346/B                                    +0     886   
g373589__2346/Y      NOR2X1         1  0.4   28   +31     917 R 
g373587__9945/B                                    +0     917   
g373587__9945/Y      NAND2X1        1  0.3   29   +33     950 F 
data_out_reg[1]/D    DFFRHQX1                      +0     950   
data_out_reg[1]/CK   setup                    0   +36     986 R 
- - - - - - - - - - - - - - - - - - - - - - - - - - - - - - - - 
(clock clk)          capture                              986 R 
----------------------------------------------------------------
Cost Group   : 'clk' (path_group 'clk')
Timing slack :       0ps 
Start-point  : sp_reg[3]/CK
End-point    : data_out_reg[1]/D

path  37:

        Pin             Type     Fanout Load Slew Delay Arrival   
                                        (fF) (ps)  (ps)   (ps)    
------------------------------------------------------------------
(clock clk)            launch                                 0 R 
sp_reg[16]/CK                                   0    +0       0 R 
sp_reg[16]/Q           DFFRHQX1       8  2.6   45  +133     133 F 
g88003__8246/A                                       +0     133   
g88003__8246/Y         NOR2X1         1  0.4   29   +42     174 R 
g87987__5477/B                                       +0     174   
g87987__5477/Y         NAND2X1        2  0.6   38   +38     213 F 
g87972__6161/A                                       +0     213   
g87972__6161/Y         OR2X1          5  1.6   32   +81     294 F 
g87961__403021/A                                     +0     294   
g87961__403021/Y       NOR2X1         2  0.8   37   +43     337 R 
g87950__402786_dup/A                                 +0     337   
g87950__402786_dup/Y   NAND2X1        1  0.4   33   +43     379 F 
fopt403024/A                                         +0     379   
fopt403024/Y           INVX1          2  0.6   16   +24     404 R 
g397844/B                                            +0     404   
g397844/Y              OR2X1          1  0.4   12   +38     442 R 
g390497/B                                            +0     442   
g390497/Y              NOR2X1         9  2.0   44   +30     472 F 
g388524/A                                            +0     472   
g388524/Y              INVX1          6  2.4   41   +42     514 R 
g378368/B                                            +0     514   
g378368/Y              NOR2X1         4  1.6   39   +39     553 F 
g375460/B                                            +0     553   
g375460/Y              NAND2X1        1  0.4   18   +27     580 R 
g374942/A                                            +0     580   
g374942/Y              NAND2X1        1  0.2   25   +31     612 F 
g374320__6417/A                                      +0     612   
g374320__6417/Y        OR2X1          1  0.4   15   +68     679 F 
g373980__2883/A                                      +0     679   
g373980__2883/Y        NOR2X1         1  0.4   28   +30     709 R 
g373797__3680/B                                      +0     709   
g373797__3680/Y        NAND2X1        1  0.4   32   +35     744 F 
g373696__4733/B                                      +0     744   
g373696__4733/Y        NOR2X1         1  0.4   28   +31     775 R 
g373644__2883/A                                      +0     775   
g373644__2883/Y        NAND2X1        1  0.4   32   +39     814 F 
g373614__9315/A                                      +0     814   
g373614__9315/Y        NOR2X1         1  0.4   28   +37     851 R 
g373597__4319/B                                      +0     851   
g373597__4319/Y        NAND2X1        1  0.4   32   +35     886 F 
g373589__2346/B                                      +0     886   
g373589__2346/Y        NOR2X1         1  0.4   28   +31     917 R 
g373587__9945/B                                      +0     917   
g373587__9945/Y        NAND2X1        1  0.3   29   +33     950 F 
data_out_reg[1]/D      DFFRHQX1                      +0     950   
data_out_reg[1]/CK     setup                    0   +36     986 R 
- - - - - - - - - - - - - - - - - - - - - - - - - - - - - - - - - 
(clock clk)            capture                              986 R 
------------------------------------------------------------------
Cost Group   : 'clk' (path_group 'clk')
Timing slack :       0ps 
Start-point  : sp_reg[16]/CK
End-point    : data_out_reg[1]/D

path  38:

       Pin            Type     Fanout Load Slew Delay Arrival   
                                      (fF) (ps)  (ps)   (ps)    
----------------------------------------------------------------
(clock clk)          launch                                 0 R 
sp_reg[1]/CK                                  0    +0       0 R 
sp_reg[1]/Q          DFFRHQX1       3  1.2   24  +121     121 F 
g399465/A                                          +0     121   
g399465/Y            NOR2X1         4  1.4   53   +48     170 R 
g399442/A                                          +0     170   
g399442/Y            INVX1          3  1.2   29   +40     210 F 
g399392/B                                          +0     210   
g399392/Y            NOR2X1         2  0.8   38   +36     246 R 
g399357/B                                          +0     246   
g399357/Y            NOR2X1         1  0.4   20   +28     275 F 
g399271/B                                          +0     275   
g399271/Y            NOR2X1         2  0.6   31   +29     304 R 
g402712/A                                          +0     304   
g402712/Y            INVX1          3  1.0   24   +29     333 F 
g402713/A                                          +0     333   
g402713/Y            INVX1          2  0.8   18   +22     354 R 
g402715/A                                          +0     354   
g402715/Y            INVX1          3  1.0   22   +23     377 F 
g402821/B                                          +0     377   
g402821/Y            OR2X1          3  1.2   27   +66     443 F 
g390496/B                                          +0     443   
g390496/Y            NOR2X1        13  5.2  149   +99     542 R 
g384786/B                                          +0     542   
g384786/Y            NAND2X1        1  0.4   46   +88     631 F 
g379054/A                                          +0     631   
g379054/Y            NAND2X1        1  0.2   18   +31     662 R 
g376963/A                                          +0     662   
g376963/Y            AND2X1         1  0.4   14   +64     726 R 
g375509/B                                          +0     726   
g375509/Y            NOR2X1         1  0.4   21   +17     744 F 
g374597/B                                          +0     744   
g374597/Y            NAND2X1        1  0.4   19   +19     763 R 
g374123__7410/A                                    +0     763   
g374123__7410/Y      NOR2X1         1  0.4   20   +25     788 F 
g373874__2398/B                                    +0     788   
g373874__2398/Y      NAND2X1        1  0.4   17   +19     806 R 
g373730__1666/B                                    +0     806   
g373730__1666/Y      NOR2X1         1  0.4   20   +19     825 F 
g373660__1705/B                                    +0     825   
g373660__1705/Y      NAND2X1        1  0.4   17   +19     844 R 
g373623__5107/B                                    +0     844   
g373623__5107/Y      NOR2X1         1  0.4   19   +19     863 F 
g373601__3680/A                                    +0     863   
g373601__3680/Y      NAND2X1        1  0.4   17   +21     884 R 
g373591__7410/A                                    +0     884   
g373591__7410/Y      NOR2X1         1  0.4   19   +24     908 F 
g373586__9315/B                                    +0     908   
g373586__9315/Y      NAND2X1        1  0.3   16   +18     925 R 
data_out_reg[0]/D    DFFRHQX1                      +0     925   
data_out_reg[0]/CK   setup                    0   +60     986 R 
- - - - - - - - - - - - - - - - - - - - - - - - - - - - - - - - 
(clock clk)          capture                              986 R 
----------------------------------------------------------------
Cost Group   : 'clk' (path_group 'clk')
Timing slack :       0ps 
Start-point  : sp_reg[1]/CK
End-point    : data_out_reg[0]/D

path  39:

       Pin            Type     Fanout Load Slew Delay Arrival   
                                      (fF) (ps)  (ps)   (ps)    
----------------------------------------------------------------
(clock clk)          launch                                 0 R 
sp_reg[7]/CK                                  0    +0       0 R 
sp_reg[7]/Q          DFFRHQX1       4  1.6   30  +125     125 F 
g399419/B                                          +0     125   
g399419/Y            NOR2X1         1  0.4   28   +31     155 R 
g399385/B                                          +0     155   
g399385/Y            NAND2X1        1  0.4   32   +35     190 F 
g399356/B                                          +0     190   
g399356/Y            NOR2X1         1  0.4   28   +31     221 R 
g399267/B                                          +0     221   
g399267/Y            NAND2X1        2  0.8   43   +41     262 F 
g397389/B                                          +0     262   
g397389/Y            XOR2X1         6  2.0   35   +87     349 R 
fopt401263/A                                       +0     349   
fopt401263/Y         INVX1          2  0.8   21   +29     378 F 
g390487/B                                          +0     378   
g390487/Y            NAND2X1        2  0.8   23   +22     401 R 
g388509/A                                          +0     401   
g388509/Y            INVX1          4  1.0   22   +25     426 F 
g386735/A                                          +0     426   
g386735/Y            AND2X1         6  2.4   43   +56     482 F 
fopt401221/A                                       +0     482   
fopt401221/Y         INVX1          4  1.6   30   +36     518 R 
fopt401220/A                                       +0     518   
fopt401220/Y         INVX1          4  1.6   32   +33     551 F 
g378585/B                                          +0     551   
g378585/Y            NAND2X1        1  0.4   17   +24     575 R 
g378167/A                                          +0     575   
g378167/Y            NAND2X1        1  0.4   31   +34     609 F 
g376547/A                                          +0     609   
g376547/Y            NOR2X1         1  0.4   28   +36     646 R 
g375179/B                                          +0     646   
g375179/Y            NOR2X1         1  0.4   26   +24     669 F 
g374451__7482/A                                    +0     669   
g374451__7482/Y      NOR2X1         1  0.4   26   +34     704 R 
g374061__6161/B                                    +0     704   
g374061__6161/Y      NAND2X1        1  0.4   32   +34     738 F 
g373864__4733/A                                    +0     738   
g373864__4733/Y      NOR2X1         1  0.4   28   +36     774 R 
g373715__2802/B                                    +0     774   
g373715__2802/Y      NAND2X1        1  0.4   32   +35     809 F 
g373651__5107/A                                    +0     809   
g373651__5107/Y      NOR2X1         1  0.4   28   +37     846 R 
g373601__3680/B                                    +0     846   
g373601__3680/Y      NAND2X1        1  0.4   32   +35     880 F 
g373591__7410/A                                    +0     880   
g373591__7410/Y      NOR2X1         1  0.4   28   +37     917 R 
g373586__9315/B                                    +0     917   
g373586__9315/Y      NAND2X1        1  0.3   29   +33     950 F 
data_out_reg[0]/D    DFFRHQX1                      +0     950   
data_out_reg[0]/CK   setup                    0   +36     986 R 
- - - - - - - - - - - - - - - - - - - - - - - - - - - - - - - - 
(clock clk)          capture                              986 R 
----------------------------------------------------------------
Cost Group   : 'clk' (path_group 'clk')
Timing slack :       0ps 
Start-point  : sp_reg[7]/CK
End-point    : data_out_reg[0]/D

path  40:

       Pin            Type     Fanout Load Slew Delay Arrival   
                                      (fF) (ps)  (ps)   (ps)    
----------------------------------------------------------------
(clock clk)          launch                                 0 R 
sp_reg[3]/CK                                  0    +0       0 R 
sp_reg[3]/Q          DFFRHQX1       4  1.6   30  +125     125 F 
g403073/B                                          +0     125   
g403073/Y            NOR2X1         3  1.2   48   +42     167 R 
g399402/B                                          +0     167   
g399402/Y            NAND2X1        1  0.4   34   +44     211 F 
g399358/B                                          +0     211   
g399358/Y            NOR2X1         2  0.8   38   +38     249 R 
g402824/B                                          +0     249   
g402824/Y            NOR2X1         2  0.8   24   +32     281 F 
g397857_dup/B                                      +0     281   
g397857_dup/Y        NOR2X1         3  0.8   37   +34     315 R 
g402828/B                                          +0     315   
g402828/Y            OR2X1          2  0.6   15   +47     362 R 
fopt403316/A                                       +0     362   
fopt403316/Y         INVX1          2  0.8   18   +20     381 F 
fopt403318/A                                       +0     381   
fopt403318/Y         INVX1          3  1.0   19   +21     402 R 
g403320/B                                          +0     402   
g403320/Y            NOR2X1         4  1.6   38   +30     432 F 
fopt403217/A                                       +0     432   
fopt403217/Y         INVX1          4  1.6   30   +34     465 R 
fopt403211/A                                       +0     465   
fopt403211/Y         INVX1          4  1.6   32   +33     498 F 
g384869/B                                          +0     498   
g384869/Y            NAND2X1        1  0.4   17   +24     522 R 
g380436/A                                          +0     522   
g380436/Y            NAND2X1        1  0.4   31   +34     557 F 
g377900/B                                          +0     557   
g377900/Y            NAND2X1        1  0.4   19   +24     580 R 
g376326/A                                          +0     580   
g376326/Y            NAND2X1        1  0.2   25   +32     612 F 
g375057/A                                          +0     612   
g375057/Y            OR2X1          1  0.4   15   +68     680 F 
g374382__8428/A                                    +0     680   
g374382__8428/Y      NOR2X1         1  0.4   26   +30     710 R 
g373818__2398/B                                    +0     710   
g373818__2398/Y      NAND2X1        1  0.4   32   +34     744 F 
g373705__5477/A                                    +0     744   
g373705__5477/Y      NOR2X1         1  0.4   28   +36     781 R 
g373654__8428/A                                    +0     781   
g373654__8428/Y      NAND2X1        1  0.4   32   +39     820 F 
g373610__5115/B                                    +0     820   
g373610__5115/Y      NOR2X1         1  0.4   28   +31     851 R 
g373595__5107/B                                    +0     851   
g373595__5107/Y      NAND2X1        1  0.4   32   +35     886 F 
g373591__7410/B                                    +0     886   
g373591__7410/Y      NOR2X1         1  0.4   28   +31     917 R 
g373586__9315/B                                    +0     917   
g373586__9315/Y      NAND2X1        1  0.3   29   +33     950 F 
data_out_reg[0]/D    DFFRHQX1                      +0     950   
data_out_reg[0]/CK   setup                    0   +36     986 R 
- - - - - - - - - - - - - - - - - - - - - - - - - - - - - - - - 
(clock clk)          capture                              986 R 
----------------------------------------------------------------
Cost Group   : 'clk' (path_group 'clk')
Timing slack :       0ps 
Start-point  : sp_reg[3]/CK
End-point    : data_out_reg[0]/D

path  41:

       Pin            Type     Fanout Load Slew Delay Arrival   
                                      (fF) (ps)  (ps)   (ps)    
----------------------------------------------------------------
(clock clk)          launch                                 0 R 
sp_reg[7]/CK                                  0    +0       0 R 
sp_reg[7]/Q          DFFRHQX1       4  1.6   30  +125     125 F 
g399419/B                                          +0     125   
g399419/Y            NOR2X1         1  0.4   28   +31     155 R 
g399385/B                                          +0     155   
g399385/Y            NAND2X1        1  0.4   32   +35     190 F 
g399356/B                                          +0     190   
g399356/Y            NOR2X1         1  0.4   28   +31     221 R 
g399267/B                                          +0     221   
g399267/Y            NAND2X1        2  0.8   43   +41     262 F 
g397389/B                                          +0     262   
g397389/Y            XOR2X1         6  2.0   35   +87     349 R 
g390488/B                                          +0     349   
g390488/Y            OR2X1          5  1.8   30   +55     404 R 
g386736/B                                          +0     404   
g386736/Y            NOR2X1        10  4.0   73   +54     458 F 
fopt400847/A                                       +0     458   
fopt400847/Y         INVX1          2  0.8   24   +43     501 R 
fopt400845/A                                       +0     501   
fopt400845/Y         INVX1          6  2.4   43   +37     538 F 
g378922/B                                          +0     538   
g378922/Y            NAND2X1        1  0.4   18   +29     567 R 
g377008/A                                          +0     567   
g377008/Y            NAND2X1        1  0.4   31   +35     602 F 
g375556/B                                          +0     602   
g375556/Y            NAND2X1        1  0.4   26   +24     626 R 
g374627/A                                          +0     626   
g374627/Y            NAND2X1        1  0.4   31   +38     664 F 
g374135__2802/A                                    +0     664   
g374135__2802/Y      NOR2X1         1  0.4   28   +36     700 R 
g373878__8428/B                                    +0     700   
g373878__8428/Y      NAND2X1        1  0.4   32   +35     735 F 
g373739__5526/A                                    +0     735   
g373739__5526/Y      NOR2X1         1  0.4   28   +37     771 R 
g373720__6131/A                                    +0     771   
g373720__6131/Y      NAND2X1        1  0.4   32   +39     810 F 
g373656__6783/B                                    +0     810   
g373656__6783/Y      NOR2X1         1  0.4   28   +31     842 R 
g373618__1666/B                                    +0     842   
g373618__1666/Y      NAND2X1        1  0.4   32   +35     876 F 
g373596__6260/A                                    +0     876   
g373596__6260/Y      NOR2X1         1  0.4   28   +37     913 R 
g373586__9315/A                                    +0     913   
g373586__9315/Y      NAND2X1        1  0.3   29   +37     950 F 
data_out_reg[0]/D    DFFRHQX1                      +0     950   
data_out_reg[0]/CK   setup                    0   +36     986 R 
- - - - - - - - - - - - - - - - - - - - - - - - - - - - - - - - 
(clock clk)          capture                              986 R 
----------------------------------------------------------------
Cost Group   : 'clk' (path_group 'clk')
Timing slack :       0ps 
Start-point  : sp_reg[7]/CK
End-point    : data_out_reg[0]/D

path  42:

       Pin            Type     Fanout Load Slew Delay Arrival   
                                      (fF) (ps)  (ps)   (ps)    
----------------------------------------------------------------
(clock clk)          launch                                 0 R 
sp_reg[7]/CK                                  0    +0       0 R 
sp_reg[7]/Q          DFFRHQX1       4  1.6   30  +125     125 F 
g399419/B                                          +0     125   
g399419/Y            NOR2X1         1  0.4   28   +31     155 R 
g399385/B                                          +0     155   
g399385/Y            NAND2X1        1  0.4   32   +35     190 F 
g399356/B                                          +0     190   
g399356/Y            NOR2X1         1  0.4   28   +31     221 R 
g399267/B                                          +0     221   
g399267/Y            NAND2X1        2  0.8   43   +41     262 F 
g397389/B                                          +0     262   
g397389/Y            XOR2X1         6  2.0   39   +83     346 F 
fopt401264/A                                       +0     346   
fopt401264/Y         INVX1          2  0.8   20   +28     374 R 
g390483/B                                          +0     374   
g390483/Y            NOR2X1         3  0.8   25   +23     397 F 
g386737/B                                          +0     397   
g386737/Y            AND2X1         4  1.6   31   +54     451 F 
fopt401080/A                                       +0     451   
fopt401080/Y         INVX1          2  0.8   18   +25     476 R 
fopt401079/A                                       +0     476   
fopt401079/Y         INVX1          4  1.6   30   +28     504 F 
fopt401078/A                                       +0     504   
fopt401078/Y         INVX1          2  0.8   18   +25     529 R 
fopt401077/A                                       +0     529   
fopt401077/Y         INVX1          4  1.6   30   +28     557 F 
g380014/B                                          +0     557   
g380014/Y            NAND2X1        1  0.4   17   +23     580 R 
g377616/B                                          +0     580   
g377616/Y            NAND2X1        1  0.4   31   +30     610 F 
g376046/B                                          +0     610   
g376046/Y            NOR2X1         1  0.4   28   +31     641 R 
g374902/B                                          +0     641   
g374902/Y            NOR2X1         1  0.4   20   +24     665 F 
g374283__7482/A                                    +0     665   
g374283__7482/Y      NOR2X1         1  0.4   26   +32     697 R 
g373953__2346/A                                    +0     697   
g373953__2346/Y      NAND2X1        1  0.4   32   +38     735 F 
g373858__8246/A                                    +0     735   
g373858__8246/Y      NOR2X1         1  0.4   28   +36     771 R 
g373689__5122/B                                    +0     771   
g373689__5122/Y      NAND2X1        1  0.4   32   +35     806 F 
g373639__7482/B                                    +0     806   
g373639__7482/Y      NOR2X1         1  0.4   28   +31     837 R 
g373618__1666/A                                    +0     837   
g373618__1666/Y      NAND2X1        1  0.4   32   +39     876 F 
g373596__6260/A                                    +0     876   
g373596__6260/Y      NOR2X1         1  0.4   28   +37     913 R 
g373586__9315/A                                    +0     913   
g373586__9315/Y      NAND2X1        1  0.3   29   +37     950 F 
data_out_reg[0]/D    DFFRHQX1                      +0     950   
data_out_reg[0]/CK   setup                    0   +36     986 R 
- - - - - - - - - - - - - - - - - - - - - - - - - - - - - - - - 
(clock clk)          capture                              986 R 
----------------------------------------------------------------
Cost Group   : 'clk' (path_group 'clk')
Timing slack :       0ps 
Start-point  : sp_reg[7]/CK
End-point    : data_out_reg[0]/D

path  43:

       Pin            Type     Fanout Load Slew Delay Arrival   
                                      (fF) (ps)  (ps)   (ps)    
----------------------------------------------------------------
(clock clk)          launch                                 0 R 
sp_reg[5]/CK                                  0    +0       0 R 
sp_reg[5]/Q          DFFRHQX1       3  1.2   24  +121     121 F 
g403073/A                                          +0     121   
g403073/Y            NOR2X1         3  1.2   48   +45     167 R 
g402999_dup/A                                      +0     167   
g402999_dup/Y        NAND2X1        1  0.4   33   +47     214 F 
g403077/A                                          +0     214   
g403077/Y            NOR2X1         2  0.8   38   +43     257 R 
g399250/B                                          +0     257   
g399250/Y            NOR2X1         1  0.4   20   +29     286 F 
g398249/B                                          +0     286   
g398249/Y            NOR2X1         2  0.8   36   +32     318 R 
fopt402878/A                                       +0     318   
fopt402878/Y         INVX1          3  1.2   27   +33     350 F 
fopt403355/A                                       +0     350   
fopt403355/Y         INVX1          2  0.8   18   +23     374 R 
g397367_dup/B                                      +0     374   
g397367_dup/Y        NOR2X1         1  0.4   17   +19     393 F 
g403356/A                                          +0     393   
g403356/Y            NAND2X1        3  0.8   22   +23     416 R 
g402272/B                                          +0     416   
g402272/Y            OR2X1          5  2.0   33   +51     467 R 
g402274/A                                          +0     467   
g402274/Y            INVX1         11  4.4   73   +57     524 F 
g379980/B                                          +0     524   
g379980/Y            NAND2X1        1  0.4   22   +42     566 R 
g377582/A                                          +0     566   
g377582/Y            NAND2X1        1  0.4   31   +37     603 F 
g376041/A                                          +0     603   
g376041/Y            NAND2X1        1  0.4   19   +26     629 R 
g374892/A                                          +0     629   
g374892/Y            NAND2X1        1  0.4   31   +35     664 F 
g374287__9945/A                                    +0     664   
g374287__9945/Y      NOR2X1         1  0.4   26   +36     700 R 
g373964__6783/B                                    +0     700   
g373964__6783/Y      NAND2X1        1  0.4   32   +34     735 F 
g373783__9945/A                                    +0     735   
g373783__9945/Y      NOR2X1         1  0.4   28   +36     771 R 
g373683__5526/A                                    +0     771   
g373683__5526/Y      NAND2X1        1  0.4   32   +39     810 F 
g373608__6131/A                                    +0     810   
g373608__6131/Y      NOR2X1         1  0.4   28   +37     847 R 
g373595__5107/A                                    +0     847   
g373595__5107/Y      NAND2X1        1  0.4   32   +39     886 F 
g373591__7410/B                                    +0     886   
g373591__7410/Y      NOR2X1         1  0.4   28   +31     917 R 
g373586__9315/B                                    +0     917   
g373586__9315/Y      NAND2X1        1  0.3   29   +33     950 F 
data_out_reg[0]/D    DFFRHQX1                      +0     950   
data_out_reg[0]/CK   setup                    0   +36     986 R 
- - - - - - - - - - - - - - - - - - - - - - - - - - - - - - - - 
(clock clk)          capture                              986 R 
----------------------------------------------------------------
Cost Group   : 'clk' (path_group 'clk')
Timing slack :       0ps 
Start-point  : sp_reg[5]/CK
End-point    : data_out_reg[0]/D

path  44:

       Pin            Type     Fanout Load Slew Delay Arrival   
                                      (fF) (ps)  (ps)   (ps)    
----------------------------------------------------------------
(clock clk)          launch                                 0 R 
sp_reg[5]/CK                                  0    +0       0 R 
sp_reg[5]/Q          DFFRHQX1       3  1.2   24  +121     121 F 
g399419/A                                          +0     121   
g399419/Y            NOR2X1         1  0.4   28   +34     155 R 
g399385/B                                          +0     155   
g399385/Y            NAND2X1        1  0.4   32   +35     190 F 
g399356/B                                          +0     190   
g399356/Y            NOR2X1         1  0.4   28   +31     221 R 
g399267/B                                          +0     221   
g399267/Y            NAND2X1        2  0.8   43   +41     262 F 
g397389/B                                          +0     262   
g397389/Y            XOR2X1         6  2.0   39   +83     346 F 
fopt401264/A                                       +0     346   
fopt401264/Y         INVX1          2  0.8   20   +28     374 R 
g390483/B                                          +0     374   
g390483/Y            NOR2X1         3  0.8   25   +23     397 F 
g386737/B                                          +0     397   
g386737/Y            AND2X1         4  1.6   31   +54     451 F 
fopt401080/A                                       +0     451   
fopt401080/Y         INVX1          2  0.8   18   +25     476 R 
fopt401079/A                                       +0     476   
fopt401079/Y         INVX1          4  1.6   30   +28     504 F 
fopt401078/A                                       +0     504   
fopt401078/Y         INVX1          2  0.8   18   +25     529 R 
fopt401077/A                                       +0     529   
fopt401077/Y         INVX1          4  1.6   30   +28     556 F 
g380839/B                                          +0     556   
g380839/Y            NAND2X1        1  0.4   17   +23     580 R 
g378164/A                                          +0     580   
g378164/Y            NAND2X1        1  0.4   31   +34     614 F 
g376550/B                                          +0     614   
g376550/Y            NOR2X1         1  0.4   28   +31     645 R 
g375176/B                                          +0     645   
g375176/Y            NOR2X1         1  0.4   20   +24     669 F 
g374443__2802/A                                    +0     669   
g374443__2802/Y      NOR2X1         1  0.4   27   +32     701 R 
g374056__6131/A                                    +0     701   
g374056__6131/Y      NAND2X1        1  0.4   32   +39     739 F 
g373825__3680/A                                    +0     739   
g373825__3680/Y      NOR2X1         1  0.4   28   +36     776 R 
g373694__5115/B                                    +0     776   
g373694__5115/Y      NAND2X1        1  0.4   32   +35     811 F 
g373634__8246/A                                    +0     811   
g373634__8246/Y      NOR2X1         1  0.4   26   +37     847 R 
g373607__7098/B                                    +0     847   
g373607__7098/Y      NAND2X1        1  0.4   32   +34     882 F 
g373596__6260/B                                    +0     882   
g373596__6260/Y      NOR2X1         1  0.4   28   +31     913 R 
g373586__9315/A                                    +0     913   
g373586__9315/Y      NAND2X1        1  0.3   29   +37     950 F 
data_out_reg[0]/D    DFFRHQX1                      +0     950   
data_out_reg[0]/CK   setup                    0   +36     986 R 
- - - - - - - - - - - - - - - - - - - - - - - - - - - - - - - - 
(clock clk)          capture                              986 R 
----------------------------------------------------------------
Cost Group   : 'clk' (path_group 'clk')
Timing slack :       0ps 
Start-point  : sp_reg[5]/CK
End-point    : data_out_reg[0]/D

path  45:

       Pin            Type     Fanout Load Slew Delay Arrival   
                                      (fF) (ps)  (ps)   (ps)    
----------------------------------------------------------------
(clock clk)          launch                                 0 R 
sp_reg[0]/CK                                  0    +0       0 R 
sp_reg[0]/Q          DFFRHQX1       4  1.6   30  +125     125 F 
g399465/B                                          +0     125   
g399465/Y            NOR2X1         4  1.4   53   +45     170 R 
g399442/A                                          +0     170   
g399442/Y            INVX1          3  1.2   29   +40     210 F 
g399392/B                                          +0     210   
g399392/Y            NOR2X1         2  0.8   38   +36     246 R 
g399357/B                                          +0     246   
g399357/Y            NOR2X1         1  0.4   20   +28     275 F 
g399271/B                                          +0     275   
g399271/Y            NOR2X1         2  0.6   31   +29     304 R 
g402712/A                                          +0     304   
g402712/Y            INVX1          3  1.0   24   +29     333 F 
g402711/A                                          +0     333   
g402711/Y            INVX1          4  1.6   28   +27     360 R 
g403009/A                                          +0     360   
g403009/Y            INVX1          2  0.8   20   +26     386 F 
g402716_dup/A                                      +0     386   
g402716_dup/Y        INVX1          2  0.8   17   +20     406 R 
g403011/A                                          +0     406   
g403011/Y            NAND2X1        2  0.8   42   +41     446 F 
g397391/A                                          +0     446   
g397391/Y            INVX1          1  0.4   15   +27     473 R 
g397374/B                                          +0     473   
g397374/Y            NAND2X1        4  0.8   42   +36     509 F 
g386700/B                                          +0     509   
g386700/Y            OR2X1          3  1.2   27   +73     582 F 
fopt400638/A                                       +0     582   
fopt400638/Y         INVX1          4  1.6   28   +29     610 R 
fopt400637/A                                       +0     610   
fopt400637/Y         INVX1          2  0.8   20   +26     636 F 
g381099/A                                          +0     636   
g381099/Y            NOR2X1         4  1.6   56   +50     686 R 
g377113/B                                          +0     686   
g377113/Y            NAND2X1        1  0.4   35   +47     733 F 
g375636/B                                          +0     733   
g375636/Y            NAND2X1        1  0.4   19   +25     759 R 
g374673/A                                          +0     759   
g374673/Y            NOR2X1         1  0.2   17   +23     782 F 
g373903__5107/B                                    +0     782   
g373903__5107/Y      AND2X1         1  0.4   13   +42     823 F 
g373672__2883/A                                    +0     823   
g373672__2883/Y      NAND2X1        1  0.4   16   +18     842 R 
g373630__1617/B                                    +0     842   
g373630__1617/Y      NOR2X1         1  0.4   19   +18     860 F 
g373606__8246/A                                    +0     860   
g373606__8246/Y      NAND2X1        1  0.4   17   +21     881 R 
g373594__2398/A                                    +0     881   
g373594__2398/Y      NOR2X1         1  0.4   19   +24     905 F 
g373585__6161/A                                    +0     905   
g373585__6161/Y      NAND2X1        1  0.3   16   +20     925 R 
data_out_reg[3]/D    DFFRHQX1                      +0     925   
data_out_reg[3]/CK   setup                    0   +60     986 R 
- - - - - - - - - - - - - - - - - - - - - - - - - - - - - - - - 
(clock clk)          capture                              986 R 
----------------------------------------------------------------
Cost Group   : 'clk' (path_group 'clk')
Timing slack :       0ps 
Start-point  : sp_reg[0]/CK
End-point    : data_out_reg[3]/D

path  46:

       Pin            Type     Fanout Load Slew Delay Arrival   
                                      (fF) (ps)  (ps)   (ps)    
----------------------------------------------------------------
(clock clk)          launch                                 0 R 
sp_reg[0]/CK                                  0    +0       0 R 
sp_reg[0]/Q          DFFRHQX1       4  1.6   30  +125     125 F 
g399465/B                                          +0     125   
g399465/Y            NOR2X1         4  1.4   53   +45     170 R 
g399442/A                                          +0     170   
g399442/Y            INVX1          3  1.2   29   +40     210 F 
g403074/A                                          +0     210   
g403074/Y            NOR2X1         2  0.8   38   +42     252 R 
g399257/B                                          +0     252   
g399257/Y            NOR2X1         1  0.4   20   +28     280 F 
g397856/B                                          +0     280   
g397856/Y            NOR2X1         4  1.0   42   +35     315 R 
fopt403124/A                                       +0     315   
fopt403124/Y         INVX1          2  0.6   19   +30     346 F 
g397388/B                                          +0     346   
g397388/Y            OR2X1          2  0.6   18   +61     406 F 
fopt402547/A                                       +0     406   
fopt402547/Y         INVX1          2  0.8   17   +19     425 R 
fopt402546/A                                       +0     425   
fopt402546/Y         INVX1          4  1.6   30   +27     452 F 
fopt402543/A                                       +0     452   
fopt402543/Y         INVX1          1  0.2   11   +20     473 R 
g381132/B                                          +0     473   
g381132/Y            AND2X1        11  4.4   65   +95     568 R 
g379756/A                                          +0     568   
g379756/Y            INVX1          7  2.8   54   +59     626 F 
g403084/B                                          +0     626   
g403084/Y            NOR2X1         4  1.6   61   +59     685 R 
g375443/B                                          +0     685   
g375443/Y            NAND2X1        1  0.4   36   +49     734 F 
g374924/A                                          +0     734   
g374924/Y            NAND2X1        1  0.4   19   +28     762 R 
g374311__7482/A                                    +0     762   
g374311__7482/Y      NOR2X1         1  0.4   20   +25     787 F 
g373976__4733/A                                    +0     787   
g373976__4733/Y      NAND2X1        1  0.4   17   +21     808 R 
g373796__6783/B                                    +0     808   
g373796__6783/Y      NOR2X1         1  0.4   19   +19     827 F 
g373643__9945/A                                    +0     827   
g373643__9945/Y      NAND2X1        1  0.4   17   +21     848 R 
g373620__6417/B                                    +0     848   
g373620__6417/Y      NOR2X1         1  0.4   19   +19     867 F 
g373599__5526/A                                    +0     867   
g373599__5526/Y      NAND2X1        1  0.4   17   +21     888 R 
g373590__1666/B                                    +0     888   
g373590__1666/Y      NOR2X1         1  0.4   19   +19     907 F 
g373585__6161/B                                    +0     907   
g373585__6161/Y      NAND2X1        1  0.3   16   +18     925 R 
data_out_reg[3]/D    DFFRHQX1                      +0     925   
data_out_reg[3]/CK   setup                    0   +60     986 R 
- - - - - - - - - - - - - - - - - - - - - - - - - - - - - - - - 
(clock clk)          capture                              986 R 
----------------------------------------------------------------
Cost Group   : 'clk' (path_group 'clk')
Timing slack :       0ps 
Start-point  : sp_reg[0]/CK
End-point    : data_out_reg[3]/D

path  47:

       Pin            Type     Fanout Load Slew Delay Arrival   
                                      (fF) (ps)  (ps)   (ps)    
----------------------------------------------------------------
(clock clk)          launch                                 0 R 
sp_reg[7]/CK                                  0    +0       0 R 
sp_reg[7]/Q          DFFRHQX1       4  1.6   30  +125     125 F 
g399419/B                                          +0     125   
g399419/Y            NOR2X1         1  0.4   28   +31     155 R 
g399385/B                                          +0     155   
g399385/Y            NAND2X1        1  0.4   32   +35     190 F 
g399356/B                                          +0     190   
g399356/Y            NOR2X1         1  0.4   28   +31     221 R 
g399267/B                                          +0     221   
g399267/Y            NAND2X1        2  0.8   43   +41     262 F 
g397389/B                                          +0     262   
g397389/Y            XOR2X1         6  2.0   39   +83     346 F 
fopt401264/A                                       +0     346   
fopt401264/Y         INVX1          2  0.8   20   +28     374 R 
g390483/B                                          +0     374   
g390483/Y            NOR2X1         3  0.8   25   +23     397 F 
g402687/B                                          +0     397   
g402687/Y            AND2X1         3  1.2   25   +51     448 F 
fopt402254/A                                       +0     448   
fopt402254/Y         INVX1          4  1.6   28   +28     476 R 
fopt402256/A                                       +0     476   
fopt402256/Y         INVX1          3  1.2   26   +29     505 F 
fopt402261/A                                       +0     505   
fopt402261/Y         INVX1          2  0.8   18   +23     528 R 
fopt401760/A                                       +0     528   
fopt401760/Y         INVX1          4  1.6   30   +28     555 F 
g379390/B                                          +0     555   
g379390/Y            NAND2X1        1  0.4   17   +23     579 R 
g377208/B                                          +0     579   
g377208/Y            NAND2X1        1  0.4   31   +30     609 F 
g375725/B                                          +0     609   
g375725/Y            NOR2X1         1  0.4   28   +31     639 R 
g374720/B                                          +0     639   
g374720/Y            NOR2X1         1  0.4   23   +24     663 F 
g374192__1705/B                                    +0     663   
g374192__1705/Y      NOR2X1         1  0.4   27   +28     691 R 
g373917__1881/A                                    +0     691   
g373917__1881/Y      NAND2X1        1  0.4   32   +38     729 F 
g373762__2398/A                                    +0     729   
g373762__2398/Y      NOR2X1         1  0.4   28   +36     766 R 
g373678__2398/A                                    +0     766   
g373678__2398/Y      NAND2X1        1  0.4   32   +39     805 F 
g373632__1705/A                                    +0     805   
g373632__1705/Y      NOR2X1         1  0.4   28   +37     841 R 
g373606__8246/B                                    +0     841   
g373606__8246/Y      NAND2X1        1  0.4   32   +35     876 F 
g373594__2398/A                                    +0     876   
g373594__2398/Y      NOR2X1         1  0.4   28   +37     913 R 
g373585__6161/A                                    +0     913   
g373585__6161/Y      NAND2X1        1  0.3   29   +37     950 F 
data_out_reg[3]/D    DFFRHQX1                      +0     950   
data_out_reg[3]/CK   setup                    0   +36     986 R 
- - - - - - - - - - - - - - - - - - - - - - - - - - - - - - - - 
(clock clk)          capture                              986 R 
----------------------------------------------------------------
Cost Group   : 'clk' (path_group 'clk')
Timing slack :       0ps 
Start-point  : sp_reg[7]/CK
End-point    : data_out_reg[3]/D

path  48:

       Pin             Type     Fanout Load Slew Delay Arrival   
                                       (fF) (ps)  (ps)   (ps)    
-----------------------------------------------------------------
(clock clk)           launch                                 0 R 
sp_reg[0]/CK                                   0    +0       0 R 
sp_reg[0]/Q           DFFRHQX1       4  1.6   30  +125     125 F 
g399465/B                                           +0     125   
g399465/Y             NOR2X1         4  1.4   53   +45     170 R 
g399442/A                                           +0     170   
g399442/Y             INVX1          3  1.2   29   +40     210 F 
g399392/B                                           +0     210   
g399392/Y             NOR2X1         2  0.8   38   +36     246 R 
g399357/B                                           +0     246   
g399357/Y             NOR2X1         1  0.4   20   +28     275 F 
g399271/B                                           +0     275   
g399271/Y             NOR2X1         2  0.6   31   +29     304 R 
g402712/A                                           +0     304   
g402712/Y             INVX1          3  1.0   24   +29     333 F 
g402711/A                                           +0     333   
g402711/Y             INVX1          4  1.6   28   +27     360 R 
g398715/B                                           +0     360   
g398715/Y             NOR2X1         1  0.4   20   +24     384 F 
g403349/B                                           +0     384   
g403349/Y             NAND2X1        4  1.6   35   +27     411 R 
g402303_dup403351/A                                 +0     411   
g402303_dup403351/Y   INVX1          1  0.4   15   +26     437 F 
g403350/B                                           +0     437   
g403350/Y             NAND2X1        5  2.0   38   +28     465 R 
fopt401140/A                                        +0     465   
fopt401140/Y          INVX1          4  1.4   30   +35     500 F 
fopt401139/A                                        +0     500   
fopt401139/Y          INVX1          4  1.6   29   +30     530 R 
fopt401134/A                                        +0     530   
fopt401134/Y          INVX1          2  0.8   20   +26     557 F 
g379532/B                                           +0     557   
g379532/Y             NAND2X1        1  0.4   17   +19     576 R 
g377298/B                                           +0     576   
g377298/Y             NAND2X1        1  0.4   31   +30     606 F 
g375801/B                                           +0     606   
g375801/Y             NAND2X1        1  0.4   17   +24     629 R 
g374761/A                                           +0     629   
g374761/Y             NAND2X1        1  0.4   32   +34     663 F 
g374215__5526/A                                     +0     663   
g374215__5526/Y       NOR2X1         1  0.4   28   +36     700 R 
g373926__1666/B                                     +0     700   
g373926__1666/Y       NAND2X1        1  0.4   32   +35     735 F 
g373768__6783/A                                     +0     735   
g373768__6783/Y       NOR2X1         1  0.4   28   +37     771 R 
g373680__6260/A                                     +0     771   
g373680__6260/Y       NAND2X1        1  0.4   32   +39     810 F 
g373626__8428/A                                     +0     810   
g373626__8428/Y       NOR2X1         1  0.4   28   +37     847 R 
g373609__1881/B                                     +0     847   
g373609__1881/Y       NAND2X1        1  0.4   32   +35     882 F 
g373594__2398/B                                     +0     882   
g373594__2398/Y       NOR2X1         1  0.4   28   +31     913 R 
g373585__6161/A                                     +0     913   
g373585__6161/Y       NAND2X1        1  0.3   29   +37     950 F 
data_out_reg[3]/D     DFFRHQX1                      +0     950   
data_out_reg[3]/CK    setup                    0   +36     986 R 
- - - - - - - - - - - - - - - - - - - - - - - - - - - - - - - - -
(clock clk)           capture                              986 R 
-----------------------------------------------------------------
Cost Group   : 'clk' (path_group 'clk')
Timing slack :       0ps 
Start-point  : sp_reg[0]/CK
End-point    : data_out_reg[3]/D

path  49:

       Pin            Type     Fanout Load Slew Delay Arrival   
                                      (fF) (ps)  (ps)   (ps)    
----------------------------------------------------------------
(clock clk)          launch                                 0 R 
sp_reg[5]/CK                                  0    +0       0 R 
sp_reg[5]/Q          DFFRHQX1       3  1.2   24  +121     121 F 
g403073/A                                          +0     121   
g403073/Y            NOR2X1         3  1.2   48   +45     167 R 
g399402/B                                          +0     167   
g399402/Y            NAND2X1        1  0.4   34   +44     210 F 
g399358/B                                          +0     210   
g399358/Y            NOR2X1         2  0.8   38   +38     249 R 
g402824/B                                          +0     249   
g402824/Y            NOR2X1         2  0.8   24   +32     280 F 
g397857_dup/B                                      +0     280   
g397857_dup/Y        NOR2X1         3  0.8   37   +34     314 R 
g402828/B                                          +0     314   
g402828/Y            OR2X1          2  0.6   15   +47     361 R 
fopt403316/A                                       +0     361   
fopt403316/Y         INVX1          2  0.8   18   +20     381 F 
fopt403318/A                                       +0     381   
fopt403318/Y         INVX1          3  1.0   19   +21     402 R 
g403320/B                                          +0     402   
g403320/Y            NOR2X1         4  1.6   38   +30     432 F 
fopt403217/A                                       +0     432   
fopt403217/Y         INVX1          4  1.6   30   +34     465 R 
fopt403211/A                                       +0     465   
fopt403211/Y         INVX1          4  1.6   32   +33     498 F 
g384843/B                                          +0     498   
g384843/Y            NAND2X1        1  0.4   17   +24     522 R 
g380209/A                                          +0     522   
g380209/Y            NAND2X1        1  0.4   31   +34     557 F 
g377742/B                                          +0     557   
g377742/Y            NAND2X1        1  0.4   19   +24     580 R 
g376196/A                                          +0     580   
g376196/Y            NAND2X1        1  0.2   25   +32     612 F 
g374986/A                                          +0     612   
g374986/Y            OR2X1          1  0.4   15   +68     680 F 
g374342__9315/A                                    +0     680   
g374342__9315/Y      NOR2X1         1  0.4   26   +30     710 R 
g373805__1881/B                                    +0     710   
g373805__1881/Y      NAND2X1        1  0.4   32   +34     744 F 
g373733__5477/B                                    +0     744   
g373733__5477/Y      NOR2X1         1  0.4   28   +31     775 R 
g373648__6417/A                                    +0     775   
g373648__6417/Y      NAND2X1        1  0.4   32   +39     814 F 
g373616__2883/A                                    +0     814   
g373616__2883/Y      NOR2X1         1  0.4   28   +37     851 R 
g373599__5526/B                                    +0     851   
g373599__5526/Y      NAND2X1        1  0.4   32   +35     886 F 
g373590__1666/B                                    +0     886   
g373590__1666/Y      NOR2X1         1  0.4   28   +31     917 R 
g373585__6161/B                                    +0     917   
g373585__6161/Y      NAND2X1        1  0.3   29   +33     950 F 
data_out_reg[3]/D    DFFRHQX1                      +0     950   
data_out_reg[3]/CK   setup                    0   +36     986 R 
- - - - - - - - - - - - - - - - - - - - - - - - - - - - - - - - 
(clock clk)          capture                              986 R 
----------------------------------------------------------------
Cost Group   : 'clk' (path_group 'clk')
Timing slack :       0ps 
Start-point  : sp_reg[5]/CK
End-point    : data_out_reg[3]/D

path  50:

       Pin            Type     Fanout Load Slew Delay Arrival   
                                      (fF) (ps)  (ps)   (ps)    
----------------------------------------------------------------
(clock clk)          launch                                 0 R 
sp_reg[1]/CK                                  0    +0       0 R 
sp_reg[1]/Q          DFFRHQX1       3  1.2   24  +121     121 F 
g399465/A                                          +0     121   
g399465/Y            NOR2X1         4  1.4   53   +48     170 R 
g399442/A                                          +0     170   
g399442/Y            INVX1          3  1.2   29   +40     210 F 
g399407/B                                          +0     210   
g399407/Y            NOR2X1         2  0.8   38   +36     246 R 
g399354/B                                          +0     246   
g399354/Y            NOR2X1         1  0.4   20   +28     275 F 
g399209/B                                          +0     275   
g399209/Y            NOR2X1         2  0.6   32   +29     304 R 
g399186/A                                          +0     304   
g399186/Y            INVX1          3  0.8   21   +27     331 F 
g403304/A                                          +0     331   
g403304/Y            OR2X1          4  1.6   32   +76     407 F 
g403306/A                                          +0     407   
g403306/Y            INVX1          4  1.6   29   +31     438 R 
g403353/B                                          +0     438   
g403353/Y            NAND2X1        2  0.6   38   +38     477 F 
g386695/A                                          +0     477   
g386695/Y            NOR2X1         1  0.4   35   +39     516 R 
fopt401855/A                                       +0     516   
fopt401855/Y         INVX1          6  2.4   44   +42     558 F 
fopt401854/A                                       +0     558   
fopt401854/Y         INVX1          7  2.8   46   +45     602 R 
fopt401853/A                                       +0     602   
fopt401853/Y         INVX1          1  0.4   17   +31     633 F 
g381089/A                                          +0     633   
g381089/Y            NOR2X1         4  1.6   57   +48     681 R 
g376754/B                                          +0     681   
g376754/Y            NAND2X1        1  0.4   35   +48     729 F 
g376430/A                                          +0     729   
g376430/Y            NAND2X1        1  0.4   19   +28     757 R 
g374416__1705/B                                    +0     757   
g374416__1705/Y      NOR2X1         1  0.4   21   +20     777 F 
g374037__2346/B                                    +0     777   
g374037__2346/Y      NAND2X1        1  0.4   17   +19     796 R 
g373830__8246/A                                    +0     796   
g373830__8246/Y      NOR2X1         1  0.4   19   +24     820 F 
g373712__6783/B                                    +0     820   
g373712__6783/Y      NAND2X1        1  0.4   17   +19     839 R 
g373652__6260/A                                    +0     839   
g373652__6260/Y      NOR2X1         1  0.4   19   +24     863 F 
g373615__9945/B                                    +0     863   
g373615__9945/Y      NAND2X1        1  0.4   17   +19     881 R 
g373600__6783/A                                    +0     881   
g373600__6783/Y      NOR2X1         1  0.4   19   +24     905 F 
g373588__2883/A                                    +0     905   
g373588__2883/Y      NAND2X1        1  0.3   16   +20     925 R 
data_out_reg[2]/D    DFFRHQX1                      +0     925   
data_out_reg[2]/CK   setup                    0   +60     986 R 
- - - - - - - - - - - - - - - - - - - - - - - - - - - - - - - - 
(clock clk)          capture                              986 R 
----------------------------------------------------------------
Cost Group   : 'clk' (path_group 'clk')
Timing slack :       0ps 
Start-point  : sp_reg[1]/CK
End-point    : data_out_reg[2]/D

path  51:

       Pin            Type     Fanout Load Slew Delay Arrival   
                                      (fF) (ps)  (ps)   (ps)    
----------------------------------------------------------------
(clock clk)          launch                                 0 R 
sp_reg[7]/CK                                  0    +0       0 R 
sp_reg[7]/Q          DFFRHQX1       4  1.6   30  +125     125 F 
g399419/B                                          +0     125   
g399419/Y            NOR2X1         1  0.4   28   +31     155 R 
g399385/B                                          +0     155   
g399385/Y            NAND2X1        1  0.4   32   +35     190 F 
g399356/B                                          +0     190   
g399356/Y            NOR2X1         1  0.4   28   +31     221 R 
g399267/B                                          +0     221   
g399267/Y            NAND2X1        2  0.8   43   +41     262 F 
g397389/B                                          +0     262   
g397389/Y            XOR2X1         6  2.0   39   +83     346 F 
fopt401264/A                                       +0     346   
fopt401264/Y         INVX1          2  0.8   20   +28     374 R 
g390483/B                                          +0     374   
g390483/Y            NOR2X1         3  0.8   25   +23     397 F 
g386737/B                                          +0     397   
g386737/Y            AND2X1         4  1.6   31   +54     451 F 
fopt401080/A                                       +0     451   
fopt401080/Y         INVX1          2  0.8   18   +25     476 R 
fopt401079/A                                       +0     476   
fopt401079/Y         INVX1          4  1.6   30   +28     504 F 
fopt401078/A                                       +0     504   
fopt401078/Y         INVX1          2  0.8   18   +25     529 R 
fopt401077/A                                       +0     529   
fopt401077/Y         INVX1          4  1.6   30   +28     557 F 
g380544/B                                          +0     557   
g380544/Y            NAND2X1        1  0.4   17   +23     580 R 
g377981/A                                          +0     580   
g377981/Y            NAND2X1        1  0.4   31   +34     614 F 
g376383/B                                          +0     614   
g376383/Y            NOR2X1         1  0.4   28   +31     645 R 
g375093/B                                          +0     645   
g375093/Y            NOR2X1         1  0.4   21   +24     669 F 
g374398__9315/A                                    +0     669   
g374398__9315/Y      NOR2X1         1  0.4   27   +33     702 R 
g374028__6131/A                                    +0     702   
g374028__6131/Y      NAND2X1        1  0.4   32   +38     740 F 
g373824__6783/B                                    +0     740   
g373824__6783/Y      NOR2X1         1  0.4   28   +31     771 R 
g373709__4319/A                                    +0     771   
g373709__4319/Y      NAND2X1        1  0.4   32   +39     810 F 
g373650__2398/A                                    +0     810   
g373650__2398/Y      NOR2X1         1  0.4   28   +37     847 R 
g373617__2346/B                                    +0     847   
g373617__2346/Y      NAND2X1        1  0.4   32   +35     882 F 
g373600__6783/B                                    +0     882   
g373600__6783/Y      NOR2X1         1  0.4   28   +31     913 R 
g373588__2883/A                                    +0     913   
g373588__2883/Y      NAND2X1        1  0.3   29   +37     950 F 
data_out_reg[2]/D    DFFRHQX1                      +0     950   
data_out_reg[2]/CK   setup                    0   +36     986 R 
- - - - - - - - - - - - - - - - - - - - - - - - - - - - - - - - 
(clock clk)          capture                              986 R 
----------------------------------------------------------------
Cost Group   : 'clk' (path_group 'clk')
Timing slack :       0ps 
Start-point  : sp_reg[7]/CK
End-point    : data_out_reg[2]/D

path  52:

       Pin             Type     Fanout Load Slew Delay Arrival   
                                       (fF) (ps)  (ps)   (ps)    
-----------------------------------------------------------------
(clock clk)           launch                                 0 R 
sp_reg[1]/CK                                   0    +0       0 R 
sp_reg[1]/Q           DFFRHQX1       3  1.2   24  +121     121 F 
g399465/A                                           +0     121   
g399465/Y             NOR2X1         4  1.4   53   +48     170 R 
g399442/A                                           +0     170   
g399442/Y             INVX1          3  1.2   29   +40     210 F 
g399392/B                                           +0     210   
g399392/Y             NOR2X1         2  0.8   38   +36     246 R 
g399357/B                                           +0     246   
g399357/Y             NOR2X1         1  0.4   20   +28     275 F 
g399271/B                                           +0     275   
g399271/Y             NOR2X1         2  0.6   31   +29     304 R 
g402712/A                                           +0     304   
g402712/Y             INVX1          3  1.0   24   +29     333 F 
g402711/A                                           +0     333   
g402711/Y             INVX1          4  1.6   28   +27     360 R 
g398715/B                                           +0     360   
g398715/Y             NOR2X1         1  0.4   20   +24     384 F 
g403349/B                                           +0     384   
g403349/Y             NAND2X1        4  1.6   35   +27     411 R 
g402303_dup403351/A                                 +0     411   
g402303_dup403351/Y   INVX1          1  0.4   15   +26     437 F 
g403350/B                                           +0     437   
g403350/Y             NAND2X1        5  2.0   38   +28     465 R 
fopt401140/A                                        +0     465   
fopt401140/Y          INVX1          4  1.4   30   +35     500 F 
fopt401139/A                                        +0     500   
fopt401139/Y          INVX1          4  1.6   29   +30     530 R 
fopt401134/A                                        +0     530   
fopt401134/Y          INVX1          2  0.8   20   +26     556 F 
g380791/B                                           +0     556   
g380791/Y             NAND2X1        1  0.4   17   +19     575 R 
g378137/B                                           +0     575   
g378137/Y             NAND2X1        1  0.4   31   +30     605 F 
g376524/B                                           +0     605   
g376524/Y             NAND2X1        1  0.4   19   +24     629 R 
g375167/B                                           +0     629   
g375167/Y             NAND2X1        1  0.4   31   +31     660 F 
g374446__8246/B                                     +0     660   
g374446__8246/Y       NOR2X1         1  0.4   28   +31     690 R 
g374055__7098/A                                     +0     690   
g374055__7098/Y       NAND2X1        1  0.4   32   +39     729 F 
g373804__6131/A                                     +0     729   
g373804__6131/Y       NOR2X1         1  0.4   28   +37     766 R 
g373716__1705/B                                     +0     766   
g373716__1705/Y       NAND2X1        1  0.4   32   +35     801 F 
g373645__2346/A                                     +0     801   
g373645__2346/Y       NOR2X1         1  0.4   28   +37     837 R 
g373615__9945/A                                     +0     837   
g373615__9945/Y       NAND2X1        1  0.4   32   +39     876 F 
g373600__6783/A                                     +0     876   
g373600__6783/Y       NOR2X1         1  0.4   28   +37     913 R 
g373588__2883/A                                     +0     913   
g373588__2883/Y       NAND2X1        1  0.3   29   +37     950 F 
data_out_reg[2]/D     DFFRHQX1                      +0     950   
data_out_reg[2]/CK    setup                    0   +36     986 R 
- - - - - - - - - - - - - - - - - - - - - - - - - - - - - - - - -
(clock clk)           capture                              986 R 
-----------------------------------------------------------------
Cost Group   : 'clk' (path_group 'clk')
Timing slack :       0ps 
Start-point  : sp_reg[1]/CK
End-point    : data_out_reg[2]/D

path  53:

       Pin            Type     Fanout Load Slew Delay Arrival   
                                      (fF) (ps)  (ps)   (ps)    
----------------------------------------------------------------
(clock clk)          launch                                 0 R 
sp_reg[5]/CK                                  0    +0       0 R 
sp_reg[5]/Q          DFFRHQX1       3  1.2   24  +121     121 F 
g399419/A                                          +0     121   
g399419/Y            NOR2X1         1  0.4   28   +34     155 R 
g399385/B                                          +0     155   
g399385/Y            NAND2X1        1  0.4   32   +35     190 F 
g399356/B                                          +0     190   
g399356/Y            NOR2X1         1  0.4   28   +31     221 R 
g399267/B                                          +0     221   
g399267/Y            NAND2X1        2  0.8   43   +41     262 F 
g397389/B                                          +0     262   
g397389/Y            XOR2X1         6  2.0   35   +87     349 R 
g390486/B                                          +0     349   
g390486/Y            OR2X1          4  1.6   28   +53     402 R 
g402281/B                                          +0     402   
g402281/Y            NOR2X1         5  1.0   28   +29     431 F 
g381134/A                                          +0     431   
g381134/Y            AND2X1         5  2.0   37   +55     486 F 
fopt401554/A                                       +0     486   
fopt401554/Y         INVX1          3  1.2   24   +30     516 R 
fopt401553/A                                       +0     516   
fopt401553/Y         INVX1          7  2.8   49   +40     556 F 
g377899/B                                          +0     556   
g377899/Y            NAND2X1        1  0.2   16   +30     586 R 
g376325/A                                          +0     586   
g376325/Y            AND2X1         1  0.4   14   +64     650 R 
g375058/B                                          +0     650   
g375058/Y            NOR2X1         1  0.4   25   +17     667 F 
g374381__4319/A                                    +0     667   
g374381__4319/Y      NOR2X1         1  0.4   28   +34     701 R 
g374107__2802/B                                    +0     701   
g374107__2802/Y      NAND2X1        1  0.4   32   +35     736 F 
g373867__9945/B                                    +0     736   
g373867__9945/Y      NOR2X1         1  0.4   28   +31     767 R 
g373707__5107/A                                    +0     767   
g373707__5107/Y      NAND2X1        1  0.4   32   +39     806 F 
g373649__5477/A                                    +0     806   
g373649__5477/Y      NOR2X1         1  0.4   28   +37     843 R 
g373617__2346/A                                    +0     843   
g373617__2346/Y      NAND2X1        1  0.4   32   +39     882 F 
g373600__6783/B                                    +0     882   
g373600__6783/Y      NOR2X1         1  0.4   28   +31     913 R 
g373588__2883/A                                    +0     913   
g373588__2883/Y      NAND2X1        1  0.3   29   +37     950 F 
data_out_reg[2]/D    DFFRHQX1                      +0     950   
data_out_reg[2]/CK   setup                    0   +36     986 R 
- - - - - - - - - - - - - - - - - - - - - - - - - - - - - - - - 
(clock clk)          capture                              986 R 
----------------------------------------------------------------
Cost Group   : 'clk' (path_group 'clk')
Timing slack :       0ps 
Start-point  : sp_reg[5]/CK
End-point    : data_out_reg[2]/D

path  54:

       Pin            Type     Fanout Load Slew Delay Arrival   
                                      (fF) (ps)  (ps)   (ps)    
----------------------------------------------------------------
(clock clk)          launch                                 0 R 
sp_reg[3]/CK                                  0    +0       0 R 
sp_reg[3]/Q          DFFRHQX1       4  1.6   30  +125     125 F 
g403073/B                                          +0     125   
g403073/Y            NOR2X1         3  1.2   48   +42     167 R 
g403075/A                                          +0     167   
g403075/Y            NAND2X1        1  0.4   33   +47     214 F 
g403074/B                                          +0     214   
g403074/Y            NOR2X1         2  0.8   38   +38     252 R 
g399257/B                                          +0     252   
g399257/Y            NOR2X1         1  0.4   20   +28     280 F 
g397856/B                                          +0     280   
g397856/Y            NOR2X1         4  1.0   42   +35     315 R 
fopt403124/A                                       +0     315   
fopt403124/Y         INVX1          2  0.6   19   +30     346 F 
g397388/B                                          +0     346   
g397388/Y            OR2X1          2  0.6   18   +61     406 F 
fopt402547/A                                       +0     406   
fopt402547/Y         INVX1          2  0.8   17   +19     426 R 
fopt402546/A                                       +0     426   
fopt402546/Y         INVX1          4  1.6   30   +27     453 F 
fopt402543/A                                       +0     453   
fopt402543/Y         INVX1          1  0.2   11   +20     473 R 
g381132/B                                          +0     473   
g381132/Y            AND2X1        11  4.4   65   +95     568 R 
g379756/A                                          +0     568   
g379756/Y            INVX1          7  2.8   54   +59     626 F 
g403084/B                                          +0     626   
g403084/Y            NOR2X1         4  1.6   61   +59     685 R 
g375442/B                                          +0     685   
g375442/Y            NAND2X1        1  0.4   36   +49     734 F 
g374896/A                                          +0     734   
g374896/Y            NAND2X1        1  0.4   19   +28     763 R 
g374292__6417/A                                    +0     763   
g374292__6417/Y      NOR2X1         1  0.4   20   +25     787 F 
g373965__3680/B                                    +0     787   
g373965__3680/Y      NAND2X1        1  0.4   17   +19     806 R 
g373790__2398/B                                    +0     806   
g373790__2398/Y      NOR2X1         1  0.4   19   +19     825 F 
g373691__7098/B                                    +0     825   
g373691__7098/Y      NAND2X1        1  0.4   17   +19     844 R 
g373611__7482/A                                    +0     844   
g373611__7482/Y      NOR2X1         1  0.4   19   +24     867 F 
g373597__4319/A                                    +0     867   
g373597__4319/Y      NAND2X1        1  0.4   17   +21     888 R 
g373589__2346/B                                    +0     888   
g373589__2346/Y      NOR2X1         1  0.4   19   +19     907 F 
g373587__9945/B                                    +0     907   
g373587__9945/Y      NAND2X1        1  0.3   16   +18     925 R 
data_out_reg[1]/D    DFFRHQX1                      +0     925   
data_out_reg[1]/CK   setup                    0   +60     986 R 
- - - - - - - - - - - - - - - - - - - - - - - - - - - - - - - - 
(clock clk)          capture                              986 R 
----------------------------------------------------------------
Cost Group   : 'clk' (path_group 'clk')
Timing slack :       0ps 
Start-point  : sp_reg[3]/CK
End-point    : data_out_reg[1]/D

path  55:

       Pin            Type     Fanout Load Slew Delay Arrival   
                                      (fF) (ps)  (ps)   (ps)    
----------------------------------------------------------------
(clock clk)          launch                                 0 R 
sp_reg[7]/CK                                  0    +0       0 R 
sp_reg[7]/Q          DFFRHQX1       4  1.6   30  +125     125 F 
g399419/B                                          +0     125   
g399419/Y            NOR2X1         1  0.4   28   +31     155 R 
g399385/B                                          +0     155   
g399385/Y            NAND2X1        1  0.4   32   +35     190 F 
g399356/B                                          +0     190   
g399356/Y            NOR2X1         1  0.4   28   +31     221 R 
g399267/B                                          +0     221   
g399267/Y            NAND2X1        2  0.8   43   +41     262 F 
g397389/B                                          +0     262   
g397389/Y            XOR2X1         6  2.0   35   +87     349 R 
g390486/B                                          +0     349   
g390486/Y            OR2X1          4  1.6   28   +53     403 R 
g402281/B                                          +0     403   
g402281/Y            NOR2X1         5  1.0   28   +29     431 F 
g381134/A                                          +0     431   
g381134/Y            AND2X1         5  2.0   37   +55     486 F 
fopt401554/A                                       +0     486   
fopt401554/Y         INVX1          3  1.2   24   +30     516 R 
fopt401553/A                                       +0     516   
fopt401553/Y         INVX1          7  2.8   49   +40     556 F 
g378019/B                                          +0     556   
g378019/Y            NAND2X1        1  0.2   16   +30     586 R 
g376416/A                                          +0     586   
g376416/Y            AND2X1         1  0.4   14   +64     650 R 
g375108/B                                          +0     650   
g375108/Y            NOR2X1         1  0.4   21   +17     667 F 
g374411__5526/A                                    +0     667   
g374411__5526/Y      NOR2X1         1  0.4   28   +32     700 R 
g374034__9315/B                                    +0     700   
g374034__9315/Y      NAND2X1        1  0.4   32   +35     735 F 
g373829__5122/B                                    +0     735   
g373829__5122/Y      NOR2X1         1  0.4   28   +31     766 R 
g373711__5526/B                                    +0     766   
g373711__5526/Y      NAND2X1        1  0.4   32   +35     801 F 
g373663__7098/A                                    +0     801   
g373663__7098/Y      NOR2X1         1  0.4   28   +37     837 R 
g373619__7410/A                                    +0     837   
g373619__7410/Y      NAND2X1        1  0.4   32   +39     876 F 
g373592__6417/A                                    +0     876   
g373592__6417/Y      NOR2X1         1  0.4   28   +37     913 R 
g373587__9945/A                                    +0     913   
g373587__9945/Y      NAND2X1        1  0.3   29   +37     950 F 
data_out_reg[1]/D    DFFRHQX1                      +0     950   
data_out_reg[1]/CK   setup                    0   +36     986 R 
- - - - - - - - - - - - - - - - - - - - - - - - - - - - - - - - 
(clock clk)          capture                              986 R 
----------------------------------------------------------------
Cost Group   : 'clk' (path_group 'clk')
Timing slack :       0ps 
Start-point  : sp_reg[7]/CK
End-point    : data_out_reg[1]/D

path  56:

       Pin            Type     Fanout Load Slew Delay Arrival   
                                      (fF) (ps)  (ps)   (ps)    
----------------------------------------------------------------
(clock clk)          launch                                 0 R 
sp_reg[7]/CK                                  0    +0       0 R 
sp_reg[7]/Q          DFFRHQX1       4  1.6   30  +125     125 F 
g399419/B                                          +0     125   
g399419/Y            NOR2X1         1  0.4   28   +31     155 R 
g399385/B                                          +0     155   
g399385/Y            NAND2X1        1  0.4   32   +35     190 F 
g399356/B                                          +0     190   
g399356/Y            NOR2X1         1  0.4   28   +31     221 R 
g399267/B                                          +0     221   
g399267/Y            NAND2X1        2  0.8   43   +41     262 F 
g397389/B                                          +0     262   
g397389/Y            XOR2X1         6  2.0   39   +83     346 F 
fopt401264/A                                       +0     346   
fopt401264/Y         INVX1          2  0.8   20   +28     374 R 
g390483/B                                          +0     374   
g390483/Y            NOR2X1         3  0.8   25   +23     397 F 
g388507/A                                          +0     397   
g388507/Y            INVX1          2  0.4   13   +20     417 R 
g386752/B                                          +0     417   
g386752/Y            OR2X1          3  1.2   22   +43     460 R 
fopt401532/A                                       +0     460   
fopt401532/Y         INVX1          4  1.6   31   +30     489 F 
fopt401531/A                                       +0     489   
fopt401531/Y         INVX1          4  1.6   29   +30     520 R 
fopt401530/A                                       +0     520   
fopt401530/Y         INVX1          2  0.8   20   +26     546 F 
g380690/B                                          +0     546   
g380690/Y            NAND2X1        1  0.4   17   +19     565 R 
g378080/A                                          +0     565   
g378080/Y            NAND2X1        1  0.4   31   +34     599 F 
g376468/A                                          +0     599   
g376468/Y            NOR2X1         1  0.4   28   +36     635 R 
g375135/B                                          +0     635   
g375135/Y            NOR2X1         1  0.4   20   +24     659 F 
g374430__1666/A                                    +0     659   
g374430__1666/Y      NOR2X1         1  0.4   27   +32     691 R 
g374043__5107/B                                    +0     691   
g374043__5107/Y      NAND2X1        1  0.4   32   +34     725 F 
g373833__1881/A                                    +0     725   
g373833__1881/Y      NOR2X1         1  0.4   28   +36     762 R 
g373711__5526/A                                    +0     762   
g373711__5526/Y      NAND2X1        1  0.4   32   +39     801 F 
g373663__7098/A                                    +0     801   
g373663__7098/Y      NOR2X1         1  0.4   28   +37     837 R 
g373619__7410/A                                    +0     837   
g373619__7410/Y      NAND2X1        1  0.4   32   +39     876 F 
g373592__6417/A                                    +0     876   
g373592__6417/Y      NOR2X1         1  0.4   28   +37     913 R 
g373587__9945/A                                    +0     913   
g373587__9945/Y      NAND2X1        1  0.3   29   +37     950 F 
data_out_reg[1]/D    DFFRHQX1                      +0     950   
data_out_reg[1]/CK   setup                    0   +36     986 R 
- - - - - - - - - - - - - - - - - - - - - - - - - - - - - - - - 
(clock clk)          capture                              986 R 
----------------------------------------------------------------
Cost Group   : 'clk' (path_group 'clk')
Timing slack :       0ps 
Start-point  : sp_reg[7]/CK
End-point    : data_out_reg[1]/D

path  57:

       Pin            Type     Fanout Load Slew Delay Arrival   
                                      (fF) (ps)  (ps)   (ps)    
----------------------------------------------------------------
(clock clk)          launch                                 0 R 
sp_reg[5]/CK                                  0    +0       0 R 
sp_reg[5]/Q          DFFRHQX1       3  1.2   24  +121     121 F 
g403073/A                                          +0     121   
g403073/Y            NOR2X1         3  1.2   48   +45     167 R 
g403075/A                                          +0     167   
g403075/Y            NAND2X1        1  0.4   33   +47     214 F 
g403074/B                                          +0     214   
g403074/Y            NOR2X1         2  0.8   38   +38     252 R 
g399257/B                                          +0     252   
g399257/Y            NOR2X1         1  0.4   20   +28     280 F 
g397856/B                                          +0     280   
g397856/Y            NOR2X1         4  1.0   42   +35     315 R 
g397380/B                                          +0     315   
g397380/Y            OR2X1          5  1.8   30   +57     372 R 
g393949/A                                          +0     372   
g393949/Y            INVX1          4  1.0   23   +28     401 F 
g386719/B                                          +0     401   
g386719/Y            AND2X1         3  1.2   25   +50     451 F 
fopt400943/A                                       +0     451   
fopt400943/Y         INVX1          5  2.0   33   +31     481 R 
fopt400941/A                                       +0     481   
fopt400941/Y         INVX1          2  0.8   21   +28     510 F 
g380243/B                                          +0     510   
g380243/Y            NAND2X1        1  0.4   17   +19     529 R 
g377766/B                                          +0     529   
g377766/Y            NAND2X1        1  0.4   31   +30     559 F 
g376210/A                                          +0     559   
g376210/Y            NOR2X1         1  0.4   28   +36     595 R 
g374994/B                                          +0     595   
g374994/Y            NOR2X1         1  0.4   19   +24     619 F 
g374345__2346/A                                    +0     619   
g374345__2346/Y      NOR2X1         1  0.4   26   +32     650 R 
g373998__8246/B                                    +0     650   
g373998__8246/Y      NAND2X1        1  0.2   26   +31     681 F 
g373838__9315/A                                    +0     681   
g373838__9315/Y      OR2X1          1  0.4   15   +68     749 F 
g373697__6161/A                                    +0     749   
g373697__6161/Y      NOR2X1         1  0.4   28   +30     779 R 
g373644__2883/B                                    +0     779   
g373644__2883/Y      NAND2X1        1  0.4   32   +35     814 F 
g373614__9315/A                                    +0     814   
g373614__9315/Y      NOR2X1         1  0.4   28   +37     851 R 
g373597__4319/B                                    +0     851   
g373597__4319/Y      NAND2X1        1  0.4   32   +35     886 F 
g373589__2346/B                                    +0     886   
g373589__2346/Y      NOR2X1         1  0.4   28   +31     917 R 
g373587__9945/B                                    +0     917   
g373587__9945/Y      NAND2X1        1  0.3   29   +33     950 F 
data_out_reg[1]/D    DFFRHQX1                      +0     950   
data_out_reg[1]/CK   setup                    0   +36     986 R 
- - - - - - - - - - - - - - - - - - - - - - - - - - - - - - - - 
(clock clk)          capture                              986 R 
----------------------------------------------------------------
Cost Group   : 'clk' (path_group 'clk')
Timing slack :       0ps 
Start-point  : sp_reg[5]/CK
End-point    : data_out_reg[1]/D

path  58:

       Pin            Type     Fanout Load Slew Delay Arrival   
                                      (fF) (ps)  (ps)   (ps)    
----------------------------------------------------------------
(clock clk)          launch                                 0 R 
sp_reg[7]/CK                                  0    +0       0 R 
sp_reg[7]/Q          DFFRHQX1       4  1.6   30  +125     125 F 
g399419/B                                          +0     125   
g399419/Y            NOR2X1         1  0.4   28   +31     155 R 
g399385/B                                          +0     155   
g399385/Y            NAND2X1        1  0.4   32   +35     190 F 
g399356/B                                          +0     190   
g399356/Y            NOR2X1         1  0.4   28   +31     221 R 
g399267/B                                          +0     221   
g399267/Y            NAND2X1        2  0.8   43   +41     262 F 
g397389/B                                          +0     262   
g397389/Y            XOR2X1         6  2.0   39   +83     346 F 
fopt401264/A                                       +0     346   
fopt401264/Y         INVX1          2  0.8   20   +28     374 R 
g390479/B                                          +0     374   
g390479/Y            NOR2X1         3  0.8   25   +23     397 F 
fopt402325/A                                       +0     397   
fopt402325/Y         INVX1          2  0.6   15   +21     418 R 
g386726/B                                          +0     418   
g386726/Y            OR2X1          4  1.6   28   +46     464 R 
fopt401861/A                                       +0     464   
fopt401861/Y         INVX1          4  1.6   32   +32     496 F 
fopt401860/A                                       +0     496   
fopt401860/Y         INVX1          3  1.2   24   +28     524 R 
fopt401859/A                                       +0     524   
fopt401859/Y         INVX1          2  0.8   20   +24     548 F 
g379534/B                                          +0     548   
g379534/Y            NAND2X1        1  0.4   17   +19     567 R 
g377299/B                                          +0     567   
g377299/Y            NAND2X1        1  0.4   31   +30     597 F 
g375808/B                                          +0     597   
g375808/Y            NAND2X1        1  0.4   25   +24     620 R 
g374756/B                                          +0     620   
g374756/Y            NAND2X1        1  0.4   32   +34     654 F 
g374216__6783/A                                    +0     654   
g374216__6783/Y      NOR2X1         1  0.4   28   +36     690 R 
g373920__4733/A                                    +0     690   
g373920__4733/Y      NAND2X1        1  0.4   32   +39     729 F 
g373764__6260/A                                    +0     729   
g373764__6260/Y      NOR2X1         1  0.4   28   +37     766 R 
g373667__7482/A                                    +0     766   
g373667__7482/Y      NAND2X1        1  0.4   32   +39     805 F 
g373656__6783/A                                    +0     805   
g373656__6783/Y      NOR2X1         1  0.4   28   +37     841 R 
g373618__1666/B                                    +0     841   
g373618__1666/Y      NAND2X1        1  0.4   32   +35     876 F 
g373596__6260/A                                    +0     876   
g373596__6260/Y      NOR2X1         1  0.4   28   +37     913 R 
g373586__9315/A                                    +0     913   
g373586__9315/Y      NAND2X1        1  0.3   29   +37     950 F 
data_out_reg[0]/D    DFFRHQX1                      +0     950   
data_out_reg[0]/CK   setup                    0   +36     986 R 
- - - - - - - - - - - - - - - - - - - - - - - - - - - - - - - - 
(clock clk)          capture                              986 R 
----------------------------------------------------------------
Cost Group   : 'clk' (path_group 'clk')
Timing slack :       0ps 
Start-point  : sp_reg[7]/CK
End-point    : data_out_reg[0]/D

path  59:

       Pin            Type     Fanout Load Slew Delay Arrival   
                                      (fF) (ps)  (ps)   (ps)    
----------------------------------------------------------------
(clock clk)          launch                                 0 R 
sp_reg[0]/CK                                  0    +0       0 R 
sp_reg[0]/Q          DFFRHQX1       4  1.6   28  +137     137 R 
g399465/B                                          +0     137   
g399465/Y            NOR2X1         4  1.4   35   +32     169 F 
g399442/A                                          +0     169   
g399442/Y            INVX1          3  1.2   24   +29     198 R 
g399392/B                                          +0     198   
g399392/Y            NOR2X1         2  0.8   25   +25     224 F 
g399357/B                                          +0     224   
g399357/Y            NOR2X1         1  0.4   27   +28     252 R 
g399271/B                                          +0     252   
g399271/Y            NOR2X1         2  0.6   25   +25     277 F 
g402712/A                                          +0     277   
g402712/Y            INVX1          3  1.0   20   +24     301 R 
g402713/A                                          +0     301   
g402713/Y            INVX1          2  0.8   19   +22     323 F 
g402715/A                                          +0     323   
g402715/Y            INVX1          3  1.0   19   +21     344 R 
g402719/B                                          +0     344   
g402719/Y            NOR2X1         1  0.4   19   +20     364 F 
g390485/B                                          +0     364   
g390485/Y            NAND2X1        4  0.8   25   +21     385 R 
g400068/B                                          +0     385   
g400068/Y            OR2X1          2  0.8   17   +44     429 R 
fopt402380/A                                       +0     429   
fopt402380/Y         INVX1          2  0.8   19   +21     450 F 
fopt402370/A                                       +0     450   
fopt402370/Y         INVX1          2  0.8   17   +19     470 R 
fopt402369/A                                       +0     470   
fopt402369/Y         INVX1          4  1.4   27   +26     495 F 
fopt402368/A                                       +0     495   
fopt402368/Y         INVX1          3  1.2   23   +26     521 R 
fopt402363/A                                       +0     521   
fopt402363/Y         INVX1          4  1.6   31   +30     551 F 
g380457/B                                          +0     551   
g380457/Y            NAND2X1        1  0.4   17   +24     575 R 
g377923/B                                          +0     575   
g377923/Y            NAND2X1        1  0.4   31   +30     605 F 
g376340/B                                          +0     605   
g376340/Y            NAND2X1        1  0.4   21   +24     628 R 
g375066/A                                          +0     628   
g375066/Y            NAND2X1        1  0.4   32   +36     664 F 
g374386__1617/B                                    +0     664   
g374386__1617/Y      NOR2X1         1  0.4   28   +31     696 R 
g374021__3680/A                                    +0     696   
g374021__3680/Y      NAND2X1        1  0.4   32   +39     735 F 
g373815__7410/B                                    +0     735   
g373815__7410/Y      NOR2X1         1  0.4   28   +31     766 R 
g373701__2346/B                                    +0     766   
g373701__2346/Y      NAND2X1        1  0.4   32   +35     801 F 
g373639__7482/A                                    +0     801   
g373639__7482/Y      NOR2X1         1  0.4   28   +37     837 R 
g373618__1666/A                                    +0     837   
g373618__1666/Y      NAND2X1        1  0.4   32   +39     876 F 
g373596__6260/A                                    +0     876   
g373596__6260/Y      NOR2X1         1  0.4   28   +37     913 R 
g373586__9315/A                                    +0     913   
g373586__9315/Y      NAND2X1        1  0.3   29   +37     950 F 
data_out_reg[0]/D    DFFRHQX1                      +0     950   
data_out_reg[0]/CK   setup                    0   +36     986 R 
- - - - - - - - - - - - - - - - - - - - - - - - - - - - - - - - 
(clock clk)          capture                              986 R 
----------------------------------------------------------------
Cost Group   : 'clk' (path_group 'clk')
Timing slack :       0ps 
Start-point  : sp_reg[0]/CK
End-point    : data_out_reg[0]/D

path  60:

       Pin             Type     Fanout Load Slew Delay Arrival   
                                       (fF) (ps)  (ps)   (ps)    
-----------------------------------------------------------------
(clock clk)           launch                                 0 R 
sp_reg[0]/CK                                   0    +0       0 R 
sp_reg[0]/Q           DFFRHQX1       4  1.6   30  +125     125 F 
g399465/B                                           +0     125   
g399465/Y             NOR2X1         4  1.4   53   +45     170 R 
g399442/A                                           +0     170   
g399442/Y             INVX1          3  1.2   29   +40     210 F 
g399392/B                                           +0     210   
g399392/Y             NOR2X1         2  0.8   38   +36     246 R 
g399357/B                                           +0     246   
g399357/Y             NOR2X1         1  0.4   20   +28     275 F 
g399271/B                                           +0     275   
g399271/Y             NOR2X1         2  0.6   31   +29     304 R 
g402712/A                                           +0     304   
g402712/Y             INVX1          3  1.0   24   +29     333 F 
g402711/A                                           +0     333   
g402711/Y             INVX1          4  1.6   28   +27     360 R 
g398715/B                                           +0     360   
g398715/Y             NOR2X1         1  0.4   20   +24     384 F 
g403349/B                                           +0     384   
g403349/Y             NAND2X1        4  1.6   35   +27     411 R 
g402303_dup403351/A                                 +0     411   
g402303_dup403351/Y   INVX1          1  0.4   15   +26     437 F 
g403350/B                                           +0     437   
g403350/Y             NAND2X1        5  2.0   38   +28     465 R 
fopt401158/A                                        +0     465   
fopt401158/Y          INVX1          3  1.2   27   +34     499 F 
fopt401157/A                                        +0     499   
fopt401157/Y          INVX1          2  0.8   18   +23     522 R 
fopt401155/A                                        +0     522   
fopt401155/Y          INVX1          4  1.6   30   +28     550 F 
g380322/B                                           +0     550   
g380322/Y             NAND2X1        1  0.4   17   +23     573 R 
g377820/A                                           +0     573   
g377820/Y             NAND2X1        1  0.4   31   +34     607 F 
g376255/B                                           +0     607   
g376255/Y             NOR2X1         1  0.4   28   +31     638 R 
g375420/B                                           +0     638   
g375420/Y             NOR2X1         1  0.4   26   +24     662 F 
g374520__6260/B                                     +0     662   
g374520__6260/Y       NOR2X1         1  0.4   27   +29     691 R 
g374097__5477/B                                     +0     691   
g374097__5477/Y       NAND2X1        1  0.4   32   +34     725 F 
g373860__6131/A                                     +0     725   
g373860__6131/Y       NOR2X1         1  0.4   28   +37     762 R 
g373701__2346/A                                     +0     762   
g373701__2346/Y       NAND2X1        1  0.4   32   +39     801 F 
g373639__7482/A                                     +0     801   
g373639__7482/Y       NOR2X1         1  0.4   28   +37     837 R 
g373618__1666/A                                     +0     837   
g373618__1666/Y       NAND2X1        1  0.4   32   +39     876 F 
g373596__6260/A                                     +0     876   
g373596__6260/Y       NOR2X1         1  0.4   28   +37     913 R 
g373586__9315/A                                     +0     913   
g373586__9315/Y       NAND2X1        1  0.3   29   +37     950 F 
data_out_reg[0]/D     DFFRHQX1                      +0     950   
data_out_reg[0]/CK    setup                    0   +36     986 R 
- - - - - - - - - - - - - - - - - - - - - - - - - - - - - - - - -
(clock clk)           capture                              986 R 
-----------------------------------------------------------------
Cost Group   : 'clk' (path_group 'clk')
Timing slack :       0ps 
Start-point  : sp_reg[0]/CK
End-point    : data_out_reg[0]/D

path  61:

       Pin            Type     Fanout Load Slew Delay Arrival   
                                      (fF) (ps)  (ps)   (ps)    
----------------------------------------------------------------
(clock clk)          launch                                 0 R 
sp_reg[5]/CK                                  0    +0       0 R 
sp_reg[5]/Q          DFFRHQX1       3  1.2   24  +121     121 F 
g403073/A                                          +0     121   
g403073/Y            NOR2X1         3  1.2   48   +45     167 R 
g399402/B                                          +0     167   
g399402/Y            NAND2X1        1  0.4   34   +44     210 F 
g399358/B                                          +0     210   
g399358/Y            NOR2X1         2  0.8   38   +38     249 R 
g402824/B                                          +0     249   
g402824/Y            NOR2X1         2  0.8   24   +32     280 F 
g397857_dup/B                                      +0     280   
g397857_dup/Y        NOR2X1         3  0.8   37   +34     314 R 
g402828/B                                          +0     314   
g402828/Y            OR2X1          2  0.6   15   +47     361 R 
fopt403316/A                                       +0     361   
fopt403316/Y         INVX1          2  0.8   18   +20     381 F 
fopt403318/A                                       +0     381   
fopt403318/Y         INVX1          3  1.0   19   +21     402 R 
g403320/B                                          +0     402   
g403320/Y            NOR2X1         4  1.6   38   +30     432 F 
fopt403217/A                                       +0     432   
fopt403217/Y         INVX1          4  1.6   30   +34     465 R 
fopt403211/A                                       +0     465   
fopt403211/Y         INVX1          4  1.6   32   +33     498 F 
g384869/B                                          +0     498   
g384869/Y            NAND2X1        1  0.4   17   +24     522 R 
g380436/A                                          +0     522   
g380436/Y            NAND2X1        1  0.4   31   +34     557 F 
g377900/B                                          +0     557   
g377900/Y            NAND2X1        1  0.4   19   +24     580 R 
g376326/A                                          +0     580   
g376326/Y            NAND2X1        1  0.2   25   +32     612 F 
g375057/A                                          +0     612   
g375057/Y            OR2X1          1  0.4   15   +68     680 F 
g374382__8428/A                                    +0     680   
g374382__8428/Y      NOR2X1         1  0.4   26   +30     710 R 
g373818__2398/B                                    +0     710   
g373818__2398/Y      NAND2X1        1  0.4   32   +34     744 F 
g373705__5477/A                                    +0     744   
g373705__5477/Y      NOR2X1         1  0.4   28   +36     781 R 
g373654__8428/A                                    +0     781   
g373654__8428/Y      NAND2X1        1  0.4   32   +39     820 F 
g373610__5115/B                                    +0     820   
g373610__5115/Y      NOR2X1         1  0.4   28   +31     851 R 
g373595__5107/B                                    +0     851   
g373595__5107/Y      NAND2X1        1  0.4   32   +35     886 F 
g373591__7410/B                                    +0     886   
g373591__7410/Y      NOR2X1         1  0.4   28   +31     917 R 
g373586__9315/B                                    +0     917   
g373586__9315/Y      NAND2X1        1  0.3   29   +33     950 F 
data_out_reg[0]/D    DFFRHQX1                      +0     950   
data_out_reg[0]/CK   setup                    0   +36     986 R 
- - - - - - - - - - - - - - - - - - - - - - - - - - - - - - - - 
(clock clk)          capture                              986 R 
----------------------------------------------------------------
Cost Group   : 'clk' (path_group 'clk')
Timing slack :       0ps 
Start-point  : sp_reg[5]/CK
End-point    : data_out_reg[0]/D

path  62:

       Pin            Type     Fanout Load Slew Delay Arrival   
                                      (fF) (ps)  (ps)   (ps)    
----------------------------------------------------------------
(clock clk)          launch                                 0 R 
sp_reg[5]/CK                                  0    +0       0 R 
sp_reg[5]/Q          DFFRHQX1       3  1.2   24  +121     121 F 
g399419/A                                          +0     121   
g399419/Y            NOR2X1         1  0.4   28   +34     155 R 
g399385/B                                          +0     155   
g399385/Y            NAND2X1        1  0.4   32   +35     190 F 
g399356/B                                          +0     190   
g399356/Y            NOR2X1         1  0.4   28   +31     221 R 
g399267/B                                          +0     221   
g399267/Y            NAND2X1        2  0.8   43   +41     262 F 
g397389/B                                          +0     262   
g397389/Y            XOR2X1         6  2.0   35   +87     349 R 
fopt401263/A                                       +0     349   
fopt401263/Y         INVX1          2  0.8   21   +29     378 F 
g390487/B                                          +0     378   
g390487/Y            NAND2X1        2  0.8   23   +22     400 R 
g388509/A                                          +0     400   
g388509/Y            INVX1          4  1.0   22   +25     426 F 
g386735/A                                          +0     426   
g386735/Y            AND2X1         6  2.4   43   +56     482 F 
fopt401221/A                                       +0     482   
fopt401221/Y         INVX1          4  1.6   30   +36     518 R 
fopt401220/A                                       +0     518   
fopt401220/Y         INVX1          4  1.6   32   +33     551 F 
g378585/B                                          +0     551   
g378585/Y            NAND2X1        1  0.4   17   +24     575 R 
g378167/A                                          +0     575   
g378167/Y            NAND2X1        1  0.4   31   +34     609 F 
g376547/A                                          +0     609   
g376547/Y            NOR2X1         1  0.4   28   +36     645 R 
g375179/B                                          +0     645   
g375179/Y            NOR2X1         1  0.4   26   +24     669 F 
g374451__7482/A                                    +0     669   
g374451__7482/Y      NOR2X1         1  0.4   26   +34     704 R 
g374061__6161/B                                    +0     704   
g374061__6161/Y      NAND2X1        1  0.4   32   +34     738 F 
g373864__4733/A                                    +0     738   
g373864__4733/Y      NOR2X1         1  0.4   28   +36     774 R 
g373715__2802/B                                    +0     774   
g373715__2802/Y      NAND2X1        1  0.4   32   +35     809 F 
g373651__5107/A                                    +0     809   
g373651__5107/Y      NOR2X1         1  0.4   28   +37     846 R 
g373601__3680/B                                    +0     846   
g373601__3680/Y      NAND2X1        1  0.4   32   +35     880 F 
g373591__7410/A                                    +0     880   
g373591__7410/Y      NOR2X1         1  0.4   28   +37     917 R 
g373586__9315/B                                    +0     917   
g373586__9315/Y      NAND2X1        1  0.3   29   +33     950 F 
data_out_reg[0]/D    DFFRHQX1                      +0     950   
data_out_reg[0]/CK   setup                    0   +36     986 R 
- - - - - - - - - - - - - - - - - - - - - - - - - - - - - - - - 
(clock clk)          capture                              986 R 
----------------------------------------------------------------
Cost Group   : 'clk' (path_group 'clk')
Timing slack :       0ps 
Start-point  : sp_reg[5]/CK
End-point    : data_out_reg[0]/D

path  63:

       Pin            Type     Fanout Load Slew Delay Arrival   
                                      (fF) (ps)  (ps)   (ps)    
----------------------------------------------------------------
(clock clk)          launch                                 0 R 
sp_reg[0]/CK                                  0    +0       0 R 
sp_reg[0]/Q          DFFRHQX1       4  1.6   30  +125     125 F 
g399465/B                                          +0     125   
g399465/Y            NOR2X1         4  1.4   53   +45     170 R 
g399442/A                                          +0     170   
g399442/Y            INVX1          3  1.2   29   +40     210 F 
g399392/B                                          +0     210   
g399392/Y            NOR2X1         2  0.8   38   +36     246 R 
g399357/B                                          +0     246   
g399357/Y            NOR2X1         1  0.4   20   +28     275 F 
g399271/B                                          +0     275   
g399271/Y            NOR2X1         2  0.6   31   +29     304 R 
g402712/A                                          +0     304   
g402712/Y            INVX1          3  1.0   24   +29     333 F 
g402711/A                                          +0     333   
g402711/Y            INVX1          4  1.6   28   +27     360 R 
g398715/B                                          +0     360   
g398715/Y            NOR2X1         1  0.4   20   +24     384 F 
g403349/B                                          +0     384   
g403349/Y            NAND2X1        4  1.6   35   +27     411 R 
g403015/A                                          +0     411   
g403015/Y            INVX1          2  0.8   21   +29     440 F 
g403016/B                                          +0     440   
g403016/Y            NAND2X1        3  1.2   28   +25     465 R 
fopt402304/A                                       +0     465   
fopt402304/Y         INVX1          5  1.6   32   +32     497 F 
fopt402181/A                                       +0     497   
fopt402181/Y         INVX1          2  0.8   19   +25     522 R 
fopt401929/A                                       +0     522   
fopt401929/Y         INVX1          4  1.6   30   +28     550 F 
g379792/B                                          +0     550   
g379792/Y            NAND2X1        1  0.4   17   +23     574 R 
g377456/A                                          +0     574   
g377456/Y            NAND2X1        1  0.4   31   +34     608 F 
g374845/A                                          +0     608   
g374845/Y            NOR2X1         1  0.4   28   +36     644 R 
g374262__1666/B                                    +0     644   
g374262__1666/Y      NOR2X1         1  0.4   21   +24     668 F 
g373951__9945/A                                    +0     668   
g373951__9945/Y      NOR2X1         1  0.4   26   +32     700 R 
g373782__9315/A                                    +0     700   
g373782__9315/Y      NAND2X1        1  0.4   32   +38     739 F 
g373687__2802/B                                    +0     739   
g373687__2802/Y      NOR2X1         1  0.4   28   +31     770 R 
g373638__5115/A                                    +0     770   
g373638__5115/Y      NAND2X1        1  0.4   32   +39     809 F 
g373612__4733/A                                    +0     809   
g373612__4733/Y      NOR2X1         1  0.4   28   +37     845 R 
g373598__8428/B                                    +0     845   
g373598__8428/Y      NAND2X1        1  0.4   32   +35     880 F 
g373590__1666/A                                    +0     880   
g373590__1666/Y      NOR2X1         1  0.4   28   +37     917 R 
g373585__6161/B                                    +0     917   
g373585__6161/Y      NAND2X1        1  0.3   29   +33     950 F 
data_out_reg[3]/D    DFFRHQX1                      +0     950   
data_out_reg[3]/CK   setup                    0   +36     986 R 
- - - - - - - - - - - - - - - - - - - - - - - - - - - - - - - - 
(clock clk)          capture                              986 R 
----------------------------------------------------------------
Cost Group   : 'clk' (path_group 'clk')
Timing slack :       0ps 
Start-point  : sp_reg[0]/CK
End-point    : data_out_reg[3]/D

path  64:

       Pin            Type     Fanout Load Slew Delay Arrival   
                                      (fF) (ps)  (ps)   (ps)    
----------------------------------------------------------------
(clock clk)          launch                                 0 R 
sp_reg[2]/CK                                  0    +0       0 R 
sp_reg[2]/Q          DFFRHQX1       5  2.0   36  +128     128 F 
g399463/B                                          +0     128   
g399463/Y            NOR2X1         2  0.8   38   +39     167 R 
g399402/A                                          +0     167   
g399402/Y            NAND2X1        1  0.4   34   +43     210 F 
g399358/B                                          +0     210   
g399358/Y            NOR2X1         2  0.8   38   +38     248 R 
g402824/B                                          +0     248   
g402824/Y            NOR2X1         2  0.8   24   +32     280 F 
g397857_dup/B                                      +0     280   
g397857_dup/Y        NOR2X1         3  0.8   37   +34     314 R 
g402828/B                                          +0     314   
g402828/Y            OR2X1          2  0.6   15   +47     361 R 
fopt403316/A                                       +0     361   
fopt403316/Y         INVX1          2  0.8   18   +20     381 F 
fopt403318/A                                       +0     381   
fopt403318/Y         INVX1          3  1.0   19   +21     402 R 
g403320/B                                          +0     402   
g403320/Y            NOR2X1         4  1.6   38   +30     431 F 
fopt403217/A                                       +0     431   
fopt403217/Y         INVX1          4  1.6   30   +34     465 R 
fopt403211/A                                       +0     465   
fopt403211/Y         INVX1          4  1.6   32   +33     498 F 
g384840/B                                          +0     498   
g384840/Y            NAND2X1        1  0.2   14   +23     521 R 
g380064/A                                          +0     521   
g380064/Y            AND2X1         1  0.4   14   +63     584 R 
g377644/B                                          +0     584   
g377644/Y            NAND2X1        1  0.4   30   +29     612 F 
g376103/B                                          +0     612   
g376103/Y            NOR2X1         1  0.4   28   +31     643 R 
g374932/B                                          +0     643   
g374932/Y            NOR2X1         1  0.4   26   +24     667 F 
g374315__9945/A                                    +0     667   
g374315__9945/Y      NOR2X1         1  0.4   28   +34     701 R 
g373977__6161/A                                    +0     701   
g373977__6161/Y      NAND2X1        1  0.4   32   +39     740 F 
g373796__6783/A                                    +0     740   
g373796__6783/Y      NOR2X1         1  0.4   28   +37     776 R 
g373643__9945/A                                    +0     776   
g373643__9945/Y      NAND2X1        1  0.4   32   +39     815 F 
g373620__6417/B                                    +0     815   
g373620__6417/Y      NOR2X1         1  0.4   28   +31     847 R 
g373599__5526/A                                    +0     847   
g373599__5526/Y      NAND2X1        1  0.4   32   +39     886 F 
g373590__1666/B                                    +0     886   
g373590__1666/Y      NOR2X1         1  0.4   28   +31     917 R 
g373585__6161/B                                    +0     917   
g373585__6161/Y      NAND2X1        1  0.3   29   +33     950 F 
data_out_reg[3]/D    DFFRHQX1                      +0     950   
data_out_reg[3]/CK   setup                    0   +36     986 R 
- - - - - - - - - - - - - - - - - - - - - - - - - - - - - - - - 
(clock clk)          capture                              986 R 
----------------------------------------------------------------
Cost Group   : 'clk' (path_group 'clk')
Timing slack :       0ps 
Start-point  : sp_reg[2]/CK
End-point    : data_out_reg[3]/D

path  65:

       Pin            Type     Fanout Load Slew Delay Arrival   
                                      (fF) (ps)  (ps)   (ps)    
----------------------------------------------------------------
(clock clk)          launch                                 0 R 
sp_reg[5]/CK                                  0    +0       0 R 
sp_reg[5]/Q          DFFRHQX1       3  1.2   24  +121     121 F 
g399419/A                                          +0     121   
g399419/Y            NOR2X1         1  0.4   28   +34     155 R 
g399385/B                                          +0     155   
g399385/Y            NAND2X1        1  0.4   32   +35     190 F 
g399356/B                                          +0     190   
g399356/Y            NOR2X1         1  0.4   28   +31     221 R 
g399267/B                                          +0     221   
g399267/Y            NAND2X1        2  0.8   43   +41     262 F 
g397389/B                                          +0     262   
g397389/Y            XOR2X1         6  2.0   39   +83     346 F 
fopt401264/A                                       +0     346   
fopt401264/Y         INVX1          2  0.8   20   +28     374 R 
g390483/B                                          +0     374   
g390483/Y            NOR2X1         3  0.8   25   +23     397 F 
g402687/B                                          +0     397   
g402687/Y            AND2X1         3  1.2   25   +51     448 F 
fopt402254/A                                       +0     448   
fopt402254/Y         INVX1          4  1.6   28   +28     476 R 
fopt402256/A                                       +0     476   
fopt402256/Y         INVX1          3  1.2   26   +29     505 F 
fopt402261/A                                       +0     505   
fopt402261/Y         INVX1          2  0.8   18   +23     528 R 
fopt401760/A                                       +0     528   
fopt401760/Y         INVX1          4  1.6   30   +28     555 F 
g379390/B                                          +0     555   
g379390/Y            NAND2X1        1  0.4   17   +23     578 R 
g377208/B                                          +0     578   
g377208/Y            NAND2X1        1  0.4   31   +30     608 F 
g375725/B                                          +0     608   
g375725/Y            NOR2X1         1  0.4   28   +31     639 R 
g374720/B                                          +0     639   
g374720/Y            NOR2X1         1  0.4   23   +24     663 F 
g374192__1705/B                                    +0     663   
g374192__1705/Y      NOR2X1         1  0.4   27   +28     691 R 
g373917__1881/A                                    +0     691   
g373917__1881/Y      NAND2X1        1  0.4   32   +38     729 F 
g373762__2398/A                                    +0     729   
g373762__2398/Y      NOR2X1         1  0.4   28   +36     766 R 
g373678__2398/A                                    +0     766   
g373678__2398/Y      NAND2X1        1  0.4   32   +39     805 F 
g373632__1705/A                                    +0     805   
g373632__1705/Y      NOR2X1         1  0.4   28   +37     841 R 
g373606__8246/B                                    +0     841   
g373606__8246/Y      NAND2X1        1  0.4   32   +35     876 F 
g373594__2398/A                                    +0     876   
g373594__2398/Y      NOR2X1         1  0.4   28   +37     913 R 
g373585__6161/A                                    +0     913   
g373585__6161/Y      NAND2X1        1  0.3   29   +37     950 F 
data_out_reg[3]/D    DFFRHQX1                      +0     950   
data_out_reg[3]/CK   setup                    0   +36     986 R 
- - - - - - - - - - - - - - - - - - - - - - - - - - - - - - - - 
(clock clk)          capture                              986 R 
----------------------------------------------------------------
Cost Group   : 'clk' (path_group 'clk')
Timing slack :       0ps 
Start-point  : sp_reg[5]/CK
End-point    : data_out_reg[3]/D

path  66:

       Pin            Type     Fanout Load Slew Delay Arrival   
                                      (fF) (ps)  (ps)   (ps)    
----------------------------------------------------------------
(clock clk)          launch                                 0 R 
sp_reg[7]/CK                                  0    +0       0 R 
sp_reg[7]/Q          DFFRHQX1       4  1.6   30  +125     125 F 
g399419/B                                          +0     125   
g399419/Y            NOR2X1         1  0.4   28   +31     155 R 
g399385/B                                          +0     155   
g399385/Y            NAND2X1        1  0.4   32   +35     190 F 
g399356/B                                          +0     190   
g399356/Y            NOR2X1         1  0.4   28   +31     221 R 
g399267/B                                          +0     221   
g399267/Y            NAND2X1        2  0.8   43   +41     262 F 
g397389/B                                          +0     262   
g397389/Y            XOR2X1         6  2.0   39   +83     346 F 
g390488/B                                          +0     346   
g390488/Y            OR2X1          5  1.8   36   +77     422 F 
g386671/B                                          +0     422   
g386671/Y            NOR2X1         4  1.2   48   +45     467 R 
g381130/A                                          +0     467   
g381130/Y            AND2X1        10  3.6   54   +98     564 R 
g379754/A                                          +0     564   
g379754/Y            INVX1          8  3.2   59   +57     622 F 
g378367/B                                          +0     622   
g378367/Y            NOR2X1         4  1.6   61   +60     682 R 
g375489/B                                          +0     682   
g375489/Y            NAND2X1        1  0.4   36   +50     732 F 
g374590/A                                          +0     732   
g374590/Y            NAND2X1        1  0.4   19   +28     760 R 
g374121__2346/A                                    +0     760   
g374121__2346/Y      NOR2X1         1  0.4   20   +25     785 F 
g373770__1617/A                                    +0     785   
g373770__1617/Y      NAND2X1        1  0.4   17   +21     806 R 
g373665__1881/B                                    +0     806   
g373665__1881/Y      NOR2X1         1  0.4   19   +19     825 F 
g373627__5526/B                                    +0     825   
g373627__5526/Y      NAND2X1        1  0.4   17   +19     844 R 
g373624__6260/A                                    +0     844   
g373624__6260/Y      NOR2X1         1  0.4   19   +24     867 F 
g373604__1705/A                                    +0     867   
g373604__1705/Y      NAND2X1        1  0.4   17   +21     888 R 
g373593__5477/B                                    +0     888   
g373593__5477/Y      NOR2X1         1  0.4   19   +19     907 F 
g373588__2883/B                                    +0     907   
g373588__2883/Y      NAND2X1        1  0.3   16   +18     925 R 
data_out_reg[2]/D    DFFRHQX1                      +0     925   
data_out_reg[2]/CK   setup                    0   +60     986 R 
- - - - - - - - - - - - - - - - - - - - - - - - - - - - - - - - 
(clock clk)          capture                              986 R 
----------------------------------------------------------------
Cost Group   : 'clk' (path_group 'clk')
Timing slack :       0ps 
Start-point  : sp_reg[7]/CK
End-point    : data_out_reg[2]/D

path  67:

       Pin            Type     Fanout Load Slew Delay Arrival   
                                      (fF) (ps)  (ps)   (ps)    
----------------------------------------------------------------
(clock clk)          launch                                 0 R 
sp_reg[16]/CK                                 0    +0       0 R 
sp_reg[16]/Q         DFFRHQX1       8  2.6   45  +133     133 F 
g88003__8246/A                                     +0     133   
g88003__8246/Y       NOR2X1         1  0.4   29   +42     174 R 
g87987__5477/B                                     +0     174   
g87987__5477/Y       NAND2X1        2  0.6   38   +38     213 F 
g87972__6161/A                                     +0     213   
g87972__6161/Y       OR2X1          5  1.6   32   +81     294 F 
g87961__403021/A                                   +0     294   
g87961__403021/Y     NOR2X1         2  0.8   37   +43     337 R 
g87950__403020/A                                   +0     337   
g87950__403020/Y     NAND2X1        2  0.6   39   +46     383 F 
g403019/A                                          +0     383   
g403019/Y            NAND2X1        3  0.8   25   +32     415 R 
g386741/B                                          +0     415   
g386741/Y            NOR2X1         3  1.2   34   +29     444 F 
fopt400414/A                                       +0     444   
fopt400414/Y         INVX1          3  1.2   24   +29     473 R 
fopt400409/A                                       +0     473   
fopt400409/Y         INVX1         10  4.0   66   +50     522 F 
g380888/B                                          +0     522   
g380888/Y            NAND2X1        1  0.4   21   +39     562 R 
g378210/B                                          +0     562   
g378210/Y            NAND2X1        1  0.4   31   +32     594 F 
g403256/B                                          +0     594   
g403256/Y            NAND2X1        1  0.4   23   +24     617 R 
g375201/A                                          +0     617   
g375201/Y            NAND2X1        1  0.4   31   +37     654 F 
g374469__3680/A                                    +0     654   
g374469__3680/Y      NOR2X1         1  0.4   28   +36     690 R 
g374066__1666/A                                    +0     690   
g374066__1666/Y      NAND2X1        1  0.4   32   +39     729 F 
g373844__6417/A                                    +0     729   
g373844__6417/Y      NOR2X1         1  0.4   28   +37     766 R 
g373719__7098/A                                    +0     766   
g373719__7098/Y      NAND2X1        1  0.4   32   +39     805 F 
g373655__5526/A                                    +0     805   
g373655__5526/Y      NOR2X1         1  0.4   28   +37     841 R 
g373603__2802/A                                    +0     841   
g373603__2802/Y      NAND2X1        1  0.4   32   +39     880 F 
g373593__5477/A                                    +0     880   
g373593__5477/Y      NOR2X1         1  0.4   28   +37     917 R 
g373588__2883/B                                    +0     917   
g373588__2883/Y      NAND2X1        1  0.3   29   +33     950 F 
data_out_reg[2]/D    DFFRHQX1                      +0     950   
data_out_reg[2]/CK   setup                    0   +36     986 R 
- - - - - - - - - - - - - - - - - - - - - - - - - - - - - - - - 
(clock clk)          capture                              986 R 
----------------------------------------------------------------
Cost Group   : 'clk' (path_group 'clk')
Timing slack :       0ps 
Start-point  : sp_reg[16]/CK
End-point    : data_out_reg[2]/D

path  68:

       Pin            Type     Fanout Load Slew Delay Arrival   
                                      (fF) (ps)  (ps)   (ps)    
----------------------------------------------------------------
(clock clk)          launch                                 0 R 
sp_reg[3]/CK                                  0    +0       0 R 
sp_reg[3]/Q          DFFRHQX1       4  1.6   30  +125     125 F 
g403073/B                                          +0     125   
g403073/Y            NOR2X1         3  1.2   48   +42     167 R 
g399402/B                                          +0     167   
g399402/Y            NAND2X1        1  0.4   34   +44     211 F 
g399358/B                                          +0     211   
g399358/Y            NOR2X1         2  0.8   38   +38     249 R 
g402824/B                                          +0     249   
g402824/Y            NOR2X1         2  0.8   24   +32     281 F 
g397857_dup/B                                      +0     281   
g397857_dup/Y        NOR2X1         3  0.8   37   +34     315 R 
g402828/B                                          +0     315   
g402828/Y            OR2X1          2  0.6   15   +47     362 R 
fopt403316/A                                       +0     362   
fopt403316/Y         INVX1          2  0.8   18   +20     381 F 
fopt403315/A                                       +0     381   
fopt403315/Y         INVX1          2  0.8   17   +19     401 R 
g403314/B                                          +0     401   
g403314/Y            NOR2X1         5  2.0   44   +32     432 F 
fopt400480/A                                       +0     432   
fopt400480/Y         INVX1          2  0.8   20   +31     463 R 
fopt400479/A                                       +0     463   
fopt400479/Y         INVX1          5  2.0   36   +32     495 F 
fopt400478/A                                       +0     495   
fopt400478/Y         INVX1          4  1.6   30   +33     528 R 
fopt400477/A                                       +0     528   
fopt400477/Y         INVX1          4  1.6   32   +33     561 F 
g385010/B                                          +0     561   
g385010/Y            NAND2X1        1  0.4   17   +24     585 R 
g380487/B                                          +0     585   
g380487/Y            NAND2X1        1  0.4   31   +30     615 F 
g377942/B                                          +0     615   
g377942/Y            NAND2X1        1  0.4   26   +24     638 R 
g376362/B                                          +0     638   
g376362/Y            NAND2X1        1  0.4   32   +34     673 F 
g375082/A                                          +0     673   
g375082/Y            NOR2X1         1  0.4   28   +36     709 R 
g374393__1881/B                                    +0     709   
g374393__1881/Y      NAND2X1        1  0.4   32   +35     744 F 
g373823__5526/B                                    +0     744   
g373823__5526/Y      NOR2X1         1  0.4   28   +31     775 R 
g373709__4319/B                                    +0     775   
g373709__4319/Y      NAND2X1        1  0.4   32   +35     810 F 
g373650__2398/A                                    +0     810   
g373650__2398/Y      NOR2X1         1  0.4   28   +37     847 R 
g373617__2346/B                                    +0     847   
g373617__2346/Y      NAND2X1        1  0.4   32   +35     881 F 
g373600__6783/B                                    +0     881   
g373600__6783/Y      NOR2X1         1  0.4   28   +31     913 R 
g373588__2883/A                                    +0     913   
g373588__2883/Y      NAND2X1        1  0.3   29   +37     950 F 
data_out_reg[2]/D    DFFRHQX1                      +0     950   
data_out_reg[2]/CK   setup                    0   +36     986 R 
- - - - - - - - - - - - - - - - - - - - - - - - - - - - - - - - 
(clock clk)          capture                              986 R 
----------------------------------------------------------------
Cost Group   : 'clk' (path_group 'clk')
Timing slack :       0ps 
Start-point  : sp_reg[3]/CK
End-point    : data_out_reg[2]/D

path  69:

       Pin            Type     Fanout Load Slew Delay Arrival   
                                      (fF) (ps)  (ps)   (ps)    
----------------------------------------------------------------
(clock clk)          launch                                 0 R 
sp_reg[0]/CK                                  0    +0       0 R 
sp_reg[0]/Q          DFFRHQX1       4  1.6   30  +125     125 F 
g399465/B                                          +0     125   
g399465/Y            NOR2X1         4  1.4   53   +45     170 R 
g399442/A                                          +0     170   
g399442/Y            INVX1          3  1.2   29   +40     210 F 
g399407/B                                          +0     210   
g399407/Y            NOR2X1         2  0.8   38   +36     246 R 
g399354/B                                          +0     246   
g399354/Y            NOR2X1         1  0.4   20   +28     275 F 
g399209/B                                          +0     275   
g399209/Y            NOR2X1         2  0.6   32   +29     304 R 
g399186/A                                          +0     304   
g399186/Y            INVX1          3  0.8   21   +27     331 F 
g399185/A                                          +0     331   
g399185/Y            INVX1          3  1.2   22   +23     354 R 
g397855/B                                          +0     354   
g397855/Y            NOR2X1         3  1.2   29   +28     382 F 
g390475/A                                          +0     382   
g390475/Y            NAND2X1        4  1.0   26   +29     412 R 
g386721/B                                          +0     412   
g386721/Y            OR2X1          8  3.2   48   +61     473 R 
fopt400156/A                                       +0     473   
fopt400156/Y         INVX1          7  2.8   52   +51     524 F 
fopt400150/A                                       +0     524   
fopt400150/Y         INVX1          5  2.0   37   +42     567 R 
fopt400154/A                                       +0     567   
fopt400154/Y         INVX1          4  1.6   33   +36     603 F 
g376470/A                                          +0     603   
g376470/Y            NAND2X1        1  0.4   19   +27     630 R 
g375137/A                                          +0     630   
g375137/Y            NAND2X1        1  0.4   31   +35     665 F 
g374429__2346/B                                    +0     665   
g374429__2346/Y      NOR2X1         1  0.4   28   +31     696 R 
g374045__4319/B                                    +0     696   
g374045__4319/Y      NAND2X1        1  0.4   32   +35     730 F 
g373832__6131/A                                    +0     730   
g373832__6131/Y      NOR2X1         1  0.4   28   +37     767 R 
g373714__1617/A                                    +0     767   
g373714__1617/Y      NAND2X1        1  0.4   32   +39     806 F 
g373645__2346/B                                    +0     806   
g373645__2346/Y      NOR2X1         1  0.4   28   +31     837 R 
g373615__9945/A                                    +0     837   
g373615__9945/Y      NAND2X1        1  0.4   32   +39     876 F 
g373600__6783/A                                    +0     876   
g373600__6783/Y      NOR2X1         1  0.4   28   +37     913 R 
g373588__2883/A                                    +0     913   
g373588__2883/Y      NAND2X1        1  0.3   29   +37     950 F 
data_out_reg[2]/D    DFFRHQX1                      +0     950   
data_out_reg[2]/CK   setup                    0   +36     986 R 
- - - - - - - - - - - - - - - - - - - - - - - - - - - - - - - - 
(clock clk)          capture                              986 R 
----------------------------------------------------------------
Cost Group   : 'clk' (path_group 'clk')
Timing slack :       0ps 
Start-point  : sp_reg[0]/CK
End-point    : data_out_reg[2]/D

path  70:

       Pin            Type     Fanout Load Slew Delay Arrival   
                                      (fF) (ps)  (ps)   (ps)    
----------------------------------------------------------------
(clock clk)          launch                                 0 R 
sp_reg[5]/CK                                  0    +0       0 R 
sp_reg[5]/Q          DFFRHQX1       3  1.2   24  +121     121 F 
g399419/A                                          +0     121   
g399419/Y            NOR2X1         1  0.4   28   +34     155 R 
g399385/B                                          +0     155   
g399385/Y            NAND2X1        1  0.4   32   +35     190 F 
g399356/B                                          +0     190   
g399356/Y            NOR2X1         1  0.4   28   +31     221 R 
g399267/B                                          +0     221   
g399267/Y            NAND2X1        2  0.8   43   +41     262 F 
g397389/B                                          +0     262   
g397389/Y            XOR2X1         6  2.0   39   +83     346 F 
fopt401264/A                                       +0     346   
fopt401264/Y         INVX1          2  0.8   20   +28     374 R 
g390483/B                                          +0     374   
g390483/Y            NOR2X1         3  0.8   25   +23     397 F 
g386737/B                                          +0     397   
g386737/Y            AND2X1         4  1.6   31   +54     451 F 
fopt401080/A                                       +0     451   
fopt401080/Y         INVX1          2  0.8   18   +25     476 R 
fopt401079/A                                       +0     476   
fopt401079/Y         INVX1          4  1.6   30   +28     504 F 
fopt401078/A                                       +0     504   
fopt401078/Y         INVX1          2  0.8   18   +25     529 R 
fopt401077/A                                       +0     529   
fopt401077/Y         INVX1          4  1.6   30   +28     556 F 
g380544/B                                          +0     556   
g380544/Y            NAND2X1        1  0.4   17   +23     580 R 
g377981/A                                          +0     580   
g377981/Y            NAND2X1        1  0.4   31   +34     614 F 
g376383/B                                          +0     614   
g376383/Y            NOR2X1         1  0.4   28   +31     645 R 
g375093/B                                          +0     645   
g375093/Y            NOR2X1         1  0.4   21   +24     669 F 
g374398__9315/A                                    +0     669   
g374398__9315/Y      NOR2X1         1  0.4   27   +33     701 R 
g374028__6131/A                                    +0     701   
g374028__6131/Y      NAND2X1        1  0.4   32   +38     740 F 
g373824__6783/B                                    +0     740   
g373824__6783/Y      NOR2X1         1  0.4   28   +31     771 R 
g373709__4319/A                                    +0     771   
g373709__4319/Y      NAND2X1        1  0.4   32   +39     810 F 
g373650__2398/A                                    +0     810   
g373650__2398/Y      NOR2X1         1  0.4   28   +37     847 R 
g373617__2346/B                                    +0     847   
g373617__2346/Y      NAND2X1        1  0.4   32   +35     881 F 
g373600__6783/B                                    +0     881   
g373600__6783/Y      NOR2X1         1  0.4   28   +31     913 R 
g373588__2883/A                                    +0     913   
g373588__2883/Y      NAND2X1        1  0.3   29   +37     950 F 
data_out_reg[2]/D    DFFRHQX1                      +0     950   
data_out_reg[2]/CK   setup                    0   +36     986 R 
- - - - - - - - - - - - - - - - - - - - - - - - - - - - - - - - 
(clock clk)          capture                              986 R 
----------------------------------------------------------------
Cost Group   : 'clk' (path_group 'clk')
Timing slack :       0ps 
Start-point  : sp_reg[5]/CK
End-point    : data_out_reg[2]/D

path  71:

       Pin            Type     Fanout Load Slew Delay Arrival   
                                      (fF) (ps)  (ps)   (ps)    
----------------------------------------------------------------
(clock clk)          launch                                 0 R 
sp_reg[5]/CK                                  0    +0       0 R 
sp_reg[5]/Q          DFFRHQX1       3  1.2   24  +121     121 F 
g403073/A                                          +0     121   
g403073/Y            NOR2X1         3  1.2   48   +45     167 R 
g403075/A                                          +0     167   
g403075/Y            NAND2X1        1  0.4   33   +47     214 F 
g403074/B                                          +0     214   
g403074/Y            NOR2X1         2  0.8   38   +38     252 R 
g399257/B                                          +0     252   
g399257/Y            NOR2X1         1  0.4   20   +28     280 F 
g397856/B                                          +0     280   
g397856/Y            NOR2X1         4  1.0   42   +35     315 R 
fopt403124/A                                       +0     315   
fopt403124/Y         INVX1          2  0.6   19   +30     346 F 
g397388/B                                          +0     346   
g397388/Y            OR2X1          2  0.6   18   +61     406 F 
fopt402547/A                                       +0     406   
fopt402547/Y         INVX1          2  0.8   17   +19     426 R 
fopt402546/A                                       +0     426   
fopt402546/Y         INVX1          4  1.6   30   +27     453 F 
fopt402543/A                                       +0     453   
fopt402543/Y         INVX1          1  0.2   11   +20     473 R 
g381132/B                                          +0     473   
g381132/Y            AND2X1        11  4.4   65   +95     568 R 
g379756/A                                          +0     568   
g379756/Y            INVX1          7  2.8   54   +59     626 F 
g403084/B                                          +0     626   
g403084/Y            NOR2X1         4  1.6   61   +59     685 R 
g375442/B                                          +0     685   
g375442/Y            NAND2X1        1  0.4   36   +49     734 F 
g374896/A                                          +0     734   
g374896/Y            NAND2X1        1  0.4   19   +28     762 R 
g374292__6417/A                                    +0     762   
g374292__6417/Y      NOR2X1         1  0.4   20   +25     787 F 
g373965__3680/B                                    +0     787   
g373965__3680/Y      NAND2X1        1  0.4   17   +19     806 R 
g373790__2398/B                                    +0     806   
g373790__2398/Y      NOR2X1         1  0.4   19   +19     825 F 
g373691__7098/B                                    +0     825   
g373691__7098/Y      NAND2X1        1  0.4   17   +19     844 R 
g373611__7482/A                                    +0     844   
g373611__7482/Y      NOR2X1         1  0.4   19   +24     867 F 
g373597__4319/A                                    +0     867   
g373597__4319/Y      NAND2X1        1  0.4   17   +21     888 R 
g373589__2346/B                                    +0     888   
g373589__2346/Y      NOR2X1         1  0.4   19   +19     907 F 
g373587__9945/B                                    +0     907   
g373587__9945/Y      NAND2X1        1  0.3   16   +18     925 R 
data_out_reg[1]/D    DFFRHQX1                      +0     925   
data_out_reg[1]/CK   setup                    0   +60     986 R 
- - - - - - - - - - - - - - - - - - - - - - - - - - - - - - - - 
(clock clk)          capture                              986 R 
----------------------------------------------------------------
Cost Group   : 'clk' (path_group 'clk')
Timing slack :       0ps 
Start-point  : sp_reg[5]/CK
End-point    : data_out_reg[1]/D

path  72:

       Pin            Type     Fanout Load Slew Delay Arrival   
                                      (fF) (ps)  (ps)   (ps)    
----------------------------------------------------------------
(clock clk)          launch                                 0 R 
sp_reg[7]/CK                                  0    +0       0 R 
sp_reg[7]/Q          DFFRHQX1       4  1.6   30  +125     125 F 
g399419/B                                          +0     125   
g399419/Y            NOR2X1         1  0.4   28   +31     155 R 
g399385/B                                          +0     155   
g399385/Y            NAND2X1        1  0.4   32   +35     190 F 
g399356/B                                          +0     190   
g399356/Y            NOR2X1         1  0.4   28   +31     221 R 
g399267/B                                          +0     221   
g399267/Y            NAND2X1        2  0.8   43   +41     262 F 
g397389/B                                          +0     262   
g397389/Y            XOR2X1         6  2.0   35   +87     349 R 
fopt401263/A                                       +0     349   
fopt401263/Y         INVX1          2  0.8   21   +29     378 F 
g390487/B                                          +0     378   
g390487/Y            NAND2X1        2  0.8   23   +22     401 R 
g388509/A                                          +0     401   
g388509/Y            INVX1          4  1.0   22   +25     426 F 
g402790/A                                          +0     426   
g402790/Y            AND2X1         6  2.4   42   +56     482 F 
fopt403302/A                                       +0     482   
fopt403302/Y         INVX1          2  0.8   20   +30     512 R 
fopt13/A                                           +0     512   
fopt13/Y             INVX1          4  1.6   31   +29     541 F 
g379718/B                                          +0     541   
g379718/Y            NAND2X1        1  0.4   17   +24     564 R 
g377408/A                                          +0     564   
g377408/Y            NAND2X1        1  0.4   31   +34     598 F 
g375892/B                                          +0     598   
g375892/Y            NAND2X1        1  0.4   21   +24     622 R 
g374817/A                                          +0     622   
g374817/Y            NAND2X1        1  0.4   32   +36     658 F 
g374244__6783/A                                    +0     658   
g374244__6783/Y      NOR2X1         1  0.4   28   +36     694 R 
g373942__8246/A                                    +0     694   
g373942__8246/Y      NAND2X1        1  0.4   32   +39     733 F 
g373775__7098/A                                    +0     733   
g373775__7098/Y      NOR2X1         1  0.4   28   +37     770 R 
g373684__6783/A                                    +0     770   
g373684__6783/Y      NAND2X1        1  0.4   32   +39     809 F 
g373636__6131/A                                    +0     809   
g373636__6131/Y      NOR2X1         1  0.4   28   +37     845 R 
g373605__5122/B                                    +0     845   
g373605__5122/Y      NAND2X1        1  0.4   32   +35     880 F 
g373589__2346/A                                    +0     880   
g373589__2346/Y      NOR2X1         1  0.4   28   +37     917 R 
g373587__9945/B                                    +0     917   
g373587__9945/Y      NAND2X1        1  0.3   29   +33     950 F 
data_out_reg[1]/D    DFFRHQX1                      +0     950   
data_out_reg[1]/CK   setup                    0   +36     986 R 
- - - - - - - - - - - - - - - - - - - - - - - - - - - - - - - - 
(clock clk)          capture                              986 R 
----------------------------------------------------------------
Cost Group   : 'clk' (path_group 'clk')
Timing slack :       0ps 
Start-point  : sp_reg[7]/CK
End-point    : data_out_reg[1]/D

path  73:

       Pin            Type     Fanout Load Slew Delay Arrival   
                                      (fF) (ps)  (ps)   (ps)    
----------------------------------------------------------------
(clock clk)          launch                                 0 R 
sp_reg[0]/CK                                  0    +0       0 R 
sp_reg[0]/Q          DFFRHQX1       4  1.6   28  +137     137 R 
g399465/B                                          +0     137   
g399465/Y            NOR2X1         4  1.4   35   +32     169 F 
g399442/A                                          +0     169   
g399442/Y            INVX1          3  1.2   24   +29     198 R 
g399392/B                                          +0     198   
g399392/Y            NOR2X1         2  0.8   25   +25     224 F 
g399357/B                                          +0     224   
g399357/Y            NOR2X1         1  0.4   27   +28     252 R 
g399271/B                                          +0     252   
g399271/Y            NOR2X1         2  0.6   25   +25     277 F 
g402712/A                                          +0     277   
g402712/Y            INVX1          3  1.0   20   +24     301 R 
g402713/A                                          +0     301   
g402713/Y            INVX1          2  0.8   19   +22     323 F 
g402715/A                                          +0     323   
g402715/Y            INVX1          3  1.0   19   +21     344 R 
g402821/B                                          +0     344   
g402821/Y            OR2X1          3  1.2   23   +45     389 R 
g393946/A                                          +0     389   
g393946/Y            INVX1          2  0.6   16   +22     411 F 
g400073/A                                          +0     411   
g400073/Y            AND2X1         2  0.8   19   +42     452 F 
fopt401321/A                                       +0     452   
fopt401321/Y         INVX1          2  0.8   17   +20     472 R 
fopt401320/A                                       +0     472   
fopt401320/Y         INVX1          4  1.6   30   +27     499 F 
g384757/B                                          +0     499   
g384757/Y            NAND2X1        1  0.4   17   +23     522 R 
g379904/A                                          +0     522   
g379904/Y            NAND2X1        1  0.4   31   +34     557 F 
g377955/B                                          +0     557   
g377955/Y            NOR2X1         1  0.4   28   +31     588 R 
g376702/B                                          +0     588   
g376702/Y            NOR2X1         1  0.4   25   +24     612 F 
g375302/B                                          +0     612   
g375302/Y            NOR2X1         1  0.4   27   +28     640 R 
g374281__1881/B                                    +0     640   
g374281__1881/Y      NAND2X1        1  0.4   32   +34     674 F 
g373960__6260/A                                    +0     674   
g373960__6260/Y      NOR2X1         1  0.4   26   +36     711 R 
g373863__7482/B                                    +0     711   
g373863__7482/Y      NAND2X1        1  0.4   32   +34     745 F 
g373727__9945/B                                    +0     745   
g373727__9945/Y      NOR2X1         1  0.4   28   +31     776 R 
g373640__4733/A                                    +0     776   
g373640__4733/Y      NAND2X1        1  0.4   32   +39     815 F 
g373611__7482/B                                    +0     815   
g373611__7482/Y      NOR2X1         1  0.4   28   +31     847 R 
g373597__4319/A                                    +0     847   
g373597__4319/Y      NAND2X1        1  0.4   32   +39     886 F 
g373589__2346/B                                    +0     886   
g373589__2346/Y      NOR2X1         1  0.4   28   +31     917 R 
g373587__9945/B                                    +0     917   
g373587__9945/Y      NAND2X1        1  0.3   29   +33     950 F 
data_out_reg[1]/D    DFFRHQX1                      +0     950   
data_out_reg[1]/CK   setup                    0   +36     986 R 
- - - - - - - - - - - - - - - - - - - - - - - - - - - - - - - - 
(clock clk)          capture                              986 R 
----------------------------------------------------------------
Cost Group   : 'clk' (path_group 'clk')
Timing slack :       0ps 
Start-point  : sp_reg[0]/CK
End-point    : data_out_reg[1]/D

path  74:

       Pin             Type     Fanout Load Slew Delay Arrival   
                                       (fF) (ps)  (ps)   (ps)    
-----------------------------------------------------------------
(clock clk)           launch                                 0 R 
sp_reg[7]/CK                                   0    +0       0 R 
sp_reg[7]/Q           DFFRHQX1       4  1.6   30  +125     125 F 
g399419/B                                           +0     125   
g399419/Y             NOR2X1         1  0.4   28   +31     155 R 
g399385/B                                           +0     155   
g399385/Y             NAND2X1        1  0.4   32   +35     190 F 
g399356/B                                           +0     190   
g399356/Y             NOR2X1         1  0.4   28   +31     221 R 
g399267/B                                           +0     221   
g399267/Y             NAND2X1        2  0.8   43   +41     262 F 
g397389/B                                           +0     262   
g397389/Y             XOR2X1         6  2.0   39   +83     346 F 
fopt401264/A                                        +0     346   
fopt401264/Y          INVX1          2  0.8   20   +28     374 R 
g390479/B                                           +0     374   
g390479/Y             NOR2X1         3  0.8   25   +23     397 F 
g386749_dup403368/A                                 +0     397   
g386749_dup403368/Y   AND2X1         2  0.8   19   +44     441 F 
fopt402317/A                                        +0     441   
fopt402317/Y          INVX1          2  0.8   17   +20     461 R 
fopt401194/A                                        +0     461   
fopt401194/Y          INVX1          4  1.6   30   +27     488 F 
fopt401193/A                                        +0     488   
fopt401193/Y          INVX1          4  1.6   29   +30     518 R 
fopt401192/A                                        +0     518   
fopt401192/Y          INVX1          4  1.6   32   +32     551 F 
g379940/B                                           +0     551   
g379940/Y             NAND2X1        1  0.4   17   +24     575 R 
g377562/A                                           +0     575   
g377562/Y             NAND2X1        1  0.4   31   +34     609 F 
g376022/B                                           +0     609   
g376022/Y             NAND2X1        1  0.4   21   +24     633 R 
g374885/B                                           +0     633   
g374885/Y             NAND2X1        1  0.4   31   +32     665 F 
g374288__2883/A                                     +0     665   
g374288__2883/Y       NOR2X1         1  0.4   28   +36     701 R 
g373962__8428/A                                     +0     701   
g373962__8428/Y       NAND2X1        1  0.4   32   +39     740 F 
g373727__9945/A                                     +0     740   
g373727__9945/Y       NOR2X1         1  0.4   28   +36     776 R 
g373640__4733/A                                     +0     776   
g373640__4733/Y       NAND2X1        1  0.4   32   +39     815 F 
g373611__7482/B                                     +0     815   
g373611__7482/Y       NOR2X1         1  0.4   28   +31     847 R 
g373597__4319/A                                     +0     847   
g373597__4319/Y       NAND2X1        1  0.4   32   +39     886 F 
g373589__2346/B                                     +0     886   
g373589__2346/Y       NOR2X1         1  0.4   28   +31     917 R 
g373587__9945/B                                     +0     917   
g373587__9945/Y       NAND2X1        1  0.3   29   +33     950 F 
data_out_reg[1]/D     DFFRHQX1                      +0     950   
data_out_reg[1]/CK    setup                    0   +36     986 R 
- - - - - - - - - - - - - - - - - - - - - - - - - - - - - - - - -
(clock clk)           capture                              986 R 
-----------------------------------------------------------------
Cost Group   : 'clk' (path_group 'clk')
Timing slack :       0ps 
Start-point  : sp_reg[7]/CK
End-point    : data_out_reg[1]/D

path  75:

       Pin            Type     Fanout Load Slew Delay Arrival   
                                      (fF) (ps)  (ps)   (ps)    
----------------------------------------------------------------
(clock clk)          launch                                 0 R 
sp_reg[0]/CK                                  0    +0       0 R 
sp_reg[0]/Q          DFFRHQX1       4  1.6   30  +125     125 F 
g399465/B                                          +0     125   
g399465/Y            NOR2X1         4  1.4   53   +45     170 R 
g399442/A                                          +0     170   
g399442/Y            INVX1          3  1.2   29   +40     210 F 
g403074/A                                          +0     210   
g403074/Y            NOR2X1         2  0.8   38   +42     252 R 
g399257/B                                          +0     252   
g399257/Y            NOR2X1         1  0.4   20   +28     280 F 
g397856/B                                          +0     280   
g397856/Y            NOR2X1         4  1.0   42   +35     315 R 
g397380/B                                          +0     315   
g397380/Y            OR2X1          5  1.8   30   +57     372 R 
g393949/A                                          +0     372   
g393949/Y            INVX1          4  1.0   23   +28     400 F 
g386719/B                                          +0     400   
g386719/Y            AND2X1         3  1.2   25   +50     451 F 
fopt400943/A                                       +0     451   
fopt400943/Y         INVX1          5  2.0   33   +31     481 R 
fopt400941/A                                       +0     481   
fopt400941/Y         INVX1          2  0.8   21   +28     509 F 
g380243/B                                          +0     509   
g380243/Y            NAND2X1        1  0.4   17   +19     529 R 
g377766/B                                          +0     529   
g377766/Y            NAND2X1        1  0.4   31   +30     559 F 
g376210/A                                          +0     559   
g376210/Y            NOR2X1         1  0.4   28   +36     595 R 
g374994/B                                          +0     595   
g374994/Y            NOR2X1         1  0.4   19   +24     618 F 
g374345__2346/A                                    +0     618   
g374345__2346/Y      NOR2X1         1  0.4   26   +32     650 R 
g373998__8246/B                                    +0     650   
g373998__8246/Y      NAND2X1        1  0.2   26   +31     681 F 
g373838__9315/A                                    +0     681   
g373838__9315/Y      OR2X1          1  0.4   15   +68     749 F 
g373697__6161/A                                    +0     749   
g373697__6161/Y      NOR2X1         1  0.4   28   +30     779 R 
g373644__2883/B                                    +0     779   
g373644__2883/Y      NAND2X1        1  0.4   32   +35     814 F 
g373614__9315/A                                    +0     814   
g373614__9315/Y      NOR2X1         1  0.4   28   +37     851 R 
g373597__4319/B                                    +0     851   
g373597__4319/Y      NAND2X1        1  0.4   32   +35     886 F 
g373589__2346/B                                    +0     886   
g373589__2346/Y      NOR2X1         1  0.4   28   +31     917 R 
g373587__9945/B                                    +0     917   
g373587__9945/Y      NAND2X1        1  0.3   29   +33     950 F 
data_out_reg[1]/D    DFFRHQX1                      +0     950   
data_out_reg[1]/CK   setup                    0   +36     986 R 
- - - - - - - - - - - - - - - - - - - - - - - - - - - - - - - - 
(clock clk)          capture                              986 R 
----------------------------------------------------------------
Cost Group   : 'clk' (path_group 'clk')
Timing slack :       0ps 
Start-point  : sp_reg[0]/CK
End-point    : data_out_reg[1]/D

path  76:

       Pin            Type     Fanout Load Slew Delay Arrival   
                                      (fF) (ps)  (ps)   (ps)    
----------------------------------------------------------------
(clock clk)          launch                                 0 R 
sp_reg[2]/CK                                  0    +0       0 R 
sp_reg[2]/Q          DFFRHQX1       5  2.0   36  +128     128 F 
g399463/B                                          +0     128   
g399463/Y            NOR2X1         2  0.8   38   +39     167 R 
g399402/A                                          +0     167   
g399402/Y            NAND2X1        1  0.4   34   +43     210 F 
g399358/B                                          +0     210   
g399358/Y            NOR2X1         2  0.8   38   +38     248 R 
g402824/B                                          +0     248   
g402824/Y            NOR2X1         2  0.8   24   +32     280 F 
g397857_dup/B                                      +0     280   
g397857_dup/Y        NOR2X1         3  0.8   37   +34     314 R 
g403358/B                                          +0     314   
g403358/Y            OR2X1          6  2.2   35   +58     372 R 
g403406/B                                          +0     372   
g403406/Y            OR2X1          2  0.6   15   +46     419 R 
g403361/A                                          +0     419   
g403361/Y            INVX1          3  1.2   24   +23     442 F 
g386697/B                                          +0     442   
g386697/Y            NAND2X1        3  1.2   26   +26     468 R 
fopt402566/A                                       +0     468   
fopt402566/Y         INVX1         12  4.8   78   +57     525 F 
g380051/B                                          +0     525   
g380051/Y            NAND2X1        1  0.4   23   +44     570 R 
g377636/B                                          +0     570   
g377636/Y            NAND2X1        1  0.4   31   +33     602 F 
g376094/A                                          +0     602   
g376094/Y            NAND2X1        1  0.4   19   +26     629 R 
g374925/B                                          +0     629   
g374925/Y            NAND2X1        1  0.4   31   +31     660 F 
g374310__5115/A                                    +0     660   
g374310__5115/Y      NOR2X1         1  0.4   28   +36     696 R 
g373975__7482/A                                    +0     696   
g373975__7482/Y      NAND2X1        1  0.4   32   +39     734 F 
g373795__5526/A                                    +0     734   
g373795__5526/Y      NOR2X1         1  0.4   28   +37     771 R 
g373691__7098/A                                    +0     771   
g373691__7098/Y      NAND2X1        1  0.4   32   +39     810 F 
g373611__7482/A                                    +0     810   
g373611__7482/Y      NOR2X1         1  0.4   28   +37     847 R 
g373597__4319/A                                    +0     847   
g373597__4319/Y      NAND2X1        1  0.4   32   +39     886 F 
g373589__2346/B                                    +0     886   
g373589__2346/Y      NOR2X1         1  0.4   28   +31     917 R 
g373587__9945/B                                    +0     917   
g373587__9945/Y      NAND2X1        1  0.3   29   +33     950 F 
data_out_reg[1]/D    DFFRHQX1                      +0     950   
data_out_reg[1]/CK   setup                    0   +36     986 R 
- - - - - - - - - - - - - - - - - - - - - - - - - - - - - - - - 
(clock clk)          capture                              986 R 
----------------------------------------------------------------
Cost Group   : 'clk' (path_group 'clk')
Timing slack :       0ps 
Start-point  : sp_reg[2]/CK
End-point    : data_out_reg[1]/D

path  77:

       Pin            Type     Fanout Load Slew Delay Arrival   
                                      (fF) (ps)  (ps)   (ps)    
----------------------------------------------------------------
(clock clk)          launch                                 0 R 
sp_reg[5]/CK                                  0    +0       0 R 
sp_reg[5]/Q          DFFRHQX1       3  1.2   24  +121     121 F 
g399419/A                                          +0     121   
g399419/Y            NOR2X1         1  0.4   28   +34     155 R 
g399385/B                                          +0     155   
g399385/Y            NAND2X1        1  0.4   32   +35     190 F 
g399356/B                                          +0     190   
g399356/Y            NOR2X1         1  0.4   28   +31     221 R 
g399267/B                                          +0     221   
g399267/Y            NAND2X1        2  0.8   43   +41     262 F 
g397389/B                                          +0     262   
g397389/Y            XOR2X1         6  2.0   35   +87     349 R 
g390486/B                                          +0     349   
g390486/Y            OR2X1          4  1.6   28   +53     402 R 
g402281/B                                          +0     402   
g402281/Y            NOR2X1         5  1.0   28   +29     431 F 
g381134/A                                          +0     431   
g381134/Y            AND2X1         5  2.0   37   +55     486 F 
fopt401554/A                                       +0     486   
fopt401554/Y         INVX1          3  1.2   24   +30     516 R 
fopt401553/A                                       +0     516   
fopt401553/Y         INVX1          7  2.8   49   +40     556 F 
g378019/B                                          +0     556   
g378019/Y            NAND2X1        1  0.2   16   +30     586 R 
g376416/A                                          +0     586   
g376416/Y            AND2X1         1  0.4   14   +64     650 R 
g375108/B                                          +0     650   
g375108/Y            NOR2X1         1  0.4   21   +17     667 F 
g374411__5526/A                                    +0     667   
g374411__5526/Y      NOR2X1         1  0.4   28   +32     700 R 
g374034__9315/B                                    +0     700   
g374034__9315/Y      NAND2X1        1  0.4   32   +35     734 F 
g373829__5122/B                                    +0     734   
g373829__5122/Y      NOR2X1         1  0.4   28   +31     766 R 
g373711__5526/B                                    +0     766   
g373711__5526/Y      NAND2X1        1  0.4   32   +35     801 F 
g373663__7098/A                                    +0     801   
g373663__7098/Y      NOR2X1         1  0.4   28   +37     837 R 
g373619__7410/A                                    +0     837   
g373619__7410/Y      NAND2X1        1  0.4   32   +39     876 F 
g373592__6417/A                                    +0     876   
g373592__6417/Y      NOR2X1         1  0.4   28   +37     913 R 
g373587__9945/A                                    +0     913   
g373587__9945/Y      NAND2X1        1  0.3   29   +37     950 F 
data_out_reg[1]/D    DFFRHQX1                      +0     950   
data_out_reg[1]/CK   setup                    0   +36     986 R 
- - - - - - - - - - - - - - - - - - - - - - - - - - - - - - - - 
(clock clk)          capture                              986 R 
----------------------------------------------------------------
Cost Group   : 'clk' (path_group 'clk')
Timing slack :       0ps 
Start-point  : sp_reg[5]/CK
End-point    : data_out_reg[1]/D

path  78:

       Pin            Type     Fanout Load Slew Delay Arrival   
                                      (fF) (ps)  (ps)   (ps)    
----------------------------------------------------------------
(clock clk)          launch                                 0 R 
sp_reg[7]/CK                                  0    +0       0 R 
sp_reg[7]/Q          DFFRHQX1       4  1.6   30  +125     125 F 
g399419/B                                          +0     125   
g399419/Y            NOR2X1         1  0.4   28   +31     155 R 
g399385/B                                          +0     155   
g399385/Y            NAND2X1        1  0.4   32   +35     190 F 
g399356/B                                          +0     190   
g399356/Y            NOR2X1         1  0.4   28   +31     221 R 
g399267/B                                          +0     221   
g399267/Y            NAND2X1        2  0.8   43   +41     262 F 
g397389/B                                          +0     262   
g397389/Y            XOR2X1         6  2.0   35   +87     349 R 
fopt401263/A                                       +0     349   
fopt401263/Y         INVX1          2  0.8   21   +29     378 F 
g390487/B                                          +0     378   
g390487/Y            NAND2X1        2  0.8   23   +22     401 R 
g388509/A                                          +0     401   
g388509/Y            INVX1          4  1.0   22   +25     426 F 
g402790/A                                          +0     426   
g402790/Y            AND2X1         6  2.4   42   +56     482 F 
fopt403302/A                                       +0     482   
fopt403302/Y         INVX1          2  0.8   20   +30     512 R 
fopt13/A                                           +0     512   
fopt13/Y             INVX1          4  1.6   31   +29     541 F 
g381002/B                                          +0     541   
g381002/Y            NAND2X1        1  0.4   17   +24     564 R 
g378304/A                                          +0     564   
g378304/Y            NAND2X1        1  0.4   31   +34     598 F 
g376659/B                                          +0     598   
g376659/Y            NAND2X1        1  0.4   21   +24     622 R 
g375241/A                                          +0     622   
g375241/Y            NAND2X1        1  0.4   32   +36     658 F 
g374486__1666/A                                    +0     658   
g374486__1666/Y      NOR2X1         1  0.4   28   +36     694 R 
g374071__5107/A                                    +0     694   
g374071__5107/Y      NAND2X1        1  0.4   32   +39     733 F 
g373841__2346/A                                    +0     733   
g373841__2346/Y      NOR2X1         1  0.4   28   +37     770 R 
g373715__2802/A                                    +0     770   
g373715__2802/Y      NAND2X1        1  0.4   32   +39     809 F 
g373651__5107/A                                    +0     809   
g373651__5107/Y      NOR2X1         1  0.4   28   +37     845 R 
g373601__3680/B                                    +0     845   
g373601__3680/Y      NAND2X1        1  0.4   32   +35     880 F 
g373591__7410/A                                    +0     880   
g373591__7410/Y      NOR2X1         1  0.4   28   +37     917 R 
g373586__9315/B                                    +0     917   
g373586__9315/Y      NAND2X1        1  0.3   29   +33     950 F 
data_out_reg[0]/D    DFFRHQX1                      +0     950   
data_out_reg[0]/CK   setup                    0   +36     986 R 
- - - - - - - - - - - - - - - - - - - - - - - - - - - - - - - - 
(clock clk)          capture                              986 R 
----------------------------------------------------------------
Cost Group   : 'clk' (path_group 'clk')
Timing slack :       0ps 
Start-point  : sp_reg[7]/CK
End-point    : data_out_reg[0]/D

path  79:

       Pin            Type     Fanout Load Slew Delay Arrival   
                                      (fF) (ps)  (ps)   (ps)    
----------------------------------------------------------------
(clock clk)          launch                                 0 R 
sp_reg[0]/CK                                  0    +0       0 R 
sp_reg[0]/Q          DFFRHQX1       4  1.6   30  +125     125 F 
g399465/B                                          +0     125   
g399465/Y            NOR2X1         4  1.4   53   +45     170 R 
g399442/A                                          +0     170   
g399442/Y            INVX1          3  1.2   29   +40     210 F 
g399392/B                                          +0     210   
g399392/Y            NOR2X1         2  0.8   38   +36     246 R 
g399357/B                                          +0     246   
g399357/Y            NOR2X1         1  0.4   20   +28     275 F 
g399271/B                                          +0     275   
g399271/Y            NOR2X1         2  0.6   31   +29     304 R 
g402712/A                                          +0     304   
g402712/Y            INVX1          3  1.0   24   +29     333 F 
g402711/A                                          +0     333   
g402711/Y            INVX1          4  1.6   28   +27     360 R 
g403009/A                                          +0     360   
g403009/Y            INVX1          2  0.8   20   +26     386 F 
g402716_dup/A                                      +0     386   
g402716_dup/Y        INVX1          2  0.8   17   +20     406 R 
g403012/A                                          +0     406   
g403012/Y            NOR2X1         2  0.6   22   +25     431 F 
g386684/A                                          +0     431   
g386684/Y            AND2X1        17  6.0   95   +85     516 F 
g378410/B                                          +0     516   
g378410/Y            NAND2X1        1  0.4   25   +52     568 R 
g377904/B                                          +0     568   
g377904/Y            NAND2X1        1  0.4   32   +34     602 F 
g376328/A                                          +0     602   
g376328/Y            NOR2X1         1  0.4   28   +36     638 R 
g375060/B                                          +0     638   
g375060/Y            NOR2X1         1  0.4   23   +24     662 F 
g374379__5107/A                                    +0     662   
g374379__5107/Y      NOR2X1         1  0.4   27   +33     695 R 
g374014__2398/B                                    +0     695   
g374014__2398/Y      NAND2X1        1  0.4   32   +34     729 F 
g373815__7410/A                                    +0     729   
g373815__7410/Y      NOR2X1         1  0.4   28   +36     766 R 
g373701__2346/B                                    +0     766   
g373701__2346/Y      NAND2X1        1  0.4   32   +35     801 F 
g373639__7482/A                                    +0     801   
g373639__7482/Y      NOR2X1         1  0.4   28   +37     837 R 
g373618__1666/A                                    +0     837   
g373618__1666/Y      NAND2X1        1  0.4   32   +39     876 F 
g373596__6260/A                                    +0     876   
g373596__6260/Y      NOR2X1         1  0.4   28   +37     913 R 
g373586__9315/A                                    +0     913   
g373586__9315/Y      NAND2X1        1  0.3   29   +37     950 F 
data_out_reg[0]/D    DFFRHQX1                      +0     950   
data_out_reg[0]/CK   setup                    0   +36     986 R 
- - - - - - - - - - - - - - - - - - - - - - - - - - - - - - - - 
(clock clk)          capture                              986 R 
----------------------------------------------------------------
Cost Group   : 'clk' (path_group 'clk')
Timing slack :       0ps 
Start-point  : sp_reg[0]/CK
End-point    : data_out_reg[0]/D

path  80:

       Pin            Type     Fanout Load Slew Delay Arrival   
                                      (fF) (ps)  (ps)   (ps)    
----------------------------------------------------------------
(clock clk)          launch                                 0 R 
sp_reg[0]/CK                                  0    +0       0 R 
sp_reg[0]/Q          DFFRHQX1       4  1.6   28  +137     137 R 
g399465/B                                          +0     137   
g399465/Y            NOR2X1         4  1.4   35   +32     169 F 
g399442/A                                          +0     169   
g399442/Y            INVX1          3  1.2   24   +29     198 R 
g399407/B                                          +0     198   
g399407/Y            NOR2X1         2  0.8   25   +25     224 F 
g399370/B                                          +0     224   
g399370/Y            NOR2X1         1  0.4   27   +28     252 R 
fopt401613/A                                       +0     252   
fopt401613/Y         INVX1          2  0.6   17   +24     276 F 
fopt401612/A                                       +0     276   
fopt401612/Y         INVX1          5  1.6   27   +24     300 R 
fopt401611/A                                       +0     300   
fopt401611/Y         INVX1          2  0.8   20   +25     325 F 
fopt401610/A                                       +0     325   
fopt401610/Y         INVX1          1  0.4   12   +17     342 R 
g402719/A                                          +0     342   
g402719/Y            NOR2X1         1  0.4   19   +21     364 F 
g390485/B                                          +0     364   
g390485/Y            NAND2X1        4  0.8   25   +21     385 R 
g400068/B                                          +0     385   
g400068/Y            OR2X1          2  0.8   17   +44     429 R 
fopt402380/A                                       +0     429   
fopt402380/Y         INVX1          2  0.8   19   +21     450 F 
fopt402370/A                                       +0     450   
fopt402370/Y         INVX1          2  0.8   17   +19     469 R 
fopt402369/A                                       +0     469   
fopt402369/Y         INVX1          4  1.4   27   +26     495 F 
fopt402368/A                                       +0     495   
fopt402368/Y         INVX1          3  1.2   23   +26     521 R 
fopt402363/A                                       +0     521   
fopt402363/Y         INVX1          4  1.6   31   +30     551 F 
g380457/B                                          +0     551   
g380457/Y            NAND2X1        1  0.4   17   +24     575 R 
g377923/B                                          +0     575   
g377923/Y            NAND2X1        1  0.4   31   +30     605 F 
g376340/B                                          +0     605   
g376340/Y            NAND2X1        1  0.4   21   +24     628 R 
g375066/A                                          +0     628   
g375066/Y            NAND2X1        1  0.4   32   +36     664 F 
g374386__1617/B                                    +0     664   
g374386__1617/Y      NOR2X1         1  0.4   28   +31     696 R 
g374021__3680/A                                    +0     696   
g374021__3680/Y      NAND2X1        1  0.4   32   +39     734 F 
g373815__7410/B                                    +0     734   
g373815__7410/Y      NOR2X1         1  0.4   28   +31     766 R 
g373701__2346/B                                    +0     766   
g373701__2346/Y      NAND2X1        1  0.4   32   +35     801 F 
g373639__7482/A                                    +0     801   
g373639__7482/Y      NOR2X1         1  0.4   28   +37     837 R 
g373618__1666/A                                    +0     837   
g373618__1666/Y      NAND2X1        1  0.4   32   +39     876 F 
g373596__6260/A                                    +0     876   
g373596__6260/Y      NOR2X1         1  0.4   28   +37     913 R 
g373586__9315/A                                    +0     913   
g373586__9315/Y      NAND2X1        1  0.3   29   +37     950 F 
data_out_reg[0]/D    DFFRHQX1                      +0     950   
data_out_reg[0]/CK   setup                    0   +36     986 R 
- - - - - - - - - - - - - - - - - - - - - - - - - - - - - - - - 
(clock clk)          capture                              986 R 
----------------------------------------------------------------
Cost Group   : 'clk' (path_group 'clk')
Timing slack :       0ps 
Start-point  : sp_reg[0]/CK
End-point    : data_out_reg[0]/D

path  81:

       Pin            Type     Fanout Load Slew Delay Arrival   
                                      (fF) (ps)  (ps)   (ps)    
----------------------------------------------------------------
(clock clk)          launch                                 0 R 
sp_reg[5]/CK                                  0    +0       0 R 
sp_reg[5]/Q          DFFRHQX1       3  1.2   24  +121     121 F 
g399419/A                                          +0     121   
g399419/Y            NOR2X1         1  0.4   28   +34     155 R 
g399385/B                                          +0     155   
g399385/Y            NAND2X1        1  0.4   32   +35     190 F 
g399356/B                                          +0     190   
g399356/Y            NOR2X1         1  0.4   28   +31     221 R 
g399267/B                                          +0     221   
g399267/Y            NAND2X1        2  0.8   43   +41     262 F 
g397389/B                                          +0     262   
g397389/Y            XOR2X1         6  2.0   39   +83     346 F 
fopt401264/A                                       +0     346   
fopt401264/Y         INVX1          2  0.8   20   +28     374 R 
g390479/B                                          +0     374   
g390479/Y            NOR2X1         3  0.8   25   +23     397 F 
fopt402325/A                                       +0     397   
fopt402325/Y         INVX1          2  0.6   15   +21     418 R 
g386726/B                                          +0     418   
g386726/Y            OR2X1          4  1.6   28   +46     464 R 
fopt401861/A                                       +0     464   
fopt401861/Y         INVX1          4  1.6   32   +32     496 F 
fopt401860/A                                       +0     496   
fopt401860/Y         INVX1          3  1.2   24   +28     524 R 
fopt401859/A                                       +0     524   
fopt401859/Y         INVX1          2  0.8   20   +24     548 F 
g379534/B                                          +0     548   
g379534/Y            NAND2X1        1  0.4   17   +19     567 R 
g377299/B                                          +0     567   
g377299/Y            NAND2X1        1  0.4   31   +30     597 F 
g375808/B                                          +0     597   
g375808/Y            NAND2X1        1  0.4   25   +24     620 R 
g374756/B                                          +0     620   
g374756/Y            NAND2X1        1  0.4   32   +34     654 F 
g374216__6783/A                                    +0     654   
g374216__6783/Y      NOR2X1         1  0.4   28   +36     690 R 
g373920__4733/A                                    +0     690   
g373920__4733/Y      NAND2X1        1  0.4   32   +39     729 F 
g373764__6260/A                                    +0     729   
g373764__6260/Y      NOR2X1         1  0.4   28   +37     766 R 
g373667__7482/A                                    +0     766   
g373667__7482/Y      NAND2X1        1  0.4   32   +39     805 F 
g373656__6783/A                                    +0     805   
g373656__6783/Y      NOR2X1         1  0.4   28   +37     841 R 
g373618__1666/B                                    +0     841   
g373618__1666/Y      NAND2X1        1  0.4   32   +35     876 F 
g373596__6260/A                                    +0     876   
g373596__6260/Y      NOR2X1         1  0.4   28   +37     913 R 
g373586__9315/A                                    +0     913   
g373586__9315/Y      NAND2X1        1  0.3   29   +37     950 F 
data_out_reg[0]/D    DFFRHQX1                      +0     950   
data_out_reg[0]/CK   setup                    0   +36     986 R 
- - - - - - - - - - - - - - - - - - - - - - - - - - - - - - - - 
(clock clk)          capture                              986 R 
----------------------------------------------------------------
Cost Group   : 'clk' (path_group 'clk')
Timing slack :       0ps 
Start-point  : sp_reg[5]/CK
End-point    : data_out_reg[0]/D

path  82:

       Pin            Type     Fanout Load Slew Delay Arrival   
                                      (fF) (ps)  (ps)   (ps)    
----------------------------------------------------------------
(clock clk)          launch                                 0 R 
sp_reg[1]/CK                                  0    +0       0 R 
sp_reg[1]/Q          DFFRHQX1       3  1.2   24  +121     121 F 
g399465/A                                          +0     121   
g399465/Y            NOR2X1         4  1.4   53   +48     170 R 
g399442/A                                          +0     170   
g399442/Y            INVX1          3  1.2   29   +40     210 F 
g399392/B                                          +0     210   
g399392/Y            NOR2X1         2  0.8   38   +36     246 R 
g399357/B                                          +0     246   
g399357/Y            NOR2X1         1  0.4   20   +28     275 F 
g399271/B                                          +0     275   
g399271/Y            NOR2X1         2  0.6   31   +29     304 R 
g402712/A                                          +0     304   
g402712/Y            INVX1          3  1.0   24   +29     333 F 
g402711/A                                          +0     333   
g402711/Y            INVX1          4  1.6   28   +27     360 R 
g403009/A                                          +0     360   
g403009/Y            INVX1          2  0.8   20   +26     386 F 
g402716_dup/A                                      +0     386   
g402716_dup/Y        INVX1          2  0.8   17   +20     406 R 
g403011/A                                          +0     406   
g403011/Y            NAND2X1        2  0.8   42   +41     446 F 
g397391/A                                          +0     446   
g397391/Y            INVX1          1  0.4   15   +27     473 R 
g397374/B                                          +0     473   
g397374/Y            NAND2X1        4  0.8   42   +36     509 F 
g386700/B                                          +0     509   
g386700/Y            OR2X1          3  1.2   27   +73     581 F 
fopt400638/A                                       +0     581   
fopt400638/Y         INVX1          4  1.6   28   +29     610 R 
fopt400637/A                                       +0     610   
fopt400637/Y         INVX1          2  0.8   20   +26     636 F 
g381099/A                                          +0     636   
g381099/Y            NOR2X1         4  1.6   56   +50     686 R 
g377113/B                                          +0     686   
g377113/Y            NAND2X1        1  0.4   35   +47     733 F 
g375636/B                                          +0     733   
g375636/Y            NAND2X1        1  0.4   19   +25     758 R 
g374673/A                                          +0     758   
g374673/Y            NOR2X1         1  0.2   17   +23     782 F 
g373903__5107/B                                    +0     782   
g373903__5107/Y      AND2X1         1  0.4   13   +42     823 F 
g373672__2883/A                                    +0     823   
g373672__2883/Y      NAND2X1        1  0.4   16   +18     841 R 
g373630__1617/B                                    +0     841   
g373630__1617/Y      NOR2X1         1  0.4   19   +18     860 F 
g373606__8246/A                                    +0     860   
g373606__8246/Y      NAND2X1        1  0.4   17   +21     881 R 
g373594__2398/A                                    +0     881   
g373594__2398/Y      NOR2X1         1  0.4   19   +24     905 F 
g373585__6161/A                                    +0     905   
g373585__6161/Y      NAND2X1        1  0.3   16   +20     925 R 
data_out_reg[3]/D    DFFRHQX1                      +0     925   
data_out_reg[3]/CK   setup                    0   +60     986 R 
- - - - - - - - - - - - - - - - - - - - - - - - - - - - - - - - 
(clock clk)          capture                              986 R 
----------------------------------------------------------------
Cost Group   : 'clk' (path_group 'clk')
Timing slack :       0ps 
Start-point  : sp_reg[1]/CK
End-point    : data_out_reg[3]/D

path  83:

       Pin             Type     Fanout Load Slew Delay Arrival   
                                       (fF) (ps)  (ps)   (ps)    
-----------------------------------------------------------------
(clock clk)           launch                                 0 R 
sp_reg[7]/CK                                   0    +0       0 R 
sp_reg[7]/Q           DFFRHQX1       4  1.6   30  +125     125 F 
g399419/B                                           +0     125   
g399419/Y             NOR2X1         1  0.4   28   +31     155 R 
g399385/B                                           +0     155   
g399385/Y             NAND2X1        1  0.4   32   +35     190 F 
g399356/B                                           +0     190   
g399356/Y             NOR2X1         1  0.4   28   +31     221 R 
g399267/B                                           +0     221   
g399267/Y             NAND2X1        2  0.8   43   +41     262 F 
g397389/B                                           +0     262   
g397389/Y             XOR2X1         6  2.0   39   +83     346 F 
fopt401264/A                                        +0     346   
fopt401264/Y          INVX1          2  0.8   20   +28     374 R 
g390479/B                                           +0     374   
g390479/Y             NOR2X1         3  0.8   25   +23     397 F 
g386749_dup403368/A                                 +0     397   
g386749_dup403368/Y   AND2X1         2  0.8   19   +44     441 F 
fopt402317/A                                        +0     441   
fopt402317/Y          INVX1          2  0.8   17   +20     461 R 
fopt401194/A                                        +0     461   
fopt401194/Y          INVX1          4  1.6   30   +27     488 F 
fopt401193/A                                        +0     488   
fopt401193/Y          INVX1          4  1.6   29   +30     518 R 
fopt401192/A                                        +0     518   
fopt401192/Y          INVX1          4  1.6   32   +32     551 F 
g379309/B                                           +0     551   
g379309/Y             NAND2X1        1  0.4   17   +24     575 R 
g377145/A                                           +0     575   
g377145/Y             NAND2X1        1  0.4   31   +34     609 F 
g375668/B                                           +0     609   
g375668/Y             NOR2X1         1  0.4   28   +31     640 R 
g375373/B                                           +0     640   
g375373/Y             NOR2X1         1  0.4   22   +24     664 F 
g374521__4319/B                                     +0     664   
g374521__4319/Y       NOR2X1         1  0.4   27   +27     691 R 
g374095__7410/B                                     +0     691   
g374095__7410/Y       NAND2X1        1  0.4   32   +34     725 F 
g373865__6161/A                                     +0     725   
g373865__6161/Y       NOR2X1         1  0.4   28   +36     762 R 
g373675__7410/A                                     +0     762   
g373675__7410/Y       NAND2X1        1  0.4   32   +39     800 F 
g373630__1617/A                                     +0     800   
g373630__1617/Y       NOR2X1         1  0.4   28   +37     837 R 
g373606__8246/A                                     +0     837   
g373606__8246/Y       NAND2X1        1  0.4   32   +39     876 F 
g373594__2398/A                                     +0     876   
g373594__2398/Y       NOR2X1         1  0.4   28   +37     913 R 
g373585__6161/A                                     +0     913   
g373585__6161/Y       NAND2X1        1  0.3   29   +37     950 F 
data_out_reg[3]/D     DFFRHQX1                      +0     950   
data_out_reg[3]/CK    setup                    0   +36     986 R 
- - - - - - - - - - - - - - - - - - - - - - - - - - - - - - - - -
(clock clk)           capture                              986 R 
-----------------------------------------------------------------
Cost Group   : 'clk' (path_group 'clk')
Timing slack :       0ps 
Start-point  : sp_reg[7]/CK
End-point    : data_out_reg[3]/D

path  84:

       Pin            Type     Fanout Load Slew Delay Arrival   
                                      (fF) (ps)  (ps)   (ps)    
----------------------------------------------------------------
(clock clk)          launch                                 0 R 
sp_reg[3]/CK                                  0    +0       0 R 
sp_reg[3]/Q          DFFRHQX1       4  1.6   30  +125     125 F 
g403073/B                                          +0     125   
g403073/Y            NOR2X1         3  1.2   48   +42     167 R 
g399402/B                                          +0     167   
g399402/Y            NAND2X1        1  0.4   34   +44     211 F 
g399358/B                                          +0     211   
g399358/Y            NOR2X1         2  0.8   38   +38     249 R 
g402824/B                                          +0     249   
g402824/Y            NOR2X1         2  0.8   24   +32     281 F 
g397857_dup/B                                      +0     281   
g397857_dup/Y        NOR2X1         3  0.8   37   +34     315 R 
g403358/B                                          +0     315   
g403358/Y            OR2X1          6  2.2   35   +58     373 R 
g402163/A                                          +0     373   
g402163/Y            NOR2X1         5  2.0   45   +45     418 F 
fopt402165/A                                       +0     418   
fopt402165/Y         INVX1          2  0.8   20   +31     449 R 
fopt402164/A                                       +0     449   
fopt402164/Y         INVX1          6  2.4   42   +35     484 F 
g385069/B                                          +0     484   
g385069/Y            NAND2X1        1  0.2   16   +27     511 R 
g380042/B                                          +0     511   
g380042/Y            AND2X1         1  0.4   14   +68     580 R 
g377632/B                                          +0     580   
g377632/Y            NAND2X1        1  0.4   30   +29     608 F 
g376694/B                                          +0     608   
g376694/Y            NAND2X1        1  0.4   21   +23     632 R 
g375262/B                                          +0     632   
g375262/Y            NAND2X1        1  0.4   31   +32     663 F 
g374307__7098/A                                    +0     663   
g374307__7098/Y      NOR2X1         1  0.4   28   +36     700 R 
g374094__1666/B                                    +0     700   
g374094__1666/Y      NAND2X1        1  0.4   32   +35     734 F 
g373793__4319/A                                    +0     734   
g373793__4319/Y      NOR2X1         1  0.4   28   +37     771 R 
g373692__6131/A                                    +0     771   
g373692__6131/Y      NAND2X1        1  0.4   32   +39     810 F 
g373620__6417/A                                    +0     810   
g373620__6417/Y      NOR2X1         1  0.4   28   +37     846 R 
g373599__5526/A                                    +0     846   
g373599__5526/Y      NAND2X1        1  0.4   32   +39     885 F 
g373590__1666/B                                    +0     885   
g373590__1666/Y      NOR2X1         1  0.4   28   +31     917 R 
g373585__6161/B                                    +0     917   
g373585__6161/Y      NAND2X1        1  0.3   29   +33     950 F 
data_out_reg[3]/D    DFFRHQX1                      +0     950   
data_out_reg[3]/CK   setup                    0   +36     986 R 
- - - - - - - - - - - - - - - - - - - - - - - - - - - - - - - - 
(clock clk)          capture                              986 R 
----------------------------------------------------------------
Cost Group   : 'clk' (path_group 'clk')
Timing slack :       0ps 
Start-point  : sp_reg[3]/CK
End-point    : data_out_reg[3]/D

path  85:

       Pin             Type     Fanout Load Slew Delay Arrival   
                                       (fF) (ps)  (ps)   (ps)    
-----------------------------------------------------------------
(clock clk)           launch                                 0 R 
sp_reg[1]/CK                                   0    +0       0 R 
sp_reg[1]/Q           DFFRHQX1       3  1.2   24  +121     121 F 
g399465/A                                           +0     121   
g399465/Y             NOR2X1         4  1.4   53   +48     170 R 
g399442/A                                           +0     170   
g399442/Y             INVX1          3  1.2   29   +40     210 F 
g399392/B                                           +0     210   
g399392/Y             NOR2X1         2  0.8   38   +36     246 R 
g399357/B                                           +0     246   
g399357/Y             NOR2X1         1  0.4   20   +28     275 F 
g399271/B                                           +0     275   
g399271/Y             NOR2X1         2  0.6   31   +29     304 R 
g402712/A                                           +0     304   
g402712/Y             INVX1          3  1.0   24   +29     333 F 
g402711/A                                           +0     333   
g402711/Y             INVX1          4  1.6   28   +27     360 R 
g398715/B                                           +0     360   
g398715/Y             NOR2X1         1  0.4   20   +24     384 F 
g403349/B                                           +0     384   
g403349/Y             NAND2X1        4  1.6   35   +27     411 R 
g402303_dup403351/A                                 +0     411   
g402303_dup403351/Y   INVX1          1  0.4   15   +26     437 F 
g403350/B                                           +0     437   
g403350/Y             NAND2X1        5  2.0   38   +28     465 R 
fopt401140/A                                        +0     465   
fopt401140/Y          INVX1          4  1.4   30   +35     500 F 
fopt401139/A                                        +0     500   
fopt401139/Y          INVX1          4  1.6   29   +30     530 R 
fopt401134/A                                        +0     530   
fopt401134/Y          INVX1          2  0.8   20   +26     556 F 
g379532/B                                           +0     556   
g379532/Y             NAND2X1        1  0.4   17   +19     575 R 
g377298/B                                           +0     575   
g377298/Y             NAND2X1        1  0.4   31   +30     605 F 
g375801/B                                           +0     605   
g375801/Y             NAND2X1        1  0.4   17   +24     629 R 
g374761/A                                           +0     629   
g374761/Y             NAND2X1        1  0.4   32   +34     663 F 
g374215__5526/A                                     +0     663   
g374215__5526/Y       NOR2X1         1  0.4   28   +36     700 R 
g373926__1666/B                                     +0     700   
g373926__1666/Y       NAND2X1        1  0.4   32   +35     734 F 
g373768__6783/A                                     +0     734   
g373768__6783/Y       NOR2X1         1  0.4   28   +37     771 R 
g373680__6260/A                                     +0     771   
g373680__6260/Y       NAND2X1        1  0.4   32   +39     810 F 
g373626__8428/A                                     +0     810   
g373626__8428/Y       NOR2X1         1  0.4   28   +37     846 R 
g373609__1881/B                                     +0     846   
g373609__1881/Y       NAND2X1        1  0.4   32   +35     881 F 
g373594__2398/B                                     +0     881   
g373594__2398/Y       NOR2X1         1  0.4   28   +31     913 R 
g373585__6161/A                                     +0     913   
g373585__6161/Y       NAND2X1        1  0.3   29   +37     950 F 
data_out_reg[3]/D     DFFRHQX1                      +0     950   
data_out_reg[3]/CK    setup                    0   +36     986 R 
- - - - - - - - - - - - - - - - - - - - - - - - - - - - - - - - -
(clock clk)           capture                              986 R 
-----------------------------------------------------------------
Cost Group   : 'clk' (path_group 'clk')
Timing slack :       0ps 
Start-point  : sp_reg[1]/CK
End-point    : data_out_reg[3]/D

path  86:

       Pin            Type     Fanout Load Slew Delay Arrival   
                                      (fF) (ps)  (ps)   (ps)    
----------------------------------------------------------------
(clock clk)          launch                                 0 R 
sp_reg[5]/CK                                  0    +0       0 R 
sp_reg[5]/Q          DFFRHQX1       3  1.2   24  +121     121 F 
g399419/A                                          +0     121   
g399419/Y            NOR2X1         1  0.4   28   +34     155 R 
g399385/B                                          +0     155   
g399385/Y            NAND2X1        1  0.4   32   +35     190 F 
g399356/B                                          +0     190   
g399356/Y            NOR2X1         1  0.4   28   +31     221 R 
g399267/B                                          +0     221   
g399267/Y            NAND2X1        2  0.8   43   +41     262 F 
g397389/B                                          +0     262   
g397389/Y            XOR2X1         6  2.0   39   +83     346 F 
g390488/B                                          +0     346   
g390488/Y            OR2X1          5  1.8   36   +77     422 F 
g386671/B                                          +0     422   
g386671/Y            NOR2X1         4  1.2   48   +45     467 R 
g381130/A                                          +0     467   
g381130/Y            AND2X1        10  3.6   54   +98     564 R 
g379754/A                                          +0     564   
g379754/Y            INVX1          8  3.2   59   +57     622 F 
g378367/B                                          +0     622   
g378367/Y            NOR2X1         4  1.6   61   +60     682 R 
g375489/B                                          +0     682   
g375489/Y            NAND2X1        1  0.4   36   +50     732 F 
g374590/A                                          +0     732   
g374590/Y            NAND2X1        1  0.4   19   +28     760 R 
g374121__2346/A                                    +0     760   
g374121__2346/Y      NOR2X1         1  0.4   20   +25     785 F 
g373770__1617/A                                    +0     785   
g373770__1617/Y      NAND2X1        1  0.4   17   +21     806 R 
g373665__1881/B                                    +0     806   
g373665__1881/Y      NOR2X1         1  0.4   19   +19     825 F 
g373627__5526/B                                    +0     825   
g373627__5526/Y      NAND2X1        1  0.4   17   +19     844 R 
g373624__6260/A                                    +0     844   
g373624__6260/Y      NOR2X1         1  0.4   19   +24     867 F 
g373604__1705/A                                    +0     867   
g373604__1705/Y      NAND2X1        1  0.4   17   +21     888 R 
g373593__5477/B                                    +0     888   
g373593__5477/Y      NOR2X1         1  0.4   19   +19     907 F 
g373588__2883/B                                    +0     907   
g373588__2883/Y      NAND2X1        1  0.3   16   +18     925 R 
data_out_reg[2]/D    DFFRHQX1                      +0     925   
data_out_reg[2]/CK   setup                    0   +60     986 R 
- - - - - - - - - - - - - - - - - - - - - - - - - - - - - - - - 
(clock clk)          capture                              986 R 
----------------------------------------------------------------
Cost Group   : 'clk' (path_group 'clk')
Timing slack :       0ps 
Start-point  : sp_reg[5]/CK
End-point    : data_out_reg[2]/D

path  87:

       Pin            Type     Fanout Load Slew Delay Arrival   
                                      (fF) (ps)  (ps)   (ps)    
----------------------------------------------------------------
(clock clk)          launch                                 0 R 
sp_reg[0]/CK                                  0    +0       0 R 
sp_reg[0]/Q          DFFRHQX1       4  1.6   30  +125     125 F 
g399465/B                                          +0     125   
g399465/Y            NOR2X1         4  1.4   53   +45     170 R 
g399442/A                                          +0     170   
g399442/Y            INVX1          3  1.2   29   +40     210 F 
g399392/B                                          +0     210   
g399392/Y            NOR2X1         2  0.8   38   +36     246 R 
g399357/B                                          +0     246   
g399357/Y            NOR2X1         1  0.4   20   +28     275 F 
g399271/B                                          +0     275   
g399271/Y            NOR2X1         2  0.6   31   +29     304 R 
g402712/A                                          +0     304   
g402712/Y            INVX1          3  1.0   24   +29     333 F 
g402711/A                                          +0     333   
g402711/Y            INVX1          4  1.6   28   +27     360 R 
g403009/A                                          +0     360   
g403009/Y            INVX1          2  0.8   20   +26     386 F 
g402716_dup/A                                      +0     386   
g402716_dup/Y        INVX1          2  0.8   17   +20     406 R 
g403012/A                                          +0     406   
g403012/Y            NOR2X1         2  0.6   22   +25     431 F 
g388506/A                                          +0     431   
g388506/Y            INVX1          3  1.2   22   +24     455 R 
g386664/B                                          +0     455   
g386664/Y            NOR2X1         2  0.8   25   +25     480 F 
g383153/A                                          +0     480   
g383153/Y            INVX1          2  0.8   18   +22     502 R 
g381119/B                                          +0     502   
g381119/Y            NOR2X1         8  3.2   62   +42     544 F 
g378246/B                                          +0     544   
g378246/Y            NAND2X1        1  0.4   21   +37     581 R 
g376613/A                                          +0     581   
g376613/Y            NAND2X1        1  0.4   31   +36     617 F 
g375218/B                                          +0     617   
g375218/Y            NOR2X1         1  0.4   28   +31     648 R 
g374476__6131/B                                    +0     648   
g374476__6131/Y      NOR2X1         1  0.4   23   +24     672 F 
g374072__6260/B                                    +0     672   
g374072__6260/Y      NOR2X1         1  0.4   27   +28     699 R 
g373847__5107/A                                    +0     699   
g373847__5107/Y      NAND2X1        1  0.4   31   +38     738 F 
g373722__5115/A                                    +0     738   
g373722__5115/Y      NOR2X1         1  0.4   28   +36     774 R 
g373657__3680/B                                    +0     774   
g373657__3680/Y      NAND2X1        1  0.4   32   +35     809 F 
g373622__2398/A                                    +0     809   
g373622__2398/Y      NOR2X1         1  0.4   28   +37     845 R 
g373603__2802/B                                    +0     845   
g373603__2802/Y      NAND2X1        1  0.4   32   +35     880 F 
g373593__5477/A                                    +0     880   
g373593__5477/Y      NOR2X1         1  0.4   28   +37     917 R 
g373588__2883/B                                    +0     917   
g373588__2883/Y      NAND2X1        1  0.3   29   +33     950 F 
data_out_reg[2]/D    DFFRHQX1                      +0     950   
data_out_reg[2]/CK   setup                    0   +36     986 R 
- - - - - - - - - - - - - - - - - - - - - - - - - - - - - - - - 
(clock clk)          capture                              986 R 
----------------------------------------------------------------
Cost Group   : 'clk' (path_group 'clk')
Timing slack :       0ps 
Start-point  : sp_reg[0]/CK
End-point    : data_out_reg[2]/D

path  88:

       Pin            Type     Fanout Load Slew Delay Arrival   
                                      (fF) (ps)  (ps)   (ps)    
----------------------------------------------------------------
(clock clk)          launch                                 0 R 
sp_reg[3]/CK                                  0    +0       0 R 
sp_reg[3]/Q          DFFRHQX1       4  1.6   30  +125     125 F 
g403073/B                                          +0     125   
g403073/Y            NOR2X1         3  1.2   48   +42     167 R 
g402999_dup/A                                      +0     167   
g402999_dup/Y        NAND2X1        1  0.4   33   +47     214 F 
g403077/A                                          +0     214   
g403077/Y            NOR2X1         2  0.8   38   +43     257 R 
g399250/B                                          +0     257   
g399250/Y            NOR2X1         1  0.4   20   +29     286 F 
g398249/B                                          +0     286   
g398249/Y            NOR2X1         2  0.8   36   +32     318 R 
fopt402878/A                                       +0     318   
fopt402878/Y         INVX1          3  1.2   27   +33     351 F 
fopt402870/A                                       +0     351   
fopt402870/Y         INVX1          3  1.2   23   +26     377 R 
fopt402866/A                                       +0     377   
fopt402866/Y         INVX1          1  0.4   14   +20     397 F 
g397372/A                                          +0     397   
g397372/Y            NAND2X1        2  0.6   19   +20     417 R 
g386703/B                                          +0     417   
g386703/Y            OR2X1         12  4.8   68   +70     487 R 
g383406/A                                          +0     487   
g383406/Y            INVX1          8  3.2   61   +64     551 F 
g378439/B                                          +0     551   
g378439/Y            NAND2X1        1  0.4   21   +37     587 R 
g378236/B                                          +0     587   
g378236/Y            NAND2X1        1  0.4   31   +32     619 F 
g376604/B                                          +0     619   
g376604/Y            NAND2X1        1  0.2   18   +22     641 R 
g375211/B                                          +0     641   
g375211/Y            AND2X1         1  0.4   14   +69     710 R 
g374068__6417/B                                    +0     710   
g374068__6417/Y      NAND2X1        1  0.4   31   +29     739 F 
g373846__2398/B                                    +0     739   
g373846__2398/Y      NOR2X1         1  0.4   28   +31     770 R 
g373657__3680/A                                    +0     770   
g373657__3680/Y      NAND2X1        1  0.4   32   +39     809 F 
g373622__2398/A                                    +0     809   
g373622__2398/Y      NOR2X1         1  0.4   28   +37     845 R 
g373603__2802/B                                    +0     845   
g373603__2802/Y      NAND2X1        1  0.4   32   +35     880 F 
g373593__5477/A                                    +0     880   
g373593__5477/Y      NOR2X1         1  0.4   28   +37     917 R 
g373588__2883/B                                    +0     917   
g373588__2883/Y      NAND2X1        1  0.3   29   +33     950 F 
data_out_reg[2]/D    DFFRHQX1                      +0     950   
data_out_reg[2]/CK   setup                    0   +36     986 R 
- - - - - - - - - - - - - - - - - - - - - - - - - - - - - - - - 
(clock clk)          capture                              986 R 
----------------------------------------------------------------
Cost Group   : 'clk' (path_group 'clk')
Timing slack :       0ps 
Start-point  : sp_reg[3]/CK
End-point    : data_out_reg[2]/D

path  89:

       Pin            Type     Fanout Load Slew Delay Arrival   
                                      (fF) (ps)  (ps)   (ps)    
----------------------------------------------------------------
(clock clk)          launch                                 0 R 
sp_reg[2]/CK                                  0    +0       0 R 
sp_reg[2]/Q          DFFRHQX1       5  2.0   36  +128     128 F 
g399463/B                                          +0     128   
g399463/Y            NOR2X1         2  0.8   38   +39     167 R 
g399402/A                                          +0     167   
g399402/Y            NAND2X1        1  0.4   34   +43     210 F 
g399358/B                                          +0     210   
g399358/Y            NOR2X1         2  0.8   38   +38     248 R 
g402824/B                                          +0     248   
g402824/Y            NOR2X1         2  0.8   24   +32     280 F 
g397857_dup/B                                      +0     280   
g397857_dup/Y        NOR2X1         3  0.8   37   +34     314 R 
g402828/B                                          +0     314   
g402828/Y            OR2X1          2  0.6   15   +47     361 R 
fopt403316/A                                       +0     361   
fopt403316/Y         INVX1          2  0.8   18   +20     381 F 
fopt403315/A                                       +0     381   
fopt403315/Y         INVX1          2  0.8   17   +19     400 R 
g403314/B                                          +0     400   
g403314/Y            NOR2X1         5  2.0   44   +32     432 F 
fopt400480/A                                       +0     432   
fopt400480/Y         INVX1          2  0.8   20   +31     462 R 
fopt400479/A                                       +0     462   
fopt400479/Y         INVX1          5  2.0   36   +32     494 F 
fopt400478/A                                       +0     494   
fopt400478/Y         INVX1          4  1.6   30   +33     527 R 
fopt400477/A                                       +0     527   
fopt400477/Y         INVX1          4  1.6   32   +33     560 F 
g385030/B                                          +0     560   
g385030/Y            NAND2X1        1  0.4   17   +24     584 R 
g380813/B                                          +0     584   
g380813/Y            NAND2X1        1  0.4   31   +30     614 F 
g376542/A                                          +0     614   
g376542/Y            NOR2X1         1  0.4   28   +36     651 R 
g375175/B                                          +0     651   
g375175/Y            NOR2X1         1  0.4   23   +24     674 F 
g374456__2883/B                                    +0     674   
g374456__2883/Y      NOR2X1         1  0.4   27   +27     702 R 
g374058__5115/A                                    +0     702   
g374058__5115/Y      NAND2X1        1  0.4   31   +38     740 F 
g373840__2883/B                                    +0     740   
g373840__2883/Y      NOR2X1         1  0.4   28   +31     771 R 
g373717__5122/A                                    +0     771   
g373717__5122/Y      NAND2X1        1  0.4   32   +39     810 F 
g373655__5526/B                                    +0     810   
g373655__5526/Y      NOR2X1         1  0.4   28   +31     841 R 
g373603__2802/A                                    +0     841   
g373603__2802/Y      NAND2X1        1  0.4   32   +39     880 F 
g373593__5477/A                                    +0     880   
g373593__5477/Y      NOR2X1         1  0.4   28   +37     917 R 
g373588__2883/B                                    +0     917   
g373588__2883/Y      NAND2X1        1  0.3   29   +33     950 F 
data_out_reg[2]/D    DFFRHQX1                      +0     950   
data_out_reg[2]/CK   setup                    0   +36     986 R 
- - - - - - - - - - - - - - - - - - - - - - - - - - - - - - - - 
(clock clk)          capture                              986 R 
----------------------------------------------------------------
Cost Group   : 'clk' (path_group 'clk')
Timing slack :       0ps 
Start-point  : sp_reg[2]/CK
End-point    : data_out_reg[2]/D

path  90:

       Pin            Type     Fanout Load Slew Delay Arrival   
                                      (fF) (ps)  (ps)   (ps)    
----------------------------------------------------------------
(clock clk)          launch                                 0 R 
sp_reg[5]/CK                                  0    +0       0 R 
sp_reg[5]/Q          DFFRHQX1       3  1.2   24  +121     121 F 
g403073/A                                          +0     121   
g403073/Y            NOR2X1         3  1.2   48   +45     167 R 
g399402/B                                          +0     167   
g399402/Y            NAND2X1        1  0.4   34   +44     210 F 
g399358/B                                          +0     210   
g399358/Y            NOR2X1         2  0.8   38   +38     249 R 
g402824/B                                          +0     249   
g402824/Y            NOR2X1         2  0.8   24   +32     280 F 
g397857_dup/B                                      +0     280   
g397857_dup/Y        NOR2X1         3  0.8   37   +34     314 R 
g402828/B                                          +0     314   
g402828/Y            OR2X1          2  0.6   15   +47     361 R 
fopt403316/A                                       +0     361   
fopt403316/Y         INVX1          2  0.8   18   +20     381 F 
fopt403315/A                                       +0     381   
fopt403315/Y         INVX1          2  0.8   17   +19     400 R 
g403314/B                                          +0     400   
g403314/Y            NOR2X1         5  2.0   44   +32     432 F 
fopt400480/A                                       +0     432   
fopt400480/Y         INVX1          2  0.8   20   +31     463 R 
fopt400479/A                                       +0     463   
fopt400479/Y         INVX1          5  2.0   36   +32     495 F 
fopt400478/A                                       +0     495   
fopt400478/Y         INVX1          4  1.6   30   +33     528 R 
fopt400477/A                                       +0     528   
fopt400477/Y         INVX1          4  1.6   32   +33     561 F 
g385010/B                                          +0     561   
g385010/Y            NAND2X1        1  0.4   17   +24     585 R 
g380487/B                                          +0     585   
g380487/Y            NAND2X1        1  0.4   31   +30     615 F 
g377942/B                                          +0     615   
g377942/Y            NAND2X1        1  0.4   26   +24     638 R 
g376362/B                                          +0     638   
g376362/Y            NAND2X1        1  0.4   32   +34     672 F 
g375082/A                                          +0     672   
g375082/Y            NOR2X1         1  0.4   28   +36     709 R 
g374393__1881/B                                    +0     709   
g374393__1881/Y      NAND2X1        1  0.4   32   +35     744 F 
g373823__5526/B                                    +0     744   
g373823__5526/Y      NOR2X1         1  0.4   28   +31     775 R 
g373709__4319/B                                    +0     775   
g373709__4319/Y      NAND2X1        1  0.4   32   +35     810 F 
g373650__2398/A                                    +0     810   
g373650__2398/Y      NOR2X1         1  0.4   28   +37     846 R 
g373617__2346/B                                    +0     846   
g373617__2346/Y      NAND2X1        1  0.4   32   +35     881 F 
g373600__6783/B                                    +0     881   
g373600__6783/Y      NOR2X1         1  0.4   28   +31     913 R 
g373588__2883/A                                    +0     913   
g373588__2883/Y      NAND2X1        1  0.3   29   +37     950 F 
data_out_reg[2]/D    DFFRHQX1                      +0     950   
data_out_reg[2]/CK   setup                    0   +36     986 R 
- - - - - - - - - - - - - - - - - - - - - - - - - - - - - - - - 
(clock clk)          capture                              986 R 
----------------------------------------------------------------
Cost Group   : 'clk' (path_group 'clk')
Timing slack :       0ps 
Start-point  : sp_reg[5]/CK
End-point    : data_out_reg[2]/D

path  91:

       Pin            Type     Fanout Load Slew Delay Arrival   
                                      (fF) (ps)  (ps)   (ps)    
----------------------------------------------------------------
(clock clk)          launch                                 0 R 
sp_reg[0]/CK                                  0    +0       0 R 
sp_reg[0]/Q          DFFRHQX1       4  1.6   30  +125     125 F 
g399465/B                                          +0     125   
g399465/Y            NOR2X1         4  1.4   53   +45     170 R 
g399442/A                                          +0     170   
g399442/Y            INVX1          3  1.2   29   +40     210 F 
g403074/A                                          +0     210   
g403074/Y            NOR2X1         2  0.8   38   +42     252 R 
g399257/B                                          +0     252   
g399257/Y            NOR2X1         1  0.4   20   +28     280 F 
g397856/B                                          +0     280   
g397856/Y            NOR2X1         4  1.0   42   +35     315 R 
fopt403124/A                                       +0     315   
fopt403124/Y         INVX1          2  0.6   19   +30     346 F 
g397388/B                                          +0     346   
g397388/Y            OR2X1          2  0.6   18   +61     406 F 
fopt402547/A                                       +0     406   
fopt402547/Y         INVX1          2  0.8   17   +19     425 R 
fopt402546/A                                       +0     425   
fopt402546/Y         INVX1          4  1.6   30   +27     452 F 
fopt402543/A                                       +0     452   
fopt402543/Y         INVX1          1  0.2   11   +20     473 R 
g381132/B                                          +0     473   
g381132/Y            AND2X1        11  4.4   65   +95     568 R 
g379756/A                                          +0     568   
g379756/Y            INVX1          7  2.8   54   +59     626 F 
g403084/B                                          +0     626   
g403084/Y            NOR2X1         4  1.6   61   +59     685 R 
g375442/B                                          +0     685   
g375442/Y            NAND2X1        1  0.4   36   +49     734 F 
g374896/A                                          +0     734   
g374896/Y            NAND2X1        1  0.4   19   +28     762 R 
g374292__6417/A                                    +0     762   
g374292__6417/Y      NOR2X1         1  0.4   20   +25     787 F 
g373965__3680/B                                    +0     787   
g373965__3680/Y      NAND2X1        1  0.4   17   +19     806 R 
g373790__2398/B                                    +0     806   
g373790__2398/Y      NOR2X1         1  0.4   19   +19     825 F 
g373691__7098/B                                    +0     825   
g373691__7098/Y      NAND2X1        1  0.4   17   +19     844 R 
g373611__7482/A                                    +0     844   
g373611__7482/Y      NOR2X1         1  0.4   19   +24     867 F 
g373597__4319/A                                    +0     867   
g373597__4319/Y      NAND2X1        1  0.4   17   +21     888 R 
g373589__2346/B                                    +0     888   
g373589__2346/Y      NOR2X1         1  0.4   19   +19     907 F 
g373587__9945/B                                    +0     907   
g373587__9945/Y      NAND2X1        1  0.3   16   +18     925 R 
data_out_reg[1]/D    DFFRHQX1                      +0     925   
data_out_reg[1]/CK   setup                    0   +60     986 R 
- - - - - - - - - - - - - - - - - - - - - - - - - - - - - - - - 
(clock clk)          capture                              986 R 
----------------------------------------------------------------
Cost Group   : 'clk' (path_group 'clk')
Timing slack :       0ps 
Start-point  : sp_reg[0]/CK
End-point    : data_out_reg[1]/D

path  92:

       Pin             Type     Fanout Load Slew Delay Arrival   
                                       (fF) (ps)  (ps)   (ps)    
-----------------------------------------------------------------
(clock clk)           launch                                 0 R 
sp_reg[0]/CK                                   0    +0       0 R 
sp_reg[0]/Q           DFFRHQX1       4  1.6   30  +125     125 F 
g399465/B                                           +0     125   
g399465/Y             NOR2X1         4  1.4   53   +45     170 R 
g399442/A                                           +0     170   
g399442/Y             INVX1          3  1.2   29   +40     210 F 
g399392/B                                           +0     210   
g399392/Y             NOR2X1         2  0.8   38   +36     246 R 
g399357/B                                           +0     246   
g399357/Y             NOR2X1         1  0.4   20   +28     275 F 
g399271/B                                           +0     275   
g399271/Y             NOR2X1         2  0.6   31   +29     304 R 
g402712/A                                           +0     304   
g402712/Y             INVX1          3  1.0   24   +29     333 F 
g402711/A                                           +0     333   
g402711/Y             INVX1          4  1.6   28   +27     360 R 
g398715/B                                           +0     360   
g398715/Y             NOR2X1         1  0.4   20   +24     384 F 
g403349/B                                           +0     384   
g403349/Y             NAND2X1        4  1.6   35   +27     411 R 
g402303_dup403351/A                                 +0     411   
g402303_dup403351/Y   INVX1          1  0.4   15   +26     437 F 
g403350/B                                           +0     437   
g403350/Y             NAND2X1        5  2.0   38   +28     465 R 
fopt401140/A                                        +0     465   
fopt401140/Y          INVX1          4  1.4   30   +35     500 F 
fopt401139/A                                        +0     500   
fopt401139/Y          INVX1          4  1.6   29   +30     530 R 
fopt401137/A                                        +0     530   
fopt401137/Y          INVX1          2  0.8   20   +26     557 F 
g379160/B                                           +0     557   
g379160/Y             NAND2X1        1  0.4   17   +19     576 R 
g377046/A                                           +0     576   
g377046/Y             NAND2X1        1  0.4   31   +34     610 F 
g375582/B                                           +0     610   
g375582/Y             NAND2X1        1  0.4   20   +24     633 R 
g374641/B                                           +0     633   
g374641/Y             NAND2X1        1  0.4   31   +31     665 F 
g374148__2883/A                                     +0     665   
g374148__2883/Y       NOR2X1         1  0.4   28   +36     701 R 
g373891__7482/A                                     +0     701   
g373891__7482/Y       NAND2X1        1  0.4   32   +39     740 F 
g373746__8246/B                                     +0     740   
g373746__8246/Y       NOR2X1         1  0.4   28   +31     771 R 
g373669__6161/A                                     +0     771   
g373669__6161/Y       NAND2X1        1  0.4   32   +39     810 F 
g373635__7098/A                                     +0     810   
g373635__7098/Y       NOR2X1         1  0.4   28   +37     846 R 
g373602__1617/B                                     +0     846   
g373602__1617/Y       NAND2X1        1  0.4   32   +35     881 F 
g373592__6417/B                                     +0     881   
g373592__6417/Y       NOR2X1         1  0.4   28   +31     913 R 
g373587__9945/A                                     +0     913   
g373587__9945/Y       NAND2X1        1  0.3   29   +37     950 F 
data_out_reg[1]/D     DFFRHQX1                      +0     950   
data_out_reg[1]/CK    setup                    0   +36     986 R 
- - - - - - - - - - - - - - - - - - - - - - - - - - - - - - - - -
(clock clk)           capture                              986 R 
-----------------------------------------------------------------
Cost Group   : 'clk' (path_group 'clk')
Timing slack :       0ps 
Start-point  : sp_reg[0]/CK
End-point    : data_out_reg[1]/D

path  93:

       Pin            Type     Fanout Load Slew Delay Arrival   
                                      (fF) (ps)  (ps)   (ps)    
----------------------------------------------------------------
(clock clk)          launch                                 0 R 
sp_reg[3]/CK                                  0    +0       0 R 
sp_reg[3]/Q          DFFRHQX1       4  1.6   30  +125     125 F 
g403073/B                                          +0     125   
g403073/Y            NOR2X1         3  1.2   48   +42     167 R 
g399402/B                                          +0     167   
g399402/Y            NAND2X1        1  0.4   34   +44     211 F 
g399358/B                                          +0     211   
g399358/Y            NOR2X1         2  0.8   38   +38     249 R 
g402824/B                                          +0     249   
g402824/Y            NOR2X1         2  0.8   24   +32     281 F 
g397857_dup/B                                      +0     281   
g397857_dup/Y        NOR2X1         3  0.8   37   +34     315 R 
g402828/B                                          +0     315   
g402828/Y            OR2X1          2  0.6   15   +47     362 R 
fopt403316/A                                       +0     362   
fopt403316/Y         INVX1          2  0.8   18   +20     381 F 
fopt403318/A                                       +0     381   
fopt403318/Y         INVX1          3  1.0   19   +21     402 R 
g403320/B                                          +0     402   
g403320/Y            NOR2X1         4  1.6   38   +30     432 F 
fopt403217/A                                       +0     432   
fopt403217/Y         INVX1          4  1.6   30   +34     465 R 
fopt403211/A                                       +0     465   
fopt403211/Y         INVX1          4  1.6   32   +33     498 F 
g384833/B                                          +0     498   
g384833/Y            NAND2X1        1  0.2   14   +23     521 R 
g379549/A                                          +0     521   
g379549/Y            AND2X1         1  0.4   14   +63     584 R 
g377308/A                                          +0     584   
g377308/Y            NAND2X1        1  0.4   31   +33     617 F 
g375806/B                                          +0     617   
g375806/Y            NOR2X1         1  0.4   28   +31     648 R 
g402800/B                                          +0     648   
g402800/Y            NOR2X1         1  0.4   22   +24     671 F 
g374219__2802/A                                    +0     671   
g374219__2802/Y      NOR2X1         1  0.4   26   +33     704 R 
g373928__6417/A                                    +0     704   
g373928__6417/Y      NAND2X1        1  0.4   32   +38     743 F 
g373736__6260/A                                    +0     743   
g373736__6260/Y      NOR2X1         1  0.4   28   +37     779 R 
g373734__2398/B                                    +0     779   
g373734__2398/Y      NAND2X1        1  0.4   32   +35     814 F 
g373636__6131/B                                    +0     814   
g373636__6131/Y      NOR2X1         1  0.4   28   +31     845 R 
g373605__5122/B                                    +0     845   
g373605__5122/Y      NAND2X1        1  0.4   32   +35     880 F 
g373589__2346/A                                    +0     880   
g373589__2346/Y      NOR2X1         1  0.4   28   +37     917 R 
g373587__9945/B                                    +0     917   
g373587__9945/Y      NAND2X1        1  0.3   29   +33     950 F 
data_out_reg[1]/D    DFFRHQX1                      +0     950   
data_out_reg[1]/CK   setup                    0   +36     986 R 
- - - - - - - - - - - - - - - - - - - - - - - - - - - - - - - - 
(clock clk)          capture                              986 R 
----------------------------------------------------------------
Cost Group   : 'clk' (path_group 'clk')
Timing slack :       0ps 
Start-point  : sp_reg[3]/CK
End-point    : data_out_reg[1]/D

path  94:

       Pin            Type     Fanout Load Slew Delay Arrival   
                                      (fF) (ps)  (ps)   (ps)    
----------------------------------------------------------------
(clock clk)          launch                                 0 R 
sp_reg[5]/CK                                  0    +0       0 R 
sp_reg[5]/Q          DFFRHQX1       3  1.2   24  +121     121 F 
g399419/A                                          +0     121   
g399419/Y            NOR2X1         1  0.4   28   +34     155 R 
g399385/B                                          +0     155   
g399385/Y            NAND2X1        1  0.4   32   +35     190 F 
g399356/B                                          +0     190   
g399356/Y            NOR2X1         1  0.4   28   +31     221 R 
g399267/B                                          +0     221   
g399267/Y            NAND2X1        2  0.8   43   +41     262 F 
g397389/B                                          +0     262   
g397389/Y            XOR2X1         6  2.0   35   +87     349 R 
fopt401263/A                                       +0     349   
fopt401263/Y         INVX1          2  0.8   21   +29     378 F 
g390487/B                                          +0     378   
g390487/Y            NAND2X1        2  0.8   23   +22     400 R 
g388509/A                                          +0     400   
g388509/Y            INVX1          4  1.0   22   +25     426 F 
g402790/A                                          +0     426   
g402790/Y            AND2X1         6  2.4   42   +56     482 F 
fopt403302/A                                       +0     482   
fopt403302/Y         INVX1          2  0.8   20   +30     512 R 
fopt13/A                                           +0     512   
fopt13/Y             INVX1          4  1.6   31   +29     541 F 
g379718/B                                          +0     541   
g379718/Y            NAND2X1        1  0.4   17   +24     564 R 
g377408/A                                          +0     564   
g377408/Y            NAND2X1        1  0.4   31   +34     598 F 
g375892/B                                          +0     598   
g375892/Y            NAND2X1        1  0.4   21   +24     622 R 
g374817/A                                          +0     622   
g374817/Y            NAND2X1        1  0.4   32   +36     658 F 
g374244__6783/A                                    +0     658   
g374244__6783/Y      NOR2X1         1  0.4   28   +36     694 R 
g373942__8246/A                                    +0     694   
g373942__8246/Y      NAND2X1        1  0.4   32   +39     733 F 
g373775__7098/A                                    +0     733   
g373775__7098/Y      NOR2X1         1  0.4   28   +37     770 R 
g373684__6783/A                                    +0     770   
g373684__6783/Y      NAND2X1        1  0.4   32   +39     809 F 
g373636__6131/A                                    +0     809   
g373636__6131/Y      NOR2X1         1  0.4   28   +37     845 R 
g373605__5122/B                                    +0     845   
g373605__5122/Y      NAND2X1        1  0.4   32   +35     880 F 
g373589__2346/A                                    +0     880   
g373589__2346/Y      NOR2X1         1  0.4   28   +37     917 R 
g373587__9945/B                                    +0     917   
g373587__9945/Y      NAND2X1        1  0.3   29   +33     950 F 
data_out_reg[1]/D    DFFRHQX1                      +0     950   
data_out_reg[1]/CK   setup                    0   +36     986 R 
- - - - - - - - - - - - - - - - - - - - - - - - - - - - - - - - 
(clock clk)          capture                              986 R 
----------------------------------------------------------------
Cost Group   : 'clk' (path_group 'clk')
Timing slack :       0ps 
Start-point  : sp_reg[5]/CK
End-point    : data_out_reg[1]/D

path  95:

       Pin            Type     Fanout Load Slew Delay Arrival   
                                      (fF) (ps)  (ps)   (ps)    
----------------------------------------------------------------
(clock clk)          launch                                 0 R 
sp_reg[3]/CK                                  0    +0       0 R 
sp_reg[3]/Q          DFFRHQX1       4  1.6   30  +125     125 F 
g403073/B                                          +0     125   
g403073/Y            NOR2X1         3  1.2   48   +42     167 R 
g402999_dup/A                                      +0     167   
g402999_dup/Y        NAND2X1        1  0.4   33   +47     214 F 
g403077/A                                          +0     214   
g403077/Y            NOR2X1         2  0.8   38   +43     257 R 
g399250/B                                          +0     257   
g399250/Y            NOR2X1         1  0.4   20   +29     286 F 
g398249/B                                          +0     286   
g398249/Y            NOR2X1         2  0.8   36   +32     318 R 
fopt402878/A                                       +0     318   
fopt402878/Y         INVX1          3  1.2   27   +33     351 F 
fopt402877/A                                       +0     351   
fopt402877/Y         INVX1          2  0.8   18   +23     374 R 
fopt402876/A                                       +0     374   
fopt402876/Y         INVX1          3  1.2   25   +24     398 F 
g402722/B                                          +0     398   
g402722/Y            NAND2X1        4  1.6   34   +29     428 R 
g402721/A                                          +0     428   
g402721/Y            NOR2X1         9  2.8   57   +51     478 F 
fopt402864/A                                       +0     478   
fopt402864/Y         INVX1          2  0.8   22   +36     514 R 
fopt402859/A                                       +0     514   
fopt402859/Y         INVX1         14  5.6   89   +62     576 F 
g402732/A                                          +0     576   
g402732/Y            NAND2X1        1  0.4   27   +52     628 R 
g374699/B                                          +0     628   
g374699/Y            NAND2X1        1  0.4   32   +34     662 F 
g374180__6417/A                                    +0     662   
g374180__6417/Y      NOR2X1         1  0.4   28   +36     699 R 
g373902__2398/B                                    +0     699   
g373902__2398/Y      NAND2X1        1  0.4   32   +35     733 F 
g373750__5115/A                                    +0     733   
g373750__5115/Y      NOR2X1         1  0.4   28   +37     770 R 
g373667__7482/B                                    +0     770   
g373667__7482/Y      NAND2X1        1  0.4   32   +35     805 F 
g373656__6783/A                                    +0     805   
g373656__6783/Y      NOR2X1         1  0.4   28   +37     841 R 
g373618__1666/B                                    +0     841   
g373618__1666/Y      NAND2X1        1  0.4   32   +35     876 F 
g373596__6260/A                                    +0     876   
g373596__6260/Y      NOR2X1         1  0.4   28   +37     913 R 
g373586__9315/A                                    +0     913   
g373586__9315/Y      NAND2X1        1  0.3   29   +37     950 F 
data_out_reg[0]/D    DFFRHQX1                      +0     950   
data_out_reg[0]/CK   setup                    0   +36     986 R 
- - - - - - - - - - - - - - - - - - - - - - - - - - - - - - - - 
(clock clk)          capture                              986 R 
----------------------------------------------------------------
Cost Group   : 'clk' (path_group 'clk')
Timing slack :       0ps 
Start-point  : sp_reg[3]/CK
End-point    : data_out_reg[0]/D

path  96:

       Pin             Type     Fanout Load Slew Delay Arrival   
                                       (fF) (ps)  (ps)   (ps)    
-----------------------------------------------------------------
(clock clk)           launch                                 0 R 
sp_reg[1]/CK                                   0    +0       0 R 
sp_reg[1]/Q           DFFRHQX1       3  1.2   24  +121     121 F 
g399465/A                                           +0     121   
g399465/Y             NOR2X1         4  1.4   53   +48     170 R 
g399442/A                                           +0     170   
g399442/Y             INVX1          3  1.2   29   +40     210 F 
g399392/B                                           +0     210   
g399392/Y             NOR2X1         2  0.8   38   +36     246 R 
g399357/B                                           +0     246   
g399357/Y             NOR2X1         1  0.4   20   +28     275 F 
g399271/B                                           +0     275   
g399271/Y             NOR2X1         2  0.6   31   +29     304 R 
g402712/A                                           +0     304   
g402712/Y             INVX1          3  1.0   24   +29     333 F 
g402711/A                                           +0     333   
g402711/Y             INVX1          4  1.6   28   +27     360 R 
g398715/B                                           +0     360   
g398715/Y             NOR2X1         1  0.4   20   +24     384 F 
g403349/B                                           +0     384   
g403349/Y             NAND2X1        4  1.6   35   +27     411 R 
g402303_dup403351/A                                 +0     411   
g402303_dup403351/Y   INVX1          1  0.4   15   +26     437 F 
g403350/B                                           +0     437   
g403350/Y             NAND2X1        5  2.0   38   +28     465 R 
fopt401158/A                                        +0     465   
fopt401158/Y          INVX1          3  1.2   27   +34     498 F 
fopt401157/A                                        +0     498   
fopt401157/Y          INVX1          2  0.8   18   +23     522 R 
fopt401155/A                                        +0     522   
fopt401155/Y          INVX1          4  1.6   30   +28     550 F 
g380322/B                                           +0     550   
g380322/Y             NAND2X1        1  0.4   17   +23     573 R 
g377820/A                                           +0     573   
g377820/Y             NAND2X1        1  0.4   31   +34     607 F 
g376255/B                                           +0     607   
g376255/Y             NOR2X1         1  0.4   28   +31     638 R 
g375420/B                                           +0     638   
g375420/Y             NOR2X1         1  0.4   26   +24     662 F 
g374520__6260/B                                     +0     662   
g374520__6260/Y       NOR2X1         1  0.4   27   +29     690 R 
g374097__5477/B                                     +0     690   
g374097__5477/Y       NAND2X1        1  0.4   32   +34     725 F 
g373860__6131/A                                     +0     725   
g373860__6131/Y       NOR2X1         1  0.4   28   +37     762 R 
g373701__2346/A                                     +0     762   
g373701__2346/Y       NAND2X1        1  0.4   32   +39     800 F 
g373639__7482/A                                     +0     800   
g373639__7482/Y       NOR2X1         1  0.4   28   +37     837 R 
g373618__1666/A                                     +0     837   
g373618__1666/Y       NAND2X1        1  0.4   32   +39     876 F 
g373596__6260/A                                     +0     876   
g373596__6260/Y       NOR2X1         1  0.4   28   +37     913 R 
g373586__9315/A                                     +0     913   
g373586__9315/Y       NAND2X1        1  0.3   29   +37     950 F 
data_out_reg[0]/D     DFFRHQX1                      +0     950   
data_out_reg[0]/CK    setup                    0   +36     986 R 
- - - - - - - - - - - - - - - - - - - - - - - - - - - - - - - - -
(clock clk)           capture                              986 R 
-----------------------------------------------------------------
Cost Group   : 'clk' (path_group 'clk')
Timing slack :       0ps 
Start-point  : sp_reg[1]/CK
End-point    : data_out_reg[0]/D

path  97:

       Pin            Type     Fanout Load Slew Delay Arrival   
                                      (fF) (ps)  (ps)   (ps)    
----------------------------------------------------------------
(clock clk)          launch                                 0 R 
sp_reg[5]/CK                                  0    +0       0 R 
sp_reg[5]/Q          DFFRHQX1       3  1.2   24  +121     121 F 
g399419/A                                          +0     121   
g399419/Y            NOR2X1         1  0.4   28   +34     155 R 
g399385/B                                          +0     155   
g399385/Y            NAND2X1        1  0.4   32   +35     190 F 
g399356/B                                          +0     190   
g399356/Y            NOR2X1         1  0.4   28   +31     221 R 
g399267/B                                          +0     221   
g399267/Y            NAND2X1        2  0.8   43   +41     262 F 
g397389/B                                          +0     262   
g397389/Y            XOR2X1         6  2.0   35   +87     349 R 
fopt401263/A                                       +0     349   
fopt401263/Y         INVX1          2  0.8   21   +29     378 F 
g390487/B                                          +0     378   
g390487/Y            NAND2X1        2  0.8   23   +22     400 R 
g388509/A                                          +0     400   
g388509/Y            INVX1          4  1.0   22   +25     426 F 
g402790/A                                          +0     426   
g402790/Y            AND2X1         6  2.4   42   +56     482 F 
fopt403302/A                                       +0     482   
fopt403302/Y         INVX1          2  0.8   20   +30     512 R 
fopt13/A                                           +0     512   
fopt13/Y             INVX1          4  1.6   31   +29     541 F 
g381002/B                                          +0     541   
g381002/Y            NAND2X1        1  0.4   17   +24     564 R 
g378304/A                                          +0     564   
g378304/Y            NAND2X1        1  0.4   31   +34     598 F 
g376659/B                                          +0     598   
g376659/Y            NAND2X1        1  0.4   21   +24     622 R 
g375241/A                                          +0     622   
g375241/Y            NAND2X1        1  0.4   32   +36     658 F 
g374486__1666/A                                    +0     658   
g374486__1666/Y      NOR2X1         1  0.4   28   +36     694 R 
g374071__5107/A                                    +0     694   
g374071__5107/Y      NAND2X1        1  0.4   32   +39     733 F 
g373841__2346/A                                    +0     733   
g373841__2346/Y      NOR2X1         1  0.4   28   +37     770 R 
g373715__2802/A                                    +0     770   
g373715__2802/Y      NAND2X1        1  0.4   32   +39     809 F 
g373651__5107/A                                    +0     809   
g373651__5107/Y      NOR2X1         1  0.4   28   +37     845 R 
g373601__3680/B                                    +0     845   
g373601__3680/Y      NAND2X1        1  0.4   32   +35     880 F 
g373591__7410/A                                    +0     880   
g373591__7410/Y      NOR2X1         1  0.4   28   +37     917 R 
g373586__9315/B                                    +0     917   
g373586__9315/Y      NAND2X1        1  0.3   29   +33     950 F 
data_out_reg[0]/D    DFFRHQX1                      +0     950   
data_out_reg[0]/CK   setup                    0   +36     986 R 
- - - - - - - - - - - - - - - - - - - - - - - - - - - - - - - - 
(clock clk)          capture                              986 R 
----------------------------------------------------------------
Cost Group   : 'clk' (path_group 'clk')
Timing slack :       0ps 
Start-point  : sp_reg[5]/CK
End-point    : data_out_reg[0]/D

path  98:

       Pin            Type     Fanout Load Slew Delay Arrival   
                                      (fF) (ps)  (ps)   (ps)    
----------------------------------------------------------------
(clock clk)          launch                                 0 R 
sp_reg[7]/CK                                  0    +0       0 R 
sp_reg[7]/Q          DFFRHQX1       4  1.6   30  +125     125 F 
g399419/B                                          +0     125   
g399419/Y            NOR2X1         1  0.4   28   +31     155 R 
g399385/B                                          +0     155   
g399385/Y            NAND2X1        1  0.4   32   +35     190 F 
g399356/B                                          +0     190   
g399356/Y            NOR2X1         1  0.4   28   +31     221 R 
g399267/B                                          +0     221   
g399267/Y            NAND2X1        2  0.8   43   +41     262 F 
g397389/B                                          +0     262   
g397389/Y            XOR2X1         6  2.0   35   +87     349 R 
fopt401263/A                                       +0     349   
fopt401263/Y         INVX1          2  0.8   21   +29     378 F 
g390487/B                                          +0     378   
g390487/Y            NAND2X1        2  0.8   23   +22     401 R 
g388509/A                                          +0     401   
g388509/Y            INVX1          4  1.0   22   +25     426 F 
g402790/A                                          +0     426   
g402790/Y            AND2X1         6  2.4   42   +56     482 F 
fopt9/A                                            +0     482   
fopt9/Y              INVX1          4  1.6   30   +36     518 R 
fopt8/A                                            +0     518   
fopt8/Y              INVX1          4  1.6   32   +33     551 F 
g380081/B                                          +0     551   
g380081/Y            NAND2X1        1  0.4   17   +24     575 R 
g377656/A                                          +0     575   
g377656/Y            NAND2X1        1  0.4   31   +34     609 F 
g376111/B                                          +0     609   
g376111/Y            NAND2X1        1  0.4   21   +24     633 R 
g374937/A                                          +0     633   
g374937/Y            NAND2X1        1  0.4   31   +36     669 F 
g374316__2883/A                                    +0     669   
g374316__2883/Y      NOR2X1         1  0.4   28   +36     705 R 
g373978__9315/A                                    +0     705   
g373978__9315/Y      NAND2X1        1  0.4   32   +39     744 F 
g373695__7482/A                                    +0     744   
g373695__7482/Y      NOR2X1         1  0.4   28   +36     780 R 
g373643__9945/B                                    +0     780   
g373643__9945/Y      NAND2X1        1  0.4   32   +35     815 F 
g373620__6417/B                                    +0     815   
g373620__6417/Y      NOR2X1         1  0.4   28   +31     846 R 
g373599__5526/A                                    +0     846   
g373599__5526/Y      NAND2X1        1  0.4   32   +39     885 F 
g373590__1666/B                                    +0     885   
g373590__1666/Y      NOR2X1         1  0.4   28   +31     917 R 
g373585__6161/B                                    +0     917   
g373585__6161/Y      NAND2X1        1  0.3   29   +33     950 F 
data_out_reg[3]/D    DFFRHQX1                      +0     950   
data_out_reg[3]/CK   setup                    0   +36     985 R 
- - - - - - - - - - - - - - - - - - - - - - - - - - - - - - - - 
(clock clk)          capture                              986 R 
----------------------------------------------------------------
Cost Group   : 'clk' (path_group 'clk')
Timing slack :       1ps 
Start-point  : sp_reg[7]/CK
End-point    : data_out_reg[3]/D

path  99:

       Pin            Type     Fanout Load Slew Delay Arrival   
                                      (fF) (ps)  (ps)   (ps)    
----------------------------------------------------------------
(clock clk)          launch                                 0 R 
sp_reg[3]/CK                                  0    +0       0 R 
sp_reg[3]/Q          DFFRHQX1       4  1.6   30  +125     125 F 
g403073/B                                          +0     125   
g403073/Y            NOR2X1         3  1.2   48   +42     167 R 
g402999_dup/A                                      +0     167   
g402999_dup/Y        NAND2X1        1  0.4   33   +47     214 F 
g403077/A                                          +0     214   
g403077/Y            NOR2X1         2  0.8   38   +43     257 R 
g399250/B                                          +0     257   
g399250/Y            NOR2X1         1  0.4   20   +29     286 F 
g398249/B                                          +0     286   
g398249/Y            NOR2X1         2  0.8   36   +32     318 R 
fopt402878/A                                       +0     318   
fopt402878/Y         INVX1          3  1.2   27   +33     351 F 
fopt402870/A                                       +0     351   
fopt402870/Y         INVX1          3  1.2   23   +26     377 R 
fopt402866/A                                       +0     377   
fopt402866/Y         INVX1          1  0.4   14   +20     397 F 
g397372/A                                          +0     397   
g397372/Y            NAND2X1        2  0.6   19   +20     417 R 
g386703/B                                          +0     417   
g386703/Y            OR2X1         12  4.8   68   +70     487 R 
g383400/A                                          +0     487   
g383400/Y            INVX1          7  2.8   55   +60     548 F 
g377797/A                                          +0     548   
g377797/Y            NAND2X1        1  0.4   22   +37     584 R 
g376239/B                                          +0     584   
g376239/Y            NAND2X1        1  0.2   26   +29     613 F 
g375010/B                                          +0     613   
g375010/Y            OR2X1          1  0.4   15   +61     674 F 
g374355__5526/A                                    +0     674   
g374355__5526/Y      NOR2X1         1  0.4   26   +30     704 R 
g374003__7482/A                                    +0     704   
g374003__7482/Y      NAND2X1        1  0.4   32   +38     743 F 
g373809__6161/A                                    +0     743   
g373809__6161/Y      NOR2X1         1  0.4   28   +36     779 R 
g373648__6417/B                                    +0     779   
g373648__6417/Y      NAND2X1        1  0.4   32   +35     814 F 
g373616__2883/A                                    +0     814   
g373616__2883/Y      NOR2X1         1  0.4   28   +37     850 R 
g373599__5526/B                                    +0     850   
g373599__5526/Y      NAND2X1        1  0.4   32   +35     885 F 
g373590__1666/B                                    +0     885   
g373590__1666/Y      NOR2X1         1  0.4   28   +31     917 R 
g373585__6161/B                                    +0     917   
g373585__6161/Y      NAND2X1        1  0.3   29   +33     950 F 
data_out_reg[3]/D    DFFRHQX1                      +0     950   
data_out_reg[3]/CK   setup                    0   +36     985 R 
- - - - - - - - - - - - - - - - - - - - - - - - - - - - - - - - 
(clock clk)          capture                              986 R 
----------------------------------------------------------------
Cost Group   : 'clk' (path_group 'clk')
Timing slack :       1ps 
Start-point  : sp_reg[3]/CK
End-point    : data_out_reg[3]/D

path 100:

       Pin            Type     Fanout Load Slew Delay Arrival   
                                      (fF) (ps)  (ps)   (ps)    
----------------------------------------------------------------
(clock clk)          launch                                 0 R 
sp_reg[3]/CK                                  0    +0       0 R 
sp_reg[3]/Q          DFFRHQX1       4  1.6   30  +125     125 F 
g403073/B                                          +0     125   
g403073/Y            NOR2X1         3  1.2   48   +42     167 R 
g403075/A                                          +0     167   
g403075/Y            NAND2X1        1  0.4   33   +47     214 F 
g403074/B                                          +0     214   
g403074/Y            NOR2X1         2  0.8   38   +38     252 R 
g399257/B                                          +0     252   
g399257/Y            NOR2X1         1  0.4   20   +28     280 F 
g397856/B                                          +0     280   
g397856/Y            NOR2X1         4  1.0   42   +35     315 R 
g397380/B                                          +0     315   
g397380/Y            OR2X1          5  1.8   30   +57     372 R 
g393949/A                                          +0     372   
g393949/Y            INVX1          4  1.0   23   +28     401 F 
g386737/A                                          +0     401   
g386737/Y            AND2X1         4  1.6   31   +50     451 F 
fopt401080/A                                       +0     451   
fopt401080/Y         INVX1          2  0.8   18   +25     476 R 
fopt401079/A                                       +0     476   
fopt401079/Y         INVX1          4  1.6   30   +28     504 F 
fopt401075/A                                       +0     504   
fopt401075/Y         INVX1          4  1.6   29   +30     534 R 
fopt401072/A                                       +0     534   
fopt401072/Y         INVX1          2  0.8   20   +26     560 F 
g379652/B                                          +0     560   
g379652/Y            NAND2X1        1  0.4   17   +19     579 R 
g377376/B                                          +0     579   
g377376/Y            NAND2X1        1  0.4   31   +30     609 F 
g375863/B                                          +0     609   
g375863/Y            NOR2X1         1  0.4   28   +31     640 R 
g374798/B                                          +0     640   
g374798/Y            NOR2X1         1  0.4   23   +24     663 F 
g374498__1617/A                                    +0     663   
g374498__1617/Y      NOR2X1         1  0.4   27   +33     696 R 
g374089__6161/A                                    +0     696   
g374089__6161/Y      NAND2X1        1  0.4   31   +38     735 F 
g373776__6131/A                                    +0     735   
g373776__6131/Y      NOR2X1         1  0.4   28   +36     771 R 
g373685__3680/B                                    +0     771   
g373685__3680/Y      NAND2X1        1  0.4   32   +35     806 F 
g373637__1881/A                                    +0     806   
g373637__1881/Y      NOR2X1         1  0.4   28   +37     842 R 
g373609__1881/A                                    +0     842   
g373609__1881/Y      NAND2X1        1  0.4   32   +39     881 F 
g373594__2398/B                                    +0     881   
g373594__2398/Y      NOR2X1         1  0.4   28   +31     912 R 
g373585__6161/A                                    +0     912   
g373585__6161/Y      NAND2X1        1  0.3   29   +37     950 F 
data_out_reg[3]/D    DFFRHQX1                      +0     950   
data_out_reg[3]/CK   setup                    0   +36     985 R 
- - - - - - - - - - - - - - - - - - - - - - - - - - - - - - - - 
(clock clk)          capture                              986 R 
----------------------------------------------------------------
Cost Group   : 'clk' (path_group 'clk')
Timing slack :       1ps 
Start-point  : sp_reg[3]/CK
End-point    : data_out_reg[3]/D

path 101:

       Pin            Type     Fanout Load Slew Delay Arrival   
                                      (fF) (ps)  (ps)   (ps)    
----------------------------------------------------------------
(clock clk)          launch                                 0 R 
sp_reg[2]/CK                                  0    +0       0 R 
sp_reg[2]/Q          DFFRHQX1       5  2.0   36  +128     128 F 
g399463/B                                          +0     128   
g399463/Y            NOR2X1         2  0.8   38   +39     167 R 
g399402/A                                          +0     167   
g399402/Y            NAND2X1        1  0.4   34   +43     210 F 
g399358/B                                          +0     210   
g399358/Y            NOR2X1         2  0.8   38   +38     248 R 
g402824/B                                          +0     248   
g402824/Y            NOR2X1         2  0.8   24   +32     280 F 
g397857_dup/B                                      +0     280   
g397857_dup/Y        NOR2X1         3  0.8   37   +34     314 R 
g402828/B                                          +0     314   
g402828/Y            OR2X1          2  0.6   15   +47     361 R 
fopt403316/A                                       +0     361   
fopt403316/Y         INVX1          2  0.8   18   +20     381 F 
fopt403318/A                                       +0     381   
fopt403318/Y         INVX1          3  1.0   19   +21     402 R 
g403320/B                                          +0     402   
g403320/Y            NOR2X1         4  1.6   38   +30     431 F 
fopt403217/A                                       +0     431   
fopt403217/Y         INVX1          4  1.6   30   +34     465 R 
fopt403211/A                                       +0     465   
fopt403211/Y         INVX1          4  1.6   32   +33     498 F 
g384843/B                                          +0     498   
g384843/Y            NAND2X1        1  0.4   17   +24     522 R 
g380209/A                                          +0     522   
g380209/Y            NAND2X1        1  0.4   31   +34     556 F 
g377742/B                                          +0     556   
g377742/Y            NAND2X1        1  0.4   19   +24     580 R 
g376196/A                                          +0     580   
g376196/Y            NAND2X1        1  0.2   25   +32     612 F 
g374986/A                                          +0     612   
g374986/Y            OR2X1          1  0.4   15   +68     680 F 
g374342__9315/A                                    +0     680   
g374342__9315/Y      NOR2X1         1  0.4   26   +30     710 R 
g373805__1881/B                                    +0     710   
g373805__1881/Y      NAND2X1        1  0.4   32   +34     744 F 
g373733__5477/B                                    +0     744   
g373733__5477/Y      NOR2X1         1  0.4   28   +31     775 R 
g373648__6417/A                                    +0     775   
g373648__6417/Y      NAND2X1        1  0.4   32   +39     814 F 
g373616__2883/A                                    +0     814   
g373616__2883/Y      NOR2X1         1  0.4   28   +37     850 R 
g373599__5526/B                                    +0     850   
g373599__5526/Y      NAND2X1        1  0.4   32   +35     885 F 
g373590__1666/B                                    +0     885   
g373590__1666/Y      NOR2X1         1  0.4   28   +31     917 R 
g373585__6161/B                                    +0     917   
g373585__6161/Y      NAND2X1        1  0.3   29   +33     950 F 
data_out_reg[3]/D    DFFRHQX1                      +0     950   
data_out_reg[3]/CK   setup                    0   +36     985 R 
- - - - - - - - - - - - - - - - - - - - - - - - - - - - - - - - 
(clock clk)          capture                              986 R 
----------------------------------------------------------------
Cost Group   : 'clk' (path_group 'clk')
Timing slack :       1ps 
Start-point  : sp_reg[2]/CK
End-point    : data_out_reg[3]/D

path 102:

       Pin            Type     Fanout Load Slew Delay Arrival   
                                      (fF) (ps)  (ps)   (ps)    
----------------------------------------------------------------
(clock clk)          launch                                 0 R 
sp_reg[1]/CK                                  0    +0       0 R 
sp_reg[1]/Q          DFFRHQX1       3  1.2   24  +121     121 F 
g399465/A                                          +0     121   
g399465/Y            NOR2X1         4  1.4   53   +48     170 R 
g399442/A                                          +0     170   
g399442/Y            INVX1          3  1.2   29   +40     210 F 
g399392/B                                          +0     210   
g399392/Y            NOR2X1         2  0.8   38   +36     246 R 
g399357/B                                          +0     246   
g399357/Y            NOR2X1         1  0.4   20   +28     275 F 
g399271/B                                          +0     275   
g399271/Y            NOR2X1         2  0.6   31   +29     304 R 
g402712/A                                          +0     304   
g402712/Y            INVX1          3  1.0   24   +29     333 F 
g402711/A                                          +0     333   
g402711/Y            INVX1          4  1.6   28   +27     360 R 
g398715/B                                          +0     360   
g398715/Y            NOR2X1         1  0.4   20   +24     384 F 
g403349/B                                          +0     384   
g403349/Y            NAND2X1        4  1.6   35   +27     411 R 
g403015/A                                          +0     411   
g403015/Y            INVX1          2  0.8   21   +29     440 F 
g403016/B                                          +0     440   
g403016/Y            NAND2X1        3  1.2   28   +25     465 R 
fopt402304/A                                       +0     465   
fopt402304/Y         INVX1          5  1.6   32   +32     497 F 
fopt402181/A                                       +0     497   
fopt402181/Y         INVX1          2  0.8   19   +25     522 R 
fopt401929/A                                       +0     522   
fopt401929/Y         INVX1          4  1.6   30   +28     550 F 
g379792/B                                          +0     550   
g379792/Y            NAND2X1        1  0.4   17   +23     574 R 
g377456/A                                          +0     574   
g377456/Y            NAND2X1        1  0.4   31   +34     608 F 
g374845/A                                          +0     608   
g374845/Y            NOR2X1         1  0.4   28   +36     644 R 
g374262__1666/B                                    +0     644   
g374262__1666/Y      NOR2X1         1  0.4   21   +24     668 F 
g373951__9945/A                                    +0     668   
g373951__9945/Y      NOR2X1         1  0.4   26   +32     700 R 
g373782__9315/A                                    +0     700   
g373782__9315/Y      NAND2X1        1  0.4   32   +38     738 F 
g373687__2802/B                                    +0     738   
g373687__2802/Y      NOR2X1         1  0.4   28   +31     770 R 
g373638__5115/A                                    +0     770   
g373638__5115/Y      NAND2X1        1  0.4   32   +39     809 F 
g373612__4733/A                                    +0     809   
g373612__4733/Y      NOR2X1         1  0.4   28   +37     845 R 
g373598__8428/B                                    +0     845   
g373598__8428/Y      NAND2X1        1  0.4   32   +35     880 F 
g373590__1666/A                                    +0     880   
g373590__1666/Y      NOR2X1         1  0.4   28   +37     917 R 
g373585__6161/B                                    +0     917   
g373585__6161/Y      NAND2X1        1  0.3   29   +33     950 F 
data_out_reg[3]/D    DFFRHQX1                      +0     950   
data_out_reg[3]/CK   setup                    0   +36     985 R 
- - - - - - - - - - - - - - - - - - - - - - - - - - - - - - - - 
(clock clk)          capture                              986 R 
----------------------------------------------------------------
Cost Group   : 'clk' (path_group 'clk')
Timing slack :       1ps 
Start-point  : sp_reg[1]/CK
End-point    : data_out_reg[3]/D

path 103:

       Pin            Type     Fanout Load Slew Delay Arrival   
                                      (fF) (ps)  (ps)   (ps)    
----------------------------------------------------------------
(clock clk)          launch                                 0 R 
sp_reg[5]/CK                                  0    +0       0 R 
sp_reg[5]/Q          DFFRHQX1       3  1.2   24  +121     121 F 
g403073/A                                          +0     121   
g403073/Y            NOR2X1         3  1.2   48   +45     167 R 
g399402/B                                          +0     167   
g399402/Y            NAND2X1        1  0.4   34   +44     210 F 
g399358/B                                          +0     210   
g399358/Y            NOR2X1         2  0.8   38   +38     249 R 
g402824/B                                          +0     249   
g402824/Y            NOR2X1         2  0.8   24   +32     280 F 
g397857_dup/B                                      +0     280   
g397857_dup/Y        NOR2X1         3  0.8   37   +34     314 R 
g403358/B                                          +0     314   
g403358/Y            OR2X1          6  2.2   35   +58     373 R 
g402163/A                                          +0     373   
g402163/Y            NOR2X1         5  2.0   45   +45     418 F 
fopt402165/A                                       +0     418   
fopt402165/Y         INVX1          2  0.8   20   +31     449 R 
fopt402164/A                                       +0     449   
fopt402164/Y         INVX1          6  2.4   42   +35     484 F 
g385069/B                                          +0     484   
g385069/Y            NAND2X1        1  0.2   16   +27     511 R 
g380042/B                                          +0     511   
g380042/Y            AND2X1         1  0.4   14   +68     580 R 
g377632/B                                          +0     580   
g377632/Y            NAND2X1        1  0.4   30   +29     608 F 
g376694/B                                          +0     608   
g376694/Y            NAND2X1        1  0.4   21   +23     632 R 
g375262/B                                          +0     632   
g375262/Y            NAND2X1        1  0.4   31   +32     663 F 
g374307__7098/A                                    +0     663   
g374307__7098/Y      NOR2X1         1  0.4   28   +36     700 R 
g374094__1666/B                                    +0     700   
g374094__1666/Y      NAND2X1        1  0.4   32   +35     734 F 
g373793__4319/A                                    +0     734   
g373793__4319/Y      NOR2X1         1  0.4   28   +37     771 R 
g373692__6131/A                                    +0     771   
g373692__6131/Y      NAND2X1        1  0.4   32   +39     810 F 
g373620__6417/A                                    +0     810   
g373620__6417/Y      NOR2X1         1  0.4   28   +37     846 R 
g373599__5526/A                                    +0     846   
g373599__5526/Y      NAND2X1        1  0.4   32   +39     885 F 
g373590__1666/B                                    +0     885   
g373590__1666/Y      NOR2X1         1  0.4   28   +31     917 R 
g373585__6161/B                                    +0     917   
g373585__6161/Y      NAND2X1        1  0.3   29   +33     950 F 
data_out_reg[3]/D    DFFRHQX1                      +0     950   
data_out_reg[3]/CK   setup                    0   +36     985 R 
- - - - - - - - - - - - - - - - - - - - - - - - - - - - - - - - 
(clock clk)          capture                              986 R 
----------------------------------------------------------------
Cost Group   : 'clk' (path_group 'clk')
Timing slack :       1ps 
Start-point  : sp_reg[5]/CK
End-point    : data_out_reg[3]/D

path 104:

       Pin             Type     Fanout Load Slew Delay Arrival   
                                       (fF) (ps)  (ps)   (ps)    
-----------------------------------------------------------------
(clock clk)           launch                                 0 R 
sp_reg[5]/CK                                   0    +0       0 R 
sp_reg[5]/Q           DFFRHQX1       3  1.2   24  +121     121 F 
g399419/A                                           +0     121   
g399419/Y             NOR2X1         1  0.4   28   +34     155 R 
g399385/B                                           +0     155   
g399385/Y             NAND2X1        1  0.4   32   +35     190 F 
g399356/B                                           +0     190   
g399356/Y             NOR2X1         1  0.4   28   +31     221 R 
g399267/B                                           +0     221   
g399267/Y             NAND2X1        2  0.8   43   +41     262 F 
g397389/B                                           +0     262   
g397389/Y             XOR2X1         6  2.0   39   +83     346 F 
fopt401264/A                                        +0     346   
fopt401264/Y          INVX1          2  0.8   20   +28     374 R 
g390479/B                                           +0     374   
g390479/Y             NOR2X1         3  0.8   25   +23     397 F 
g386749_dup403368/A                                 +0     397   
g386749_dup403368/Y   AND2X1         2  0.8   19   +44     441 F 
fopt402317/A                                        +0     441   
fopt402317/Y          INVX1          2  0.8   17   +20     461 R 
fopt401194/A                                        +0     461   
fopt401194/Y          INVX1          4  1.6   30   +27     488 F 
fopt401193/A                                        +0     488   
fopt401193/Y          INVX1          4  1.6   29   +30     518 R 
fopt401192/A                                        +0     518   
fopt401192/Y          INVX1          4  1.6   32   +32     551 F 
g379309/B                                           +0     551   
g379309/Y             NAND2X1        1  0.4   17   +24     575 R 
g377145/A                                           +0     575   
g377145/Y             NAND2X1        1  0.4   31   +34     609 F 
g375668/B                                           +0     609   
g375668/Y             NOR2X1         1  0.4   28   +31     640 R 
g375373/B                                           +0     640   
g375373/Y             NOR2X1         1  0.4   22   +24     664 F 
g374521__4319/B                                     +0     664   
g374521__4319/Y       NOR2X1         1  0.4   27   +27     691 R 
g374095__7410/B                                     +0     691   
g374095__7410/Y       NAND2X1        1  0.4   32   +34     725 F 
g373865__6161/A                                     +0     725   
g373865__6161/Y       NOR2X1         1  0.4   28   +36     762 R 
g373675__7410/A                                     +0     762   
g373675__7410/Y       NAND2X1        1  0.4   32   +39     800 F 
g373630__1617/A                                     +0     800   
g373630__1617/Y       NOR2X1         1  0.4   28   +37     837 R 
g373606__8246/A                                     +0     837   
g373606__8246/Y       NAND2X1        1  0.4   32   +39     876 F 
g373594__2398/A                                     +0     876   
g373594__2398/Y       NOR2X1         1  0.4   28   +37     912 R 
g373585__6161/A                                     +0     912   
g373585__6161/Y       NAND2X1        1  0.3   29   +37     950 F 
data_out_reg[3]/D     DFFRHQX1                      +0     950   
data_out_reg[3]/CK    setup                    0   +36     985 R 
- - - - - - - - - - - - - - - - - - - - - - - - - - - - - - - - -
(clock clk)           capture                              986 R 
-----------------------------------------------------------------
Cost Group   : 'clk' (path_group 'clk')
Timing slack :       1ps 
Start-point  : sp_reg[5]/CK
End-point    : data_out_reg[3]/D

path 105:

       Pin            Type     Fanout Load Slew Delay Arrival   
                                      (fF) (ps)  (ps)   (ps)    
----------------------------------------------------------------
(clock clk)          launch                                 0 R 
sp_reg[0]/CK                                  0    +0       0 R 
sp_reg[0]/Q          DFFRHQX1       4  1.6   30  +125     125 F 
g399465/B                                          +0     125   
g399465/Y            NOR2X1         4  1.4   53   +45     170 R 
g399442/A                                          +0     170   
g399442/Y            INVX1          3  1.2   29   +40     210 F 
g399392/B                                          +0     210   
g399392/Y            NOR2X1         2  0.8   38   +36     246 R 
g399357/B                                          +0     246   
g399357/Y            NOR2X1         1  0.4   20   +28     275 F 
g399271/B                                          +0     275   
g399271/Y            NOR2X1         2  0.6   31   +29     304 R 
g402712/A                                          +0     304   
g402712/Y            INVX1          3  1.0   24   +29     333 F 
g402711/A                                          +0     333   
g402711/Y            INVX1          4  1.6   28   +27     360 R 
g403009/A                                          +0     360   
g403009/Y            INVX1          2  0.8   20   +26     386 F 
g402716_dup/A                                      +0     386   
g402716_dup/Y        INVX1          2  0.8   17   +20     406 R 
g403011/A                                          +0     406   
g403011/Y            NAND2X1        2  0.8   42   +41     446 F 
g397368/A                                          +0     446   
g397368/Y            NOR2X1         2  0.6   32   +44     490 R 
g2/B                                               +0     490   
g2/Y                 AND2X1         4  1.6   29   +83     573 R 
fopt400946/A                                       +0     573   
fopt400946/Y         INVX1          1  0.4   14   +23     596 F 
fopt400945/A                                       +0     596   
fopt400945/Y         INVX1          8  2.4   37   +29     625 R 
g380919/A                                          +0     625   
g380919/Y            AND2X1         1  0.4   14   +71     696 R 
g378228/A                                          +0     696   
g378228/Y            NOR2X1         1  0.4   19   +22     718 F 
g376597/B                                          +0     718   
g376597/Y            NAND2X1        1  0.4   19   +18     736 R 
g375323/A                                          +0     736   
g375323/Y            NAND2X1        1  0.4   34   +35     771 F 
g374067__7410/B                                    +0     771   
g374067__7410/Y      NAND2X1        1  0.4   17   +25     796 R 
g373846__2398/A                                    +0     796   
g373846__2398/Y      NOR2X1         1  0.4   19   +24     820 F 
g373657__3680/A                                    +0     820   
g373657__3680/Y      NAND2X1        1  0.4   17   +21     841 R 
g373622__2398/A                                    +0     841   
g373622__2398/Y      NOR2X1         1  0.4   19   +24     865 F 
g373603__2802/B                                    +0     865   
g373603__2802/Y      NAND2X1        1  0.4   17   +19     883 R 
g373593__5477/A                                    +0     883   
g373593__5477/Y      NOR2X1         1  0.4   19   +24     907 F 
g373588__2883/B                                    +0     907   
g373588__2883/Y      NAND2X1        1  0.3   16   +18     925 R 
data_out_reg[2]/D    DFFRHQX1                      +0     925   
data_out_reg[2]/CK   setup                    0   +60     985 R 
- - - - - - - - - - - - - - - - - - - - - - - - - - - - - - - - 
(clock clk)          capture                              986 R 
----------------------------------------------------------------
Cost Group   : 'clk' (path_group 'clk')
Timing slack :       1ps 
Start-point  : sp_reg[0]/CK
End-point    : data_out_reg[2]/D

path 106:

       Pin            Type     Fanout Load Slew Delay Arrival   
                                      (fF) (ps)  (ps)   (ps)    
----------------------------------------------------------------
(clock clk)          launch                                 0 R 
sp_reg[0]/CK                                  0    +0       0 R 
sp_reg[0]/Q          DFFRHQX1       4  1.6   30  +125     125 F 
g399465/B                                          +0     125   
g399465/Y            NOR2X1         4  1.4   53   +45     170 R 
g399442/A                                          +0     170   
g399442/Y            INVX1          3  1.2   29   +40     210 F 
g399392/B                                          +0     210   
g399392/Y            NOR2X1         2  0.8   38   +36     246 R 
g399357/B                                          +0     246   
g399357/Y            NOR2X1         1  0.4   20   +28     275 F 
g399271/B                                          +0     275   
g399271/Y            NOR2X1         2  0.6   31   +29     304 R 
g402712/A                                          +0     304   
g402712/Y            INVX1          3  1.0   24   +29     333 F 
g402711/A                                          +0     333   
g402711/Y            INVX1          4  1.6   28   +27     360 R 
g398713/B                                          +0     360   
g398713/Y            NAND2X1        1  0.4   32   +35     395 F 
g390483/A                                          +0     395   
g390483/Y            NOR2X1         3  0.8   37   +42     437 R 
g388507/A                                          +0     437   
g388507/Y            INVX1          2  0.4   16   +27     464 F 
g386752/B                                          +0     464   
g386752/Y            OR2X1          3  1.2   27   +64     528 F 
fopt401532/A                                       +0     528   
fopt401532/Y         INVX1          4  1.6   28   +29     557 R 
fopt401531/A                                       +0     557   
fopt401531/Y         INVX1          4  1.6   32   +32     589 F 
fopt401529/A                                       +0     589   
fopt401529/Y         INVX1          3  1.0   21   +27     616 R 
fopt401528/A                                       +0     616   
fopt401528/Y         INVX1          2  0.8   19   +23     638 F 
g381083/B                                          +0     638   
g381083/Y            NOR2X1         4  1.6   57   +44     682 R 
g376746/B                                          +0     682   
g376746/Y            NAND2X1        1  0.4   35   +48     730 F 
g376483/B                                          +0     730   
g376483/Y            NAND2X1        1  0.4   19   +26     755 R 
g375142/A                                          +0     755   
g375142/Y            NOR2X1         1  0.4   20   +25     780 F 
g374048__6783/B                                    +0     780   
g374048__6783/Y      NAND2X1        1  0.4   17   +19     798 R 
g373834__5115/A                                    +0     798   
g373834__5115/Y      NOR2X1         1  0.4   19   +24     822 F 
g373714__1617/B                                    +0     822   
g373714__1617/Y      NAND2X1        1  0.4   17   +19     841 R 
g373645__2346/B                                    +0     841   
g373645__2346/Y      NOR2X1         1  0.4   19   +19     860 F 
g373615__9945/A                                    +0     860   
g373615__9945/Y      NAND2X1        1  0.4   17   +21     881 R 
g373600__6783/A                                    +0     881   
g373600__6783/Y      NOR2X1         1  0.4   19   +24     905 F 
g373588__2883/A                                    +0     905   
g373588__2883/Y      NAND2X1        1  0.3   16   +20     925 R 
data_out_reg[2]/D    DFFRHQX1                      +0     925   
data_out_reg[2]/CK   setup                    0   +60     985 R 
- - - - - - - - - - - - - - - - - - - - - - - - - - - - - - - - 
(clock clk)          capture                              986 R 
----------------------------------------------------------------
Cost Group   : 'clk' (path_group 'clk')
Timing slack :       1ps 
Start-point  : sp_reg[0]/CK
End-point    : data_out_reg[2]/D

path 107:

       Pin            Type     Fanout Load Slew Delay Arrival   
                                      (fF) (ps)  (ps)   (ps)    
----------------------------------------------------------------
(clock clk)          launch                                 0 R 
sp_reg[7]/CK                                  0    +0       0 R 
sp_reg[7]/Q          DFFRHQX1       4  1.6   30  +125     125 F 
g399419/B                                          +0     125   
g399419/Y            NOR2X1         1  0.4   28   +31     155 R 
g399385/B                                          +0     155   
g399385/Y            NAND2X1        1  0.4   32   +35     190 F 
g399356/B                                          +0     190   
g399356/Y            NOR2X1         1  0.4   28   +31     221 R 
g399267/B                                          +0     221   
g399267/Y            NAND2X1        2  0.8   43   +41     262 F 
g397389/B                                          +0     262   
g397389/Y            XOR2X1         6  2.0   39   +83     346 F 
fopt401264/A                                       +0     346   
fopt401264/Y         INVX1          2  0.8   20   +28     374 R 
g390483/B                                          +0     374   
g390483/Y            NOR2X1         3  0.8   25   +23     397 F 
g386737/B                                          +0     397   
g386737/Y            AND2X1         4  1.6   31   +54     451 F 
fopt401080/A                                       +0     451   
fopt401080/Y         INVX1          2  0.8   18   +25     476 R 
fopt401070/A                                       +0     476   
fopt401070/Y         INVX1          4  1.6   30   +28     504 F 
g379120/B                                          +0     504   
g379120/Y            NAND2X1        1  0.2   14   +22     526 R 
g377014/A                                          +0     526   
g377014/Y            AND2X1         1  0.4   14   +63     589 R 
g375558/B                                          +0     589   
g375558/Y            NAND2X1        1  0.4   30   +29     618 F 
g374632/B                                          +0     618   
g374632/Y            NOR2X1         1  0.4   28   +31     648 R 
g374145__6161/B                                    +0     648   
g374145__6161/Y      NOR2X1         1  0.4   23   +24     672 F 
g374093__2346/A                                    +0     672   
g374093__2346/Y      NOR2X1         1  0.4   28   +33     705 R 
g373745__5122/A                                    +0     705   
g373745__5122/Y      NAND2X1        1  0.4   31   +39     744 F 
g373731__7410/A                                    +0     744   
g373731__7410/Y      NOR2X1         1  0.4   28   +36     780 R 
g373662__8246/A                                    +0     780   
g373662__8246/Y      NAND2X1        1  0.4   32   +39     819 F 
g373625__4319/B                                    +0     819   
g373625__4319/Y      NOR2X1         1  0.4   28   +31     850 R 
g373604__1705/B                                    +0     850   
g373604__1705/Y      NAND2X1        1  0.4   32   +35     885 F 
g373593__5477/B                                    +0     885   
g373593__5477/Y      NOR2X1         1  0.4   28   +31     917 R 
g373588__2883/B                                    +0     917   
g373588__2883/Y      NAND2X1        1  0.3   29   +33     950 F 
data_out_reg[2]/D    DFFRHQX1                      +0     950   
data_out_reg[2]/CK   setup                    0   +36     985 R 
- - - - - - - - - - - - - - - - - - - - - - - - - - - - - - - - 
(clock clk)          capture                              986 R 
----------------------------------------------------------------
Cost Group   : 'clk' (path_group 'clk')
Timing slack :       1ps 
Start-point  : sp_reg[7]/CK
End-point    : data_out_reg[2]/D

path 108:

       Pin            Type     Fanout Load Slew Delay Arrival   
                                      (fF) (ps)  (ps)   (ps)    
----------------------------------------------------------------
(clock clk)          launch                                 0 R 
sp_reg[1]/CK                                  0    +0       0 R 
sp_reg[1]/Q          DFFRHQX1       3  1.2   24  +121     121 F 
g399465/A                                          +0     121   
g399465/Y            NOR2X1         4  1.4   53   +48     170 R 
g399442/A                                          +0     170   
g399442/Y            INVX1          3  1.2   29   +40     210 F 
g399407/B                                          +0     210   
g399407/Y            NOR2X1         2  0.8   38   +36     246 R 
g399354/B                                          +0     246   
g399354/Y            NOR2X1         1  0.4   20   +28     275 F 
g399209/B                                          +0     275   
g399209/Y            NOR2X1         2  0.6   32   +29     304 R 
g399186/A                                          +0     304   
g399186/Y            INVX1          3  0.8   21   +27     331 F 
g399185/A                                          +0     331   
g399185/Y            INVX1          3  1.2   22   +23     354 R 
g397855/B                                          +0     354   
g397855/Y            NOR2X1         3  1.2   29   +28     382 F 
g390475/A                                          +0     382   
g390475/Y            NAND2X1        4  1.0   26   +29     411 R 
g386721/B                                          +0     411   
g386721/Y            OR2X1          8  3.2   48   +61     473 R 
fopt400156/A                                       +0     473   
fopt400156/Y         INVX1          7  2.8   52   +51     524 F 
fopt400150/A                                       +0     524   
fopt400150/Y         INVX1          5  2.0   37   +42     566 R 
fopt400154/A                                       +0     566   
fopt400154/Y         INVX1          4  1.6   33   +36     603 F 
g376470/A                                          +0     603   
g376470/Y            NAND2X1        1  0.4   19   +27     630 R 
g375137/A                                          +0     630   
g375137/Y            NAND2X1        1  0.4   31   +35     665 F 
g374429__2346/B                                    +0     665   
g374429__2346/Y      NOR2X1         1  0.4   28   +31     696 R 
g374045__4319/B                                    +0     696   
g374045__4319/Y      NAND2X1        1  0.4   32   +35     730 F 
g373832__6131/A                                    +0     730   
g373832__6131/Y      NOR2X1         1  0.4   28   +37     767 R 
g373714__1617/A                                    +0     767   
g373714__1617/Y      NAND2X1        1  0.4   32   +39     806 F 
g373645__2346/B                                    +0     806   
g373645__2346/Y      NOR2X1         1  0.4   28   +31     837 R 
g373615__9945/A                                    +0     837   
g373615__9945/Y      NAND2X1        1  0.4   32   +39     876 F 
g373600__6783/A                                    +0     876   
g373600__6783/Y      NOR2X1         1  0.4   28   +37     912 R 
g373588__2883/A                                    +0     912   
g373588__2883/Y      NAND2X1        1  0.3   29   +37     950 F 
data_out_reg[2]/D    DFFRHQX1                      +0     950   
data_out_reg[2]/CK   setup                    0   +36     985 R 
- - - - - - - - - - - - - - - - - - - - - - - - - - - - - - - - 
(clock clk)          capture                              986 R 
----------------------------------------------------------------
Cost Group   : 'clk' (path_group 'clk')
Timing slack :       1ps 
Start-point  : sp_reg[1]/CK
End-point    : data_out_reg[2]/D

path 109:

       Pin            Type     Fanout Load Slew Delay Arrival   
                                      (fF) (ps)  (ps)   (ps)    
----------------------------------------------------------------
(clock clk)          launch                                 0 R 
sp_reg[5]/CK                                  0    +0       0 R 
sp_reg[5]/Q          DFFRHQX1       3  1.2   24  +121     121 F 
g403073/A                                          +0     121   
g403073/Y            NOR2X1         3  1.2   48   +45     167 R 
g402999_dup/A                                      +0     167   
g402999_dup/Y        NAND2X1        1  0.4   33   +47     214 F 
g403077/A                                          +0     214   
g403077/Y            NOR2X1         2  0.8   38   +43     257 R 
g399250/B                                          +0     257   
g399250/Y            NOR2X1         1  0.4   20   +29     286 F 
g398249/B                                          +0     286   
g398249/Y            NOR2X1         2  0.8   36   +32     318 R 
fopt402878/A                                       +0     318   
fopt402878/Y         INVX1          3  1.2   27   +33     350 F 
fopt402870/A                                       +0     350   
fopt402870/Y         INVX1          3  1.2   23   +26     376 R 
fopt402866/A                                       +0     376   
fopt402866/Y         INVX1          1  0.4   14   +20     397 F 
g397372/A                                          +0     397   
g397372/Y            NAND2X1        2  0.6   19   +20     417 R 
g386703/B                                          +0     417   
g386703/Y            OR2X1         12  4.8   68   +70     487 R 
g383406/A                                          +0     487   
g383406/Y            INVX1          8  3.2   61   +64     551 F 
g378439/B                                          +0     551   
g378439/Y            NAND2X1        1  0.4   21   +37     587 R 
g378236/B                                          +0     587   
g378236/Y            NAND2X1        1  0.4   31   +32     619 F 
g376604/B                                          +0     619   
g376604/Y            NAND2X1        1  0.2   18   +22     641 R 
g375211/B                                          +0     641   
g375211/Y            AND2X1         1  0.4   14   +69     710 R 
g374068__6417/B                                    +0     710   
g374068__6417/Y      NAND2X1        1  0.4   31   +29     739 F 
g373846__2398/B                                    +0     739   
g373846__2398/Y      NOR2X1         1  0.4   28   +31     770 R 
g373657__3680/A                                    +0     770   
g373657__3680/Y      NAND2X1        1  0.4   32   +39     809 F 
g373622__2398/A                                    +0     809   
g373622__2398/Y      NOR2X1         1  0.4   28   +37     845 R 
g373603__2802/B                                    +0     845   
g373603__2802/Y      NAND2X1        1  0.4   32   +35     880 F 
g373593__5477/A                                    +0     880   
g373593__5477/Y      NOR2X1         1  0.4   28   +37     917 R 
g373588__2883/B                                    +0     917   
g373588__2883/Y      NAND2X1        1  0.3   29   +33     950 F 
data_out_reg[2]/D    DFFRHQX1                      +0     950   
data_out_reg[2]/CK   setup                    0   +36     985 R 
- - - - - - - - - - - - - - - - - - - - - - - - - - - - - - - - 
(clock clk)          capture                              986 R 
----------------------------------------------------------------
Cost Group   : 'clk' (path_group 'clk')
Timing slack :       1ps 
Start-point  : sp_reg[5]/CK
End-point    : data_out_reg[2]/D

path 110:

       Pin            Type     Fanout Load Slew Delay Arrival   
                                      (fF) (ps)  (ps)   (ps)    
----------------------------------------------------------------
(clock clk)          launch                                 0 R 
sp_reg[0]/CK                                  0    +0       0 R 
sp_reg[0]/Q          DFFRHQX1       4  1.6   30  +125     125 F 
g399465/B                                          +0     125   
g399465/Y            NOR2X1         4  1.4   53   +45     170 R 
g399442/A                                          +0     170   
g399442/Y            INVX1          3  1.2   29   +40     210 F 
g399392/B                                          +0     210   
g399392/Y            NOR2X1         2  0.8   38   +36     246 R 
g399357/B                                          +0     246   
g399357/Y            NOR2X1         1  0.4   20   +28     275 F 
g399271/B                                          +0     275   
g399271/Y            NOR2X1         2  0.6   31   +29     304 R 
g402712/A                                          +0     304   
g402712/Y            INVX1          3  1.0   24   +29     333 F 
g402711/A                                          +0     333   
g402711/Y            INVX1          4  1.6   28   +27     360 R 
g403009/A                                          +0     360   
g403009/Y            INVX1          2  0.8   20   +26     386 F 
g403008/A                                          +0     386   
g403008/Y            INVX1          2  0.8   17   +20     406 R 
g403010/B                                          +0     406   
g403010/Y            NOR2X1         2  0.8   27   +22     428 F 
g403369/B                                          +0     428   
g403369/Y            NAND2X1        5  1.4   30   +29     457 R 
g386717/B                                          +0     457   
g386717/Y            OR2X1          6  2.4   38   +57     514 R 
fopt401621/A                                       +0     514   
fopt401621/Y         INVX1          3  1.2   27   +34     548 F 
g377712/A                                          +0     548   
g377712/Y            NAND2X1        1  0.2   16   +23     571 R 
g376166/B                                          +0     571   
g376166/Y            AND2X1         1  0.4   14   +68     639 R 
g374966/B                                          +0     639   
g374966/Y            NAND2X1        1  0.4   30   +29     668 F 
g374571/A                                          +0     668   
g374571/Y            NOR2X1         1  0.4   28   +36     704 R 
g373985__5477/B                                    +0     704   
g373985__5477/Y      NAND2X1        1  0.4   32   +35     738 F 
g373696__4733/A                                    +0     738   
g373696__4733/Y      NOR2X1         1  0.4   28   +37     775 R 
g373644__2883/A                                    +0     775   
g373644__2883/Y      NAND2X1        1  0.4   32   +39     814 F 
g373614__9315/A                                    +0     814   
g373614__9315/Y      NOR2X1         1  0.4   28   +37     850 R 
g373597__4319/B                                    +0     850   
g373597__4319/Y      NAND2X1        1  0.4   32   +35     885 F 
g373589__2346/B                                    +0     885   
g373589__2346/Y      NOR2X1         1  0.4   28   +31     917 R 
g373587__9945/B                                    +0     917   
g373587__9945/Y      NAND2X1        1  0.3   29   +33     950 F 
data_out_reg[1]/D    DFFRHQX1                      +0     950   
data_out_reg[1]/CK   setup                    0   +36     985 R 
- - - - - - - - - - - - - - - - - - - - - - - - - - - - - - - - 
(clock clk)          capture                              986 R 
----------------------------------------------------------------
Cost Group   : 'clk' (path_group 'clk')
Timing slack :       1ps 
Start-point  : sp_reg[0]/CK
End-point    : data_out_reg[1]/D

path 111:

       Pin             Type     Fanout Load Slew Delay Arrival   
                                       (fF) (ps)  (ps)   (ps)    
-----------------------------------------------------------------
(clock clk)           launch                                 0 R 
sp_reg[7]/CK                                   0    +0       0 R 
sp_reg[7]/Q           DFFRHQX1       4  1.6   30  +125     125 F 
g399419/B                                           +0     125   
g399419/Y             NOR2X1         1  0.4   28   +31     155 R 
g399385/B                                           +0     155   
g399385/Y             NAND2X1        1  0.4   32   +35     190 F 
g399356/B                                           +0     190   
g399356/Y             NOR2X1         1  0.4   28   +31     221 R 
g399267/B                                           +0     221   
g399267/Y             NAND2X1        2  0.8   43   +41     262 F 
g397389/B                                           +0     262   
g397389/Y             XOR2X1         6  2.0   39   +83     346 F 
fopt401264/A                                        +0     346   
fopt401264/Y          INVX1          2  0.8   20   +28     374 R 
g390479/B                                           +0     374   
g390479/Y             NOR2X1         3  0.8   25   +23     397 F 
g386749_dup403368/A                                 +0     397   
g386749_dup403368/Y   AND2X1         2  0.8   19   +44     441 F 
fopt402317/A                                        +0     441   
fopt402317/Y          INVX1          2  0.8   17   +20     461 R 
fopt401194/A                                        +0     461   
fopt401194/Y          INVX1          4  1.6   30   +27     488 F 
fopt401193/A                                        +0     488   
fopt401193/Y          INVX1          4  1.6   29   +30     518 R 
fopt401192/A                                        +0     518   
fopt401192/Y          INVX1          4  1.6   32   +32     551 F 
g380629/B                                           +0     551   
g380629/Y             NAND2X1        1  0.4   17   +24     575 R 
g378045/B                                           +0     575   
g378045/Y             NAND2X1        1  0.4   31   +30     605 F 
g376440/B                                           +0     605   
g376440/Y             NOR2X1         1  0.4   28   +31     636 R 
g375335/B                                           +0     636   
g375335/Y             NOR2X1         1  0.4   21   +24     660 F 
g374540/A                                           +0     660   
g374540/Y             NOR2X1         1  0.4   27   +32     692 R 
g374098__2398/A                                     +0     692   
g374098__2398/Y       NAND2X1        1  0.4   32   +38     730 F 
g373833__1881/B                                     +0     730   
g373833__1881/Y       NOR2X1         1  0.4   28   +31     762 R 
g373711__5526/A                                     +0     762   
g373711__5526/Y       NAND2X1        1  0.4   32   +39     800 F 
g373663__7098/A                                     +0     800   
g373663__7098/Y       NOR2X1         1  0.4   28   +37     837 R 
g373619__7410/A                                     +0     837   
g373619__7410/Y       NAND2X1        1  0.4   32   +39     876 F 
g373592__6417/A                                     +0     876   
g373592__6417/Y       NOR2X1         1  0.4   28   +37     912 R 
g373587__9945/A                                     +0     912   
g373587__9945/Y       NAND2X1        1  0.3   29   +37     950 F 
data_out_reg[1]/D     DFFRHQX1                      +0     950   
data_out_reg[1]/CK    setup                    0   +36     985 R 
- - - - - - - - - - - - - - - - - - - - - - - - - - - - - - - - -
(clock clk)           capture                              986 R 
-----------------------------------------------------------------
Cost Group   : 'clk' (path_group 'clk')
Timing slack :       1ps 
Start-point  : sp_reg[7]/CK
End-point    : data_out_reg[1]/D

path 112:

       Pin            Type     Fanout Load Slew Delay Arrival   
                                      (fF) (ps)  (ps)   (ps)    
----------------------------------------------------------------
(clock clk)          launch                                 0 R 
sp_reg[3]/CK                                  0    +0       0 R 
sp_reg[3]/Q          DFFRHQX1       4  1.6   30  +125     125 F 
g403073/B                                          +0     125   
g403073/Y            NOR2X1         3  1.2   48   +42     167 R 
g399402/B                                          +0     167   
g399402/Y            NAND2X1        1  0.4   34   +44     211 F 
g399358/B                                          +0     211   
g399358/Y            NOR2X1         2  0.8   38   +38     249 R 
g402824/B                                          +0     249   
g402824/Y            NOR2X1         2  0.8   24   +32     281 F 
g397857_dup/B                                      +0     281   
g397857_dup/Y        NOR2X1         3  0.8   37   +34     315 R 
g403358/B                                          +0     315   
g403358/Y            OR2X1          6  2.2   35   +58     373 R 
g402163/A                                          +0     373   
g402163/Y            NOR2X1         5  2.0   45   +45     418 F 
fopt402165/A                                       +0     418   
fopt402165/Y         INVX1          2  0.8   20   +31     449 R 
fopt402164/A                                       +0     449   
fopt402164/Y         INVX1          6  2.4   42   +35     484 F 
g385072/B                                          +0     484   
g385072/Y            NAND2X1        1  0.2   16   +27     511 R 
g380068/B                                          +0     511   
g380068/Y            AND2X1         1  0.4   14   +68     580 R 
g377645/B                                          +0     580   
g377645/Y            NAND2X1        1  0.4   30   +29     608 F 
g376695/B                                          +0     608   
g376695/Y            NAND2X1        1  0.4   21   +23     632 R 
g375263/B                                          +0     632   
g375263/Y            NAND2X1        1  0.4   31   +32     663 F 
g374314__9315/A                                    +0     663   
g374314__9315/Y      NOR2X1         1  0.4   28   +36     700 R 
g373975__7482/B                                    +0     700   
g373975__7482/Y      NAND2X1        1  0.4   32   +35     734 F 
g373795__5526/A                                    +0     734   
g373795__5526/Y      NOR2X1         1  0.4   28   +37     771 R 
g373691__7098/A                                    +0     771   
g373691__7098/Y      NAND2X1        1  0.4   32   +39     810 F 
g373611__7482/A                                    +0     810   
g373611__7482/Y      NOR2X1         1  0.4   28   +37     846 R 
g373597__4319/A                                    +0     846   
g373597__4319/Y      NAND2X1        1  0.4   32   +39     885 F 
g373589__2346/B                                    +0     885   
g373589__2346/Y      NOR2X1         1  0.4   28   +31     917 R 
g373587__9945/B                                    +0     917   
g373587__9945/Y      NAND2X1        1  0.3   29   +33     950 F 
data_out_reg[1]/D    DFFRHQX1                      +0     950   
data_out_reg[1]/CK   setup                    0   +36     985 R 
- - - - - - - - - - - - - - - - - - - - - - - - - - - - - - - - 
(clock clk)          capture                              986 R 
----------------------------------------------------------------
Cost Group   : 'clk' (path_group 'clk')
Timing slack :       1ps 
Start-point  : sp_reg[3]/CK
End-point    : data_out_reg[1]/D

path 113:

       Pin            Type     Fanout Load Slew Delay Arrival   
                                      (fF) (ps)  (ps)   (ps)    
----------------------------------------------------------------
(clock clk)          launch                                 0 R 
sp_reg[3]/CK                                  0    +0       0 R 
sp_reg[3]/Q          DFFRHQX1       4  1.6   30  +125     125 F 
g403073/B                                          +0     125   
g403073/Y            NOR2X1         3  1.2   48   +42     167 R 
g403075/A                                          +0     167   
g403075/Y            NAND2X1        1  0.4   33   +47     214 F 
g403074/B                                          +0     214   
g403074/Y            NOR2X1         2  0.8   38   +38     252 R 
g399257/B                                          +0     252   
g399257/Y            NOR2X1         1  0.4   20   +28     280 F 
g397856/B                                          +0     280   
g397856/Y            NOR2X1         4  1.0   42   +35     315 R 
g397380/B                                          +0     315   
g397380/Y            OR2X1          5  1.8   30   +57     372 R 
g393949/A                                          +0     372   
g393949/Y            INVX1          4  1.0   23   +28     401 F 
g386737/A                                          +0     401   
g386737/Y            AND2X1         4  1.6   31   +50     451 F 
fopt401090/A                                       +0     451   
fopt401090/Y         INVX1          4  1.6   29   +30     481 R 
fopt401086/A                                       +0     481   
fopt401086/Y         INVX1          2  0.8   20   +26     507 F 
fopt401085/A                                       +0     507   
fopt401085/Y         INVX1          4  1.6   27   +26     533 R 
fopt401083/A                                       +0     533   
fopt401083/Y         INVX1          2  0.8   20   +26     559 F 
g380823/B                                          +0     559   
g380823/Y            NAND2X1        1  0.4   17   +19     578 R 
g378166/B                                          +0     578   
g378166/Y            NAND2X1        1  0.4   31   +30     608 F 
g376546/A                                          +0     608   
g376546/Y            NOR2X1         1  0.4   28   +36     644 R 
g375177/B                                          +0     644   
g375177/Y            NOR2X1         1  0.4   21   +24     667 F 
g374455__9945/A                                    +0     667   
g374455__9945/Y      NOR2X1         1  0.4   28   +32     700 R 
g374059__7482/A                                    +0     700   
g374059__7482/Y      NAND2X1        1  0.4   32   +39     739 F 
g373839__9945/A                                    +0     739   
g373839__9945/Y      NOR2X1         1  0.4   28   +36     775 R 
g373700__2883/B                                    +0     775   
g373700__2883/Y      NAND2X1        1  0.4   32   +35     810 F 
g373653__4319/B                                    +0     810   
g373653__4319/Y      NOR2X1         1  0.4   28   +31     841 R 
g373619__7410/B                                    +0     841   
g373619__7410/Y      NAND2X1        1  0.4   32   +35     876 F 
g373592__6417/A                                    +0     876   
g373592__6417/Y      NOR2X1         1  0.4   28   +37     912 R 
g373587__9945/A                                    +0     912   
g373587__9945/Y      NAND2X1        1  0.3   29   +37     950 F 
data_out_reg[1]/D    DFFRHQX1                      +0     950   
data_out_reg[1]/CK   setup                    0   +36     985 R 
- - - - - - - - - - - - - - - - - - - - - - - - - - - - - - - - 
(clock clk)          capture                              986 R 
----------------------------------------------------------------
Cost Group   : 'clk' (path_group 'clk')
Timing slack :       1ps 
Start-point  : sp_reg[3]/CK
End-point    : data_out_reg[1]/D

path 114:

       Pin            Type     Fanout Load Slew Delay Arrival   
                                      (fF) (ps)  (ps)   (ps)    
----------------------------------------------------------------
(clock clk)          launch                                 0 R 
sp_reg[1]/CK                                  0    +0       0 R 
sp_reg[1]/Q          DFFRHQX1       3  1.2   24  +121     121 F 
g399465/A                                          +0     121   
g399465/Y            NOR2X1         4  1.4   53   +48     170 R 
g399442/A                                          +0     170   
g399442/Y            INVX1          3  1.2   29   +40     210 F 
g403074/A                                          +0     210   
g403074/Y            NOR2X1         2  0.8   38   +42     252 R 
g399257/B                                          +0     252   
g399257/Y            NOR2X1         1  0.4   20   +28     280 F 
g397856/B                                          +0     280   
g397856/Y            NOR2X1         4  1.0   42   +35     315 R 
g397380/B                                          +0     315   
g397380/Y            OR2X1          5  1.8   30   +57     372 R 
g393949/A                                          +0     372   
g393949/Y            INVX1          4  1.0   23   +28     400 F 
g386719/B                                          +0     400   
g386719/Y            AND2X1         3  1.2   25   +50     450 F 
fopt400943/A                                       +0     450   
fopt400943/Y         INVX1          5  2.0   33   +31     481 R 
fopt400941/A                                       +0     481   
fopt400941/Y         INVX1          2  0.8   21   +28     509 F 
g380243/B                                          +0     509   
g380243/Y            NAND2X1        1  0.4   17   +19     528 R 
g377766/B                                          +0     528   
g377766/Y            NAND2X1        1  0.4   31   +30     558 F 
g376210/A                                          +0     558   
g376210/Y            NOR2X1         1  0.4   28   +36     594 R 
g374994/B                                          +0     594   
g374994/Y            NOR2X1         1  0.4   19   +24     618 F 
g374345__2346/A                                    +0     618   
g374345__2346/Y      NOR2X1         1  0.4   26   +32     650 R 
g373998__8246/B                                    +0     650   
g373998__8246/Y      NAND2X1        1  0.2   26   +31     681 F 
g373838__9315/A                                    +0     681   
g373838__9315/Y      OR2X1          1  0.4   15   +68     749 F 
g373697__6161/A                                    +0     749   
g373697__6161/Y      NOR2X1         1  0.4   28   +30     779 R 
g373644__2883/B                                    +0     779   
g373644__2883/Y      NAND2X1        1  0.4   32   +35     814 F 
g373614__9315/A                                    +0     814   
g373614__9315/Y      NOR2X1         1  0.4   28   +37     850 R 
g373597__4319/B                                    +0     850   
g373597__4319/Y      NAND2X1        1  0.4   32   +35     885 F 
g373589__2346/B                                    +0     885   
g373589__2346/Y      NOR2X1         1  0.4   28   +31     917 R 
g373587__9945/B                                    +0     917   
g373587__9945/Y      NAND2X1        1  0.3   29   +33     950 F 
data_out_reg[1]/D    DFFRHQX1                      +0     950   
data_out_reg[1]/CK   setup                    0   +36     985 R 
- - - - - - - - - - - - - - - - - - - - - - - - - - - - - - - - 
(clock clk)          capture                              986 R 
----------------------------------------------------------------
Cost Group   : 'clk' (path_group 'clk')
Timing slack :       1ps 
Start-point  : sp_reg[1]/CK
End-point    : data_out_reg[1]/D

path 115:

       Pin            Type     Fanout Load Slew Delay Arrival   
                                      (fF) (ps)  (ps)   (ps)    
----------------------------------------------------------------
(clock clk)          launch                                 0 R 
sp_reg[5]/CK                                  0    +0       0 R 
sp_reg[5]/Q          DFFRHQX1       3  1.2   24  +121     121 F 
g403073/A                                          +0     121   
g403073/Y            NOR2X1         3  1.2   48   +45     167 R 
g399402/B                                          +0     167   
g399402/Y            NAND2X1        1  0.4   34   +44     210 F 
g399358/B                                          +0     210   
g399358/Y            NOR2X1         2  0.8   38   +38     249 R 
g402824/B                                          +0     249   
g402824/Y            NOR2X1         2  0.8   24   +32     280 F 
g397857_dup/B                                      +0     280   
g397857_dup/Y        NOR2X1         3  0.8   37   +34     314 R 
g402828/B                                          +0     314   
g402828/Y            OR2X1          2  0.6   15   +47     361 R 
fopt403316/A                                       +0     361   
fopt403316/Y         INVX1          2  0.8   18   +20     381 F 
fopt403318/A                                       +0     381   
fopt403318/Y         INVX1          3  1.0   19   +21     402 R 
g403320/B                                          +0     402   
g403320/Y            NOR2X1         4  1.6   38   +30     432 F 
fopt403217/A                                       +0     432   
fopt403217/Y         INVX1          4  1.6   30   +34     465 R 
fopt403211/A                                       +0     465   
fopt403211/Y         INVX1          4  1.6   32   +33     498 F 
g384833/B                                          +0     498   
g384833/Y            NAND2X1        1  0.2   14   +23     521 R 
g379549/A                                          +0     521   
g379549/Y            AND2X1         1  0.4   14   +63     584 R 
g377308/A                                          +0     584   
g377308/Y            NAND2X1        1  0.4   31   +33     617 F 
g375806/B                                          +0     617   
g375806/Y            NOR2X1         1  0.4   28   +31     648 R 
g402800/B                                          +0     648   
g402800/Y            NOR2X1         1  0.4   22   +24     671 F 
g374219__2802/A                                    +0     671   
g374219__2802/Y      NOR2X1         1  0.4   26   +33     704 R 
g373928__6417/A                                    +0     704   
g373928__6417/Y      NAND2X1        1  0.4   32   +38     743 F 
g373736__6260/A                                    +0     743   
g373736__6260/Y      NOR2X1         1  0.4   28   +37     779 R 
g373734__2398/B                                    +0     779   
g373734__2398/Y      NAND2X1        1  0.4   32   +35     814 F 
g373636__6131/B                                    +0     814   
g373636__6131/Y      NOR2X1         1  0.4   28   +31     845 R 
g373605__5122/B                                    +0     845   
g373605__5122/Y      NAND2X1        1  0.4   32   +35     880 F 
g373589__2346/A                                    +0     880   
g373589__2346/Y      NOR2X1         1  0.4   28   +37     917 R 
g373587__9945/B                                    +0     917   
g373587__9945/Y      NAND2X1        1  0.3   29   +33     950 F 
data_out_reg[1]/D    DFFRHQX1                      +0     950   
data_out_reg[1]/CK   setup                    0   +36     985 R 
- - - - - - - - - - - - - - - - - - - - - - - - - - - - - - - - 
(clock clk)          capture                              986 R 
----------------------------------------------------------------
Cost Group   : 'clk' (path_group 'clk')
Timing slack :       1ps 
Start-point  : sp_reg[5]/CK
End-point    : data_out_reg[1]/D

path 116:

       Pin            Type     Fanout Load Slew Delay Arrival   
                                      (fF) (ps)  (ps)   (ps)    
----------------------------------------------------------------
(clock clk)          launch                                 0 R 
sp_reg[0]/CK                                  0    +0       0 R 
sp_reg[0]/Q          DFFRHQX1       4  1.6   30  +125     125 F 
g399465/B                                          +0     125   
g399465/Y            NOR2X1         4  1.4   53   +45     170 R 
g399442/A                                          +0     170   
g399442/Y            INVX1          3  1.2   29   +40     210 F 
g399392/B                                          +0     210   
g399392/Y            NOR2X1         2  0.8   38   +36     246 R 
g399357/B                                          +0     246   
g399357/Y            NOR2X1         1  0.4   20   +28     275 F 
g399271/B                                          +0     275   
g399271/Y            NOR2X1         2  0.6   31   +29     304 R 
g402712/A                                          +0     304   
g402712/Y            INVX1          3  1.0   24   +29     333 F 
g402711/A                                          +0     333   
g402711/Y            INVX1          4  1.6   28   +27     360 R 
g398713/B                                          +0     360   
g398713/Y            NAND2X1        1  0.4   32   +35     395 F 
g390483/A                                          +0     395   
g390483/Y            NOR2X1         3  0.8   37   +42     437 R 
g388507/A                                          +0     437   
g388507/Y            INVX1          2  0.4   16   +27     464 F 
g386752/B                                          +0     464   
g386752/Y            OR2X1          3  1.2   27   +64     528 F 
fopt401532/A                                       +0     528   
fopt401532/Y         INVX1          4  1.6   28   +29     557 R 
fopt401531/A                                       +0     557   
fopt401531/Y         INVX1          4  1.6   32   +32     589 F 
fopt401529/A                                       +0     589   
fopt401529/Y         INVX1          3  1.0   21   +27     616 R 
fopt401528/A                                       +0     616   
fopt401528/Y         INVX1          2  0.8   19   +23     638 F 
g381083/B                                          +0     638   
g381083/Y            NOR2X1         4  1.6   57   +44     682 R 
g376745/B                                          +0     682   
g376745/Y            NAND2X1        1  0.4   35   +48     730 F 
g376359/B                                          +0     730   
g376359/Y            NAND2X1        1  0.4   19   +26     755 R 
g374391__7098/A                                    +0     755   
g374391__7098/Y      NOR2X1         1  0.4   20   +25     780 F 
g374021__3680/B                                    +0     780   
g374021__3680/Y      NAND2X1        1  0.4   17   +19     798 R 
g373815__7410/B                                    +0     798   
g373815__7410/Y      NOR2X1         1  0.4   19   +19     818 F 
g373701__2346/B                                    +0     818   
g373701__2346/Y      NAND2X1        1  0.4   17   +19     836 R 
g373639__7482/A                                    +0     836   
g373639__7482/Y      NOR2X1         1  0.4   19   +24     860 F 
g373618__1666/A                                    +0     860   
g373618__1666/Y      NAND2X1        1  0.4   17   +21     881 R 
g373596__6260/A                                    +0     881   
g373596__6260/Y      NOR2X1         1  0.4   19   +24     905 F 
g373586__9315/A                                    +0     905   
g373586__9315/Y      NAND2X1        1  0.3   16   +20     925 R 
data_out_reg[0]/D    DFFRHQX1                      +0     925   
data_out_reg[0]/CK   setup                    0   +60     985 R 
- - - - - - - - - - - - - - - - - - - - - - - - - - - - - - - - 
(clock clk)          capture                              986 R 
----------------------------------------------------------------
Cost Group   : 'clk' (path_group 'clk')
Timing slack :       1ps 
Start-point  : sp_reg[0]/CK
End-point    : data_out_reg[0]/D

path 117:

       Pin            Type     Fanout Load Slew Delay Arrival   
                                      (fF) (ps)  (ps)   (ps)    
----------------------------------------------------------------
(clock clk)          launch                                 0 R 
sp_reg[7]/CK                                  0    +0       0 R 
sp_reg[7]/Q          DFFRHQX1       4  1.6   30  +125     125 F 
g399419/B                                          +0     125   
g399419/Y            NOR2X1         1  0.4   28   +31     155 R 
g399385/B                                          +0     155   
g399385/Y            NAND2X1        1  0.4   32   +35     190 F 
g399356/B                                          +0     190   
g399356/Y            NOR2X1         1  0.4   28   +31     221 R 
g399267/B                                          +0     221   
g399267/Y            NAND2X1        2  0.8   43   +41     262 F 
g397389/B                                          +0     262   
g397389/Y            XOR2X1         6  2.0   35   +87     349 R 
g390488/B                                          +0     349   
g390488/Y            OR2X1          5  1.8   30   +55     404 R 
g386671/B                                          +0     404   
g386671/Y            NOR2X1         4  1.2   33   +31     435 F 
g381130/A                                          +0     435   
g381130/Y            AND2X1        10  3.6   60   +69     504 F 
g379754/A                                          +0     504   
g379754/Y            INVX1          8  3.2   53   +54     559 R 
g377203/A                                          +0     559   
g377203/Y            NOR2X1         1  0.4   24   +40     599 F 
g375723/A                                          +0     599   
g375723/Y            NOR2X1         1  0.4   26   +34     633 R 
g374716/B                                          +0     633   
g374716/Y            NAND2X1        1  0.4   32   +34     667 F 
g374190__1617/B                                    +0     667   
g374190__1617/Y      NOR2X1         1  0.4   28   +31     698 R 
g373909__3680/B                                    +0     698   
g373909__3680/Y      NAND2X1        1  0.4   32   +35     733 F 
g373755__9945/A                                    +0     733   
g373755__9945/Y      NOR2X1         1  0.4   28   +37     770 R 
g373668__4733/B                                    +0     770   
g373668__4733/Y      NAND2X1        1  0.4   32   +35     804 F 
g373623__5107/A                                    +0     804   
g373623__5107/Y      NOR2X1         1  0.4   28   +37     841 R 
g373601__3680/A                                    +0     841   
g373601__3680/Y      NAND2X1        1  0.4   32   +39     880 F 
g373591__7410/A                                    +0     880   
g373591__7410/Y      NOR2X1         1  0.4   28   +37     917 R 
g373586__9315/B                                    +0     917   
g373586__9315/Y      NAND2X1        1  0.3   29   +33     950 F 
data_out_reg[0]/D    DFFRHQX1                      +0     950   
data_out_reg[0]/CK   setup                    0   +36     985 R 
- - - - - - - - - - - - - - - - - - - - - - - - - - - - - - - - 
(clock clk)          capture                              986 R 
----------------------------------------------------------------
Cost Group   : 'clk' (path_group 'clk')
Timing slack :       1ps 
Start-point  : sp_reg[7]/CK
End-point    : data_out_reg[0]/D

path 118:

       Pin            Type     Fanout Load Slew Delay Arrival   
                                      (fF) (ps)  (ps)   (ps)    
----------------------------------------------------------------
(clock clk)          launch                                 0 R 
sp_reg[3]/CK                                  0    +0       0 R 
sp_reg[3]/Q          DFFRHQX1       4  1.6   30  +125     125 F 
g403073/B                                          +0     125   
g403073/Y            NOR2X1         3  1.2   48   +42     167 R 
g399402/B                                          +0     167   
g399402/Y            NAND2X1        1  0.4   34   +44     211 F 
g399358/B                                          +0     211   
g399358/Y            NOR2X1         2  0.8   38   +38     249 R 
g402824/B                                          +0     249   
g402824/Y            NOR2X1         2  0.8   24   +32     281 F 
g397857_dup/B                                      +0     281   
g397857_dup/Y        NOR2X1         3  0.8   37   +34     315 R 
g403358/B                                          +0     315   
g403358/Y            OR2X1          6  2.2   35   +58     373 R 
g402163/A                                          +0     373   
g402163/Y            NOR2X1         5  2.0   45   +45     418 F 
fopt402165/A                                       +0     418   
fopt402165/Y         INVX1          2  0.8   20   +31     449 R 
fopt402164/A                                       +0     449   
fopt402164/Y         INVX1          6  2.4   42   +35     484 F 
g385063/B                                          +0     484   
g385063/Y            NAND2X1        1  0.2   16   +27     511 R 
g379790/B                                          +0     511   
g379790/Y            AND2X1         1  0.4   14   +68     580 R 
g377452/B                                          +0     580   
g377452/Y            NAND2X1        1  0.4   30   +29     608 F 
g376693/B                                          +0     608   
g376693/Y            NAND2X1        1  0.4   21   +23     632 R 
g375261/B                                          +0     632   
g375261/Y            NAND2X1        1  0.4   31   +32     663 F 
g374257__6161/A                                    +0     663   
g374257__6161/Y      NOR2X1         1  0.4   28   +36     700 R 
g373947__7482/A                                    +0     700   
g373947__7482/Y      NAND2X1        1  0.4   32   +39     738 F 
g373779__7482/A                                    +0     738   
g373779__7482/Y      NOR2X1         1  0.4   28   +37     775 R 
g373683__5526/B                                    +0     775   
g373683__5526/Y      NAND2X1        1  0.4   32   +35     810 F 
g373608__6131/A                                    +0     810   
g373608__6131/Y      NOR2X1         1  0.4   28   +37     846 R 
g373595__5107/A                                    +0     846   
g373595__5107/Y      NAND2X1        1  0.4   32   +39     885 F 
g373591__7410/B                                    +0     885   
g373591__7410/Y      NOR2X1         1  0.4   28   +31     917 R 
g373586__9315/B                                    +0     917   
g373586__9315/Y      NAND2X1        1  0.3   29   +33     950 F 
data_out_reg[0]/D    DFFRHQX1                      +0     950   
data_out_reg[0]/CK   setup                    0   +36     985 R 
- - - - - - - - - - - - - - - - - - - - - - - - - - - - - - - - 
(clock clk)          capture                              986 R 
----------------------------------------------------------------
Cost Group   : 'clk' (path_group 'clk')
Timing slack :       1ps 
Start-point  : sp_reg[3]/CK
End-point    : data_out_reg[0]/D

path 119:

       Pin            Type     Fanout Load Slew Delay Arrival   
                                      (fF) (ps)  (ps)   (ps)    
----------------------------------------------------------------
(clock clk)          launch                                 0 R 
sp_reg[16]/CK                                 0    +0       0 R 
sp_reg[16]/Q         DFFRHQX1       8  2.6   45  +133     133 F 
g88003__8246/A                                     +0     133   
g88003__8246/Y       NOR2X1         1  0.4   29   +42     174 R 
g87987__5477/B                                     +0     174   
g87987__5477/Y       NAND2X1        2  0.6   38   +38     213 F 
g87972__6161/A                                     +0     213   
g87972__6161/Y       OR2X1          5  1.6   32   +81     294 F 
g87961__403021/A                                   +0     294   
g87961__403021/Y     NOR2X1         2  0.8   37   +43     337 R 
g87950__403020/A                                   +0     337   
g87950__403020/Y     NAND2X1        2  0.6   39   +46     383 F 
g403019/A                                          +0     383   
g403019/Y            NAND2X1        3  0.8   25   +32     415 R 
g400069/B                                          +0     415   
g400069/Y            OR2X1          2  0.8   18   +44     459 R 
fopt400300/A                                       +0     459   
fopt400300/Y         INVX1          4  1.6   30   +28     486 F 
fopt400299/A                                       +0     486   
fopt400299/Y         INVX1          4  1.6   29   +30     517 R 
fopt400298/A                                       +0     517   
fopt400298/Y         INVX1          4  1.6   32   +32     549 F 
g380862/B                                          +0     549   
g380862/Y            NAND2X1        1  0.4   17   +24     573 R 
g378196/A                                          +0     573   
g378196/Y            NAND2X1        1  0.4   31   +34     608 F 
g376568/B                                          +0     608   
g376568/Y            NAND2X1        1  0.4   20   +24     631 R 
g375194/B                                          +0     631   
g375194/Y            NAND2X1        1  0.4   31   +31     662 F 
g374344__2883/A                                    +0     662   
g374344__2883/Y      NOR2X1         1  0.4   28   +36     699 R 
g374061__6161/A                                    +0     699   
g374061__6161/Y      NAND2X1        1  0.4   32   +39     737 F 
g373864__4733/A                                    +0     737   
g373864__4733/Y      NOR2X1         1  0.4   28   +36     774 R 
g373715__2802/B                                    +0     774   
g373715__2802/Y      NAND2X1        1  0.4   32   +35     809 F 
g373651__5107/A                                    +0     809   
g373651__5107/Y      NOR2X1         1  0.4   28   +37     845 R 
g373601__3680/B                                    +0     845   
g373601__3680/Y      NAND2X1        1  0.4   32   +35     880 F 
g373591__7410/A                                    +0     880   
g373591__7410/Y      NOR2X1         1  0.4   28   +37     917 R 
g373586__9315/B                                    +0     917   
g373586__9315/Y      NAND2X1        1  0.3   29   +33     950 F 
data_out_reg[0]/D    DFFRHQX1                      +0     950   
data_out_reg[0]/CK   setup                    0   +36     985 R 
- - - - - - - - - - - - - - - - - - - - - - - - - - - - - - - - 
(clock clk)          capture                              986 R 
----------------------------------------------------------------
Cost Group   : 'clk' (path_group 'clk')
Timing slack :       1ps 
Start-point  : sp_reg[16]/CK
End-point    : data_out_reg[0]/D

path 120:

       Pin            Type     Fanout Load Slew Delay Arrival   
                                      (fF) (ps)  (ps)   (ps)    
----------------------------------------------------------------
(clock clk)          launch                                 0 R 
sp_reg[7]/CK                                  0    +0       0 R 
sp_reg[7]/Q          DFFRHQX1       4  1.6   30  +125     125 F 
g399419/B                                          +0     125   
g399419/Y            NOR2X1         1  0.4   28   +31     155 R 
g399385/B                                          +0     155   
g399385/Y            NAND2X1        1  0.4   32   +35     190 F 
g399356/B                                          +0     190   
g399356/Y            NOR2X1         1  0.4   28   +31     221 R 
g399267/B                                          +0     221   
g399267/Y            NAND2X1        2  0.8   43   +41     262 F 
g397389/B                                          +0     262   
g397389/Y            XOR2X1         6  2.0   35   +87     349 R 
fopt401263/A                                       +0     349   
fopt401263/Y         INVX1          2  0.8   21   +29     378 F 
g390487/B                                          +0     378   
g390487/Y            NAND2X1        2  0.8   23   +22     401 R 
g388509/A                                          +0     401   
g388509/Y            INVX1          4  1.0   22   +25     426 F 
g402790/A                                          +0     426   
g402790/Y            AND2X1         6  2.4   42   +56     482 F 
fopt403297/A                                       +0     482   
fopt403297/Y         INVX1          4  1.6   30   +36     518 R 
fopt403295/A                                       +0     518   
fopt403295/Y         INVX1          1  0.4   15   +24     541 F 
g380309/B                                          +0     541   
g380309/Y            NAND2X1        1  0.4   17   +16     558 R 
g377808/A                                          +0     558   
g377808/Y            NAND2X1        1  0.4   31   +34     592 F 
g376248/A                                          +0     592   
g376248/Y            NOR2X1         1  0.4   28   +36     628 R 
g375015/B                                          +0     628   
g375015/Y            NOR2X1         1  0.4   27   +24     652 F 
g374356__6783/A                                    +0     652   
g374356__6783/Y      NOR2X1         1  0.4   26   +35     687 R 
g374097__5477/A                                    +0     687   
g374097__5477/Y      NAND2X1        1  0.4   32   +38     725 F 
g373860__6131/A                                    +0     725   
g373860__6131/Y      NOR2X1         1  0.4   28   +37     762 R 
g373701__2346/A                                    +0     762   
g373701__2346/Y      NAND2X1        1  0.4   32   +39     800 F 
g373639__7482/A                                    +0     800   
g373639__7482/Y      NOR2X1         1  0.4   28   +37     837 R 
g373618__1666/A                                    +0     837   
g373618__1666/Y      NAND2X1        1  0.4   32   +39     876 F 
g373596__6260/A                                    +0     876   
g373596__6260/Y      NOR2X1         1  0.4   28   +37     912 R 
g373586__9315/A                                    +0     912   
g373586__9315/Y      NAND2X1        1  0.3   29   +37     950 F 
data_out_reg[0]/D    DFFRHQX1                      +0     950   
data_out_reg[0]/CK   setup                    0   +36     985 R 
- - - - - - - - - - - - - - - - - - - - - - - - - - - - - - - - 
(clock clk)          capture                              986 R 
----------------------------------------------------------------
Cost Group   : 'clk' (path_group 'clk')
Timing slack :       1ps 
Start-point  : sp_reg[7]/CK
End-point    : data_out_reg[0]/D

path 121:

       Pin            Type     Fanout Load Slew Delay Arrival   
                                      (fF) (ps)  (ps)   (ps)    
----------------------------------------------------------------
(clock clk)          launch                                 0 R 
sp_reg[3]/CK                                  0    +0       0 R 
sp_reg[3]/Q          DFFRHQX1       4  1.6   30  +125     125 F 
g403073/B                                          +0     125   
g403073/Y            NOR2X1         3  1.2   48   +42     167 R 
g403075/A                                          +0     167   
g403075/Y            NAND2X1        1  0.4   33   +47     214 F 
g403074/B                                          +0     214   
g403074/Y            NOR2X1         2  0.8   38   +38     252 R 
g399257/B                                          +0     252   
g399257/Y            NOR2X1         1  0.4   20   +28     280 F 
g397856/B                                          +0     280   
g397856/Y            NOR2X1         4  1.0   42   +35     315 R 
g397380/B                                          +0     315   
g397380/Y            OR2X1          5  1.8   30   +57     372 R 
g393949/A                                          +0     372   
g393949/Y            INVX1          4  1.0   23   +28     401 F 
g386737/A                                          +0     401   
g386737/Y            AND2X1         4  1.6   31   +50     451 F 
fopt401090/A                                       +0     451   
fopt401090/Y         INVX1          4  1.6   29   +30     481 R 
fopt401086/A                                       +0     481   
fopt401086/Y         INVX1          2  0.8   20   +26     507 F 
fopt401085/A                                       +0     507   
fopt401085/Y         INVX1          4  1.6   27   +26     533 R 
fopt401082/A                                       +0     533   
fopt401082/Y         INVX1          2  0.8   20   +26     559 F 
g379932/B                                          +0     559   
g379932/Y            NAND2X1        1  0.4   17   +19     578 R 
g377547/B                                          +0     578   
g377547/Y            NAND2X1        1  0.4   31   +30     608 F 
g376007/A                                          +0     608   
g376007/Y            NOR2X1         1  0.4   28   +36     644 R 
g374886/B                                          +0     644   
g374886/Y            NOR2X1         1  0.4   23   +24     667 F 
g374276__1705/A                                    +0     667   
g374276__1705/Y      NOR2X1         1  0.4   26   +33     700 R 
g373953__2346/B                                    +0     700   
g373953__2346/Y      NAND2X1        1  0.4   32   +34     734 F 
g373858__8246/A                                    +0     734   
g373858__8246/Y      NOR2X1         1  0.4   28   +36     771 R 
g373689__5122/B                                    +0     771   
g373689__5122/Y      NAND2X1        1  0.4   32   +35     806 F 
g373639__7482/B                                    +0     806   
g373639__7482/Y      NOR2X1         1  0.4   28   +31     837 R 
g373618__1666/A                                    +0     837   
g373618__1666/Y      NAND2X1        1  0.4   32   +39     876 F 
g373596__6260/A                                    +0     876   
g373596__6260/Y      NOR2X1         1  0.4   28   +37     912 R 
g373586__9315/A                                    +0     912   
g373586__9315/Y      NAND2X1        1  0.3   29   +37     950 F 
data_out_reg[0]/D    DFFRHQX1                      +0     950   
data_out_reg[0]/CK   setup                    0   +36     985 R 
- - - - - - - - - - - - - - - - - - - - - - - - - - - - - - - - 
(clock clk)          capture                              986 R 
----------------------------------------------------------------
Cost Group   : 'clk' (path_group 'clk')
Timing slack :       1ps 
Start-point  : sp_reg[3]/CK
End-point    : data_out_reg[0]/D

path 122:

       Pin            Type     Fanout Load Slew Delay Arrival   
                                      (fF) (ps)  (ps)   (ps)    
----------------------------------------------------------------
(clock clk)          launch                                 0 R 
sp_reg[2]/CK                                  0    +0       0 R 
sp_reg[2]/Q          DFFRHQX1       5  2.0   36  +128     128 F 
g399463/B                                          +0     128   
g399463/Y            NOR2X1         2  0.8   38   +39     167 R 
g399402/A                                          +0     167   
g399402/Y            NAND2X1        1  0.4   34   +43     210 F 
g399358/B                                          +0     210   
g399358/Y            NOR2X1         2  0.8   38   +38     248 R 
g402824/B                                          +0     248   
g402824/Y            NOR2X1         2  0.8   24   +32     280 F 
g397857_dup/B                                      +0     280   
g397857_dup/Y        NOR2X1         3  0.8   37   +34     314 R 
g402828/B                                          +0     314   
g402828/Y            OR2X1          2  0.6   15   +47     361 R 
fopt403316/A                                       +0     361   
fopt403316/Y         INVX1          2  0.8   18   +20     381 F 
fopt403318/A                                       +0     381   
fopt403318/Y         INVX1          3  1.0   19   +21     402 R 
g403320/B                                          +0     402   
g403320/Y            NOR2X1         4  1.6   38   +30     431 F 
fopt403217/A                                       +0     431   
fopt403217/Y         INVX1          4  1.6   30   +34     465 R 
fopt403211/A                                       +0     465   
fopt403211/Y         INVX1          4  1.6   32   +33     498 F 
g384869/B                                          +0     498   
g384869/Y            NAND2X1        1  0.4   17   +24     522 R 
g380436/A                                          +0     522   
g380436/Y            NAND2X1        1  0.4   31   +34     556 F 
g377900/B                                          +0     556   
g377900/Y            NAND2X1        1  0.4   19   +24     580 R 
g376326/A                                          +0     580   
g376326/Y            NAND2X1        1  0.2   25   +32     612 F 
g375057/A                                          +0     612   
g375057/Y            OR2X1          1  0.4   15   +68     680 F 
g374382__8428/A                                    +0     680   
g374382__8428/Y      NOR2X1         1  0.4   26   +30     710 R 
g373818__2398/B                                    +0     710   
g373818__2398/Y      NAND2X1        1  0.4   32   +34     744 F 
g373705__5477/A                                    +0     744   
g373705__5477/Y      NOR2X1         1  0.4   28   +36     780 R 
g373654__8428/A                                    +0     780   
g373654__8428/Y      NAND2X1        1  0.4   32   +39     819 F 
g373610__5115/B                                    +0     819   
g373610__5115/Y      NOR2X1         1  0.4   28   +31     850 R 
g373595__5107/B                                    +0     850   
g373595__5107/Y      NAND2X1        1  0.4   32   +35     885 F 
g373591__7410/B                                    +0     885   
g373591__7410/Y      NOR2X1         1  0.4   28   +31     917 R 
g373586__9315/B                                    +0     917   
g373586__9315/Y      NAND2X1        1  0.3   29   +33     950 F 
data_out_reg[0]/D    DFFRHQX1                      +0     950   
data_out_reg[0]/CK   setup                    0   +36     985 R 
- - - - - - - - - - - - - - - - - - - - - - - - - - - - - - - - 
(clock clk)          capture                              986 R 
----------------------------------------------------------------
Cost Group   : 'clk' (path_group 'clk')
Timing slack :       1ps 
Start-point  : sp_reg[2]/CK
End-point    : data_out_reg[0]/D

path 123:

       Pin            Type     Fanout Load Slew Delay Arrival   
                                      (fF) (ps)  (ps)   (ps)    
----------------------------------------------------------------
(clock clk)          launch                                 0 R 
sp_reg[1]/CK                                  0    +0       0 R 
sp_reg[1]/Q          DFFRHQX1       3  1.2   24  +121     121 F 
g399465/A                                          +0     121   
g399465/Y            NOR2X1         4  1.4   53   +48     170 R 
g399442/A                                          +0     170   
g399442/Y            INVX1          3  1.2   29   +40     210 F 
g399392/B                                          +0     210   
g399392/Y            NOR2X1         2  0.8   38   +36     246 R 
g399357/B                                          +0     246   
g399357/Y            NOR2X1         1  0.4   20   +28     275 F 
g399271/B                                          +0     275   
g399271/Y            NOR2X1         2  0.6   31   +29     304 R 
g402712/A                                          +0     304   
g402712/Y            INVX1          3  1.0   24   +29     333 F 
g402711/A                                          +0     333   
g402711/Y            INVX1          4  1.6   28   +27     360 R 
g403009/A                                          +0     360   
g403009/Y            INVX1          2  0.8   20   +26     386 F 
g402716_dup/A                                      +0     386   
g402716_dup/Y        INVX1          2  0.8   17   +20     406 R 
g403012/A                                          +0     406   
g403012/Y            NOR2X1         2  0.6   22   +25     431 F 
g386684/A                                          +0     431   
g386684/Y            AND2X1        17  6.0   95   +85     516 F 
g378410/B                                          +0     516   
g378410/Y            NAND2X1        1  0.4   25   +52     568 R 
g377904/B                                          +0     568   
g377904/Y            NAND2X1        1  0.4   32   +34     601 F 
g376328/A                                          +0     601   
g376328/Y            NOR2X1         1  0.4   28   +36     638 R 
g375060/B                                          +0     638   
g375060/Y            NOR2X1         1  0.4   23   +24     662 F 
g374379__5107/A                                    +0     662   
g374379__5107/Y      NOR2X1         1  0.4   27   +33     695 R 
g374014__2398/B                                    +0     695   
g374014__2398/Y      NAND2X1        1  0.4   32   +34     729 F 
g373815__7410/A                                    +0     729   
g373815__7410/Y      NOR2X1         1  0.4   28   +36     766 R 
g373701__2346/B                                    +0     766   
g373701__2346/Y      NAND2X1        1  0.4   32   +35     800 F 
g373639__7482/A                                    +0     800   
g373639__7482/Y      NOR2X1         1  0.4   28   +37     837 R 
g373618__1666/A                                    +0     837   
g373618__1666/Y      NAND2X1        1  0.4   32   +39     876 F 
g373596__6260/A                                    +0     876   
g373596__6260/Y      NOR2X1         1  0.4   28   +37     912 R 
g373586__9315/A                                    +0     912   
g373586__9315/Y      NAND2X1        1  0.3   29   +37     950 F 
data_out_reg[0]/D    DFFRHQX1                      +0     950   
data_out_reg[0]/CK   setup                    0   +36     985 R 
- - - - - - - - - - - - - - - - - - - - - - - - - - - - - - - - 
(clock clk)          capture                              986 R 
----------------------------------------------------------------
Cost Group   : 'clk' (path_group 'clk')
Timing slack :       1ps 
Start-point  : sp_reg[1]/CK
End-point    : data_out_reg[0]/D

path 124:

       Pin            Type     Fanout Load Slew Delay Arrival   
                                      (fF) (ps)  (ps)   (ps)    
----------------------------------------------------------------
(clock clk)          launch                                 0 R 
sp_reg[1]/CK                                  0    +0       0 R 
sp_reg[1]/Q          DFFRHQX1       3  1.2   23  +134     134 R 
g399465/A                                          +0     134   
g399465/Y            NOR2X1         4  1.4   35   +35     169 F 
g399442/A                                          +0     169   
g399442/Y            INVX1          3  1.2   24   +29     198 R 
g399392/B                                          +0     198   
g399392/Y            NOR2X1         2  0.8   25   +25     223 F 
g399357/B                                          +0     223   
g399357/Y            NOR2X1         1  0.4   27   +28     252 R 
g399271/B                                          +0     252   
g399271/Y            NOR2X1         2  0.6   25   +25     277 F 
g402712/A                                          +0     277   
g402712/Y            INVX1          3  1.0   20   +24     300 R 
g402713/A                                          +0     300   
g402713/Y            INVX1          2  0.8   19   +22     323 F 
g402715/A                                          +0     323   
g402715/Y            INVX1          3  1.0   19   +21     344 R 
g402719/B                                          +0     344   
g402719/Y            NOR2X1         1  0.4   19   +20     364 F 
g390485/B                                          +0     364   
g390485/Y            NAND2X1        4  0.8   25   +21     385 R 
g400068/B                                          +0     385   
g400068/Y            OR2X1          2  0.8   17   +44     429 R 
fopt402380/A                                       +0     429   
fopt402380/Y         INVX1          2  0.8   19   +21     450 F 
fopt402370/A                                       +0     450   
fopt402370/Y         INVX1          2  0.8   17   +19     469 R 
fopt402369/A                                       +0     469   
fopt402369/Y         INVX1          4  1.4   27   +26     495 F 
fopt402368/A                                       +0     495   
fopt402368/Y         INVX1          3  1.2   23   +26     521 R 
fopt402363/A                                       +0     521   
fopt402363/Y         INVX1          4  1.6   31   +30     551 F 
g380457/B                                          +0     551   
g380457/Y            NAND2X1        1  0.4   17   +24     574 R 
g377923/B                                          +0     574   
g377923/Y            NAND2X1        1  0.4   31   +30     604 F 
g376340/B                                          +0     604   
g376340/Y            NAND2X1        1  0.4   21   +24     628 R 
g375066/A                                          +0     628   
g375066/Y            NAND2X1        1  0.4   32   +36     664 F 
g374386__1617/B                                    +0     664   
g374386__1617/Y      NOR2X1         1  0.4   28   +31     695 R 
g374021__3680/A                                    +0     695   
g374021__3680/Y      NAND2X1        1  0.4   32   +39     734 F 
g373815__7410/B                                    +0     734   
g373815__7410/Y      NOR2X1         1  0.4   28   +31     766 R 
g373701__2346/B                                    +0     766   
g373701__2346/Y      NAND2X1        1  0.4   32   +35     800 F 
g373639__7482/A                                    +0     800   
g373639__7482/Y      NOR2X1         1  0.4   28   +37     837 R 
g373618__1666/A                                    +0     837   
g373618__1666/Y      NAND2X1        1  0.4   32   +39     876 F 
g373596__6260/A                                    +0     876   
g373596__6260/Y      NOR2X1         1  0.4   28   +37     912 R 
g373586__9315/A                                    +0     912   
g373586__9315/Y      NAND2X1        1  0.3   29   +37     950 F 
data_out_reg[0]/D    DFFRHQX1                      +0     950   
data_out_reg[0]/CK   setup                    0   +36     985 R 
- - - - - - - - - - - - - - - - - - - - - - - - - - - - - - - - 
(clock clk)          capture                              986 R 
----------------------------------------------------------------
Cost Group   : 'clk' (path_group 'clk')
Timing slack :       1ps 
Start-point  : sp_reg[1]/CK
End-point    : data_out_reg[0]/D

path 125:

       Pin            Type     Fanout Load Slew Delay Arrival   
                                      (fF) (ps)  (ps)   (ps)    
----------------------------------------------------------------
(clock clk)          launch                                 0 R 
sp_reg[5]/CK                                  0    +0       0 R 
sp_reg[5]/Q          DFFRHQX1       3  1.2   24  +121     121 F 
g403073/A                                          +0     121   
g403073/Y            NOR2X1         3  1.2   48   +45     167 R 
g402999_dup/A                                      +0     167   
g402999_dup/Y        NAND2X1        1  0.4   33   +47     214 F 
g403077/A                                          +0     214   
g403077/Y            NOR2X1         2  0.8   38   +43     257 R 
g399250/B                                          +0     257   
g399250/Y            NOR2X1         1  0.4   20   +29     286 F 
g398249/B                                          +0     286   
g398249/Y            NOR2X1         2  0.8   36   +32     318 R 
fopt402878/A                                       +0     318   
fopt402878/Y         INVX1          3  1.2   27   +33     350 F 
fopt402877/A                                       +0     350   
fopt402877/Y         INVX1          2  0.8   18   +23     374 R 
fopt402876/A                                       +0     374   
fopt402876/Y         INVX1          3  1.2   25   +24     398 F 
g402722/B                                          +0     398   
g402722/Y            NAND2X1        4  1.6   34   +29     427 R 
g402721/A                                          +0     427   
g402721/Y            NOR2X1         9  2.8   57   +51     478 F 
fopt402864/A                                       +0     478   
fopt402864/Y         INVX1          2  0.8   22   +36     514 R 
fopt402859/A                                       +0     514   
fopt402859/Y         INVX1         14  5.6   89   +62     576 F 
g402732/A                                          +0     576   
g402732/Y            NAND2X1        1  0.4   27   +52     628 R 
g374699/B                                          +0     628   
g374699/Y            NAND2X1        1  0.4   32   +34     662 F 
g374180__6417/A                                    +0     662   
g374180__6417/Y      NOR2X1         1  0.4   28   +36     698 R 
g373902__2398/B                                    +0     698   
g373902__2398/Y      NAND2X1        1  0.4   32   +35     733 F 
g373750__5115/A                                    +0     733   
g373750__5115/Y      NOR2X1         1  0.4   28   +37     770 R 
g373667__7482/B                                    +0     770   
g373667__7482/Y      NAND2X1        1  0.4   32   +35     804 F 
g373656__6783/A                                    +0     804   
g373656__6783/Y      NOR2X1         1  0.4   28   +37     841 R 
g373618__1666/B                                    +0     841   
g373618__1666/Y      NAND2X1        1  0.4   32   +35     876 F 
g373596__6260/A                                    +0     876   
g373596__6260/Y      NOR2X1         1  0.4   28   +37     912 R 
g373586__9315/A                                    +0     912   
g373586__9315/Y      NAND2X1        1  0.3   29   +37     950 F 
data_out_reg[0]/D    DFFRHQX1                      +0     950   
data_out_reg[0]/CK   setup                    0   +36     985 R 
- - - - - - - - - - - - - - - - - - - - - - - - - - - - - - - - 
(clock clk)          capture                              986 R 
----------------------------------------------------------------
Cost Group   : 'clk' (path_group 'clk')
Timing slack :       1ps 
Start-point  : sp_reg[5]/CK
End-point    : data_out_reg[0]/D

path 126:

       Pin            Type     Fanout Load Slew Delay Arrival   
                                      (fF) (ps)  (ps)   (ps)    
----------------------------------------------------------------
(clock clk)          launch                                 0 R 
sp_reg[7]/CK                                  0    +0       0 R 
sp_reg[7]/Q          DFFRHQX1       4  1.6   30  +125     125 F 
g399419/B                                          +0     125   
g399419/Y            NOR2X1         1  0.4   28   +31     155 R 
g399385/B                                          +0     155   
g399385/Y            NAND2X1        1  0.4   32   +35     190 F 
g399356/B                                          +0     190   
g399356/Y            NOR2X1         1  0.4   28   +31     221 R 
g399267/B                                          +0     221   
g399267/Y            NAND2X1        2  0.8   43   +41     262 F 
g397389/B                                          +0     262   
g397389/Y            XOR2X1         6  2.0   35   +87     349 R 
fopt401263/A                                       +0     349   
fopt401263/Y         INVX1          2  0.8   21   +29     378 F 
g390487/B                                          +0     378   
g390487/Y            NAND2X1        2  0.8   23   +22     401 R 
g388509/A                                          +0     401   
g388509/Y            INVX1          4  1.0   22   +25     426 F 
g386735/A                                          +0     426   
g386735/Y            AND2X1         6  2.4   43   +56     482 F 
fopt401234/A                                       +0     482   
fopt401234/Y         INVX1          5  2.0   35   +38     520 R 
fopt401231/A                                       +0     520   
fopt401231/Y         INVX1          5  2.0   39   +39     559 F 
fopt401230/A                                       +0     559   
fopt401230/Y         INVX1          1  0.4   14   +25     585 R 
g381099/B                                          +0     585   
g381099/Y            NOR2X1         4  1.6   37   +27     612 F 
g377113/B                                          +0     612   
g377113/Y            NAND2X1        1  0.4   17   +26     638 R 
g375636/B                                          +0     638   
g375636/Y            NAND2X1        1  0.4   31   +30     669 F 
g374673/A                                          +0     669   
g374673/Y            NOR2X1         1  0.2   23   +33     702 R 
g373903__5107/B                                    +0     702   
g373903__5107/Y      AND2X1         1  0.4   14   +71     773 R 
g373672__2883/A                                    +0     773   
g373672__2883/Y      NAND2X1        1  0.4   32   +33     806 F 
g373630__1617/B                                    +0     806   
g373630__1617/Y      NOR2X1         1  0.4   28   +31     837 R 
g373606__8246/A                                    +0     837   
g373606__8246/Y      NAND2X1        1  0.4   32   +39     876 F 
g373594__2398/A                                    +0     876   
g373594__2398/Y      NOR2X1         1  0.4   28   +37     912 R 
g373585__6161/A                                    +0     912   
g373585__6161/Y      NAND2X1        1  0.3   29   +37     950 F 
data_out_reg[3]/D    DFFRHQX1                      +0     950   
data_out_reg[3]/CK   setup                    0   +36     985 R 
- - - - - - - - - - - - - - - - - - - - - - - - - - - - - - - - 
(clock clk)          capture                              986 R 
----------------------------------------------------------------
Cost Group   : 'clk' (path_group 'clk')
Timing slack :       1ps 
Start-point  : sp_reg[7]/CK
End-point    : data_out_reg[3]/D

path 127:

       Pin            Type     Fanout Load Slew Delay Arrival   
                                      (fF) (ps)  (ps)   (ps)    
----------------------------------------------------------------
(clock clk)          launch                                 0 R 
sp_reg[3]/CK                                  0    +0       0 R 
sp_reg[3]/Q          DFFRHQX1       4  1.6   30  +125     125 F 
g403073/B                                          +0     125   
g403073/Y            NOR2X1         3  1.2   48   +42     167 R 
g399402/B                                          +0     167   
g399402/Y            NAND2X1        1  0.4   34   +44     211 F 
g399358/B                                          +0     211   
g399358/Y            NOR2X1         2  0.8   38   +38     249 R 
g402824/B                                          +0     249   
g402824/Y            NOR2X1         2  0.8   24   +32     281 F 
g397857_dup/B                                      +0     281   
g397857_dup/Y        NOR2X1         3  0.8   37   +34     315 R 
g402828/B                                          +0     315   
g402828/Y            OR2X1          2  0.6   15   +47     362 R 
fopt403316/A                                       +0     362   
fopt403316/Y         INVX1          2  0.8   18   +20     381 F 
fopt403318/A                                       +0     381   
fopt403318/Y         INVX1          3  1.0   19   +21     402 R 
g403320/B                                          +0     402   
g403320/Y            NOR2X1         4  1.6   38   +30     432 F 
fopt403217/A                                       +0     432   
fopt403217/Y         INVX1          4  1.6   30   +34     465 R 
fopt403210/A                                       +0     465   
fopt403210/Y         INVX1          3  1.2   26   +30     495 F 
g384839/B                                          +0     495   
g384839/Y            NAND2X1        1  0.4   17   +22     517 R 
g380044/B                                          +0     517   
g380044/Y            NAND2X1        1  0.2   25   +27     543 F 
g377634/A                                          +0     543   
g377634/Y            OR2X1          1  0.4   15   +68     611 F 
g376087/B                                          +0     611   
g376087/Y            NAND2X1        1  0.4   20   +17     628 R 
g375262/A                                          +0     628   
g375262/Y            NAND2X1        1  0.4   31   +35     663 F 
g374307__7098/A                                    +0     663   
g374307__7098/Y      NOR2X1         1  0.4   28   +36     699 R 
g374094__1666/B                                    +0     699   
g374094__1666/Y      NAND2X1        1  0.4   32   +35     734 F 
g373793__4319/A                                    +0     734   
g373793__4319/Y      NOR2X1         1  0.4   28   +37     771 R 
g373692__6131/A                                    +0     771   
g373692__6131/Y      NAND2X1        1  0.4   32   +39     810 F 
g373620__6417/A                                    +0     810   
g373620__6417/Y      NOR2X1         1  0.4   28   +37     846 R 
g373599__5526/A                                    +0     846   
g373599__5526/Y      NAND2X1        1  0.4   32   +39     885 F 
g373590__1666/B                                    +0     885   
g373590__1666/Y      NOR2X1         1  0.4   28   +31     916 R 
g373585__6161/B                                    +0     916   
g373585__6161/Y      NAND2X1        1  0.3   29   +33     950 F 
data_out_reg[3]/D    DFFRHQX1                      +0     950   
data_out_reg[3]/CK   setup                    0   +36     985 R 
- - - - - - - - - - - - - - - - - - - - - - - - - - - - - - - - 
(clock clk)          capture                              986 R 
----------------------------------------------------------------
Cost Group   : 'clk' (path_group 'clk')
Timing slack :       1ps 
Start-point  : sp_reg[3]/CK
End-point    : data_out_reg[3]/D

path 128:

       Pin            Type     Fanout Load Slew Delay Arrival   
                                      (fF) (ps)  (ps)   (ps)    
----------------------------------------------------------------
(clock clk)          launch                                 0 R 
sp_reg[5]/CK                                  0    +0       0 R 
sp_reg[5]/Q          DFFRHQX1       3  1.2   24  +121     121 F 
g403073/A                                          +0     121   
g403073/Y            NOR2X1         3  1.2   48   +45     167 R 
g402999_dup/A                                      +0     167   
g402999_dup/Y        NAND2X1        1  0.4   33   +47     214 F 
g403077/A                                          +0     214   
g403077/Y            NOR2X1         2  0.8   38   +43     257 R 
g399250/B                                          +0     257   
g399250/Y            NOR2X1         1  0.4   20   +29     286 F 
g398249/B                                          +0     286   
g398249/Y            NOR2X1         2  0.8   36   +32     318 R 
fopt402878/A                                       +0     318   
fopt402878/Y         INVX1          3  1.2   27   +33     350 F 
fopt402870/A                                       +0     350   
fopt402870/Y         INVX1          3  1.2   23   +26     376 R 
fopt402866/A                                       +0     376   
fopt402866/Y         INVX1          1  0.4   14   +20     397 F 
g397372/A                                          +0     397   
g397372/Y            NAND2X1        2  0.6   19   +20     417 R 
g386703/B                                          +0     417   
g386703/Y            OR2X1         12  4.8   68   +70     487 R 
g383400/A                                          +0     487   
g383400/Y            INVX1          7  2.8   55   +60     547 F 
g377797/A                                          +0     547   
g377797/Y            NAND2X1        1  0.4   22   +37     584 R 
g376239/B                                          +0     584   
g376239/Y            NAND2X1        1  0.2   26   +29     613 F 
g375010/B                                          +0     613   
g375010/Y            OR2X1          1  0.4   15   +61     674 F 
g374355__5526/A                                    +0     674   
g374355__5526/Y      NOR2X1         1  0.4   26   +30     704 R 
g374003__7482/A                                    +0     704   
g374003__7482/Y      NAND2X1        1  0.4   32   +38     742 F 
g373809__6161/A                                    +0     742   
g373809__6161/Y      NOR2X1         1  0.4   28   +36     779 R 
g373648__6417/B                                    +0     779   
g373648__6417/Y      NAND2X1        1  0.4   32   +35     814 F 
g373616__2883/A                                    +0     814   
g373616__2883/Y      NOR2X1         1  0.4   28   +37     850 R 
g373599__5526/B                                    +0     850   
g373599__5526/Y      NAND2X1        1  0.4   32   +35     885 F 
g373590__1666/B                                    +0     885   
g373590__1666/Y      NOR2X1         1  0.4   28   +31     916 R 
g373585__6161/B                                    +0     916   
g373585__6161/Y      NAND2X1        1  0.3   29   +33     950 F 
data_out_reg[3]/D    DFFRHQX1                      +0     950   
data_out_reg[3]/CK   setup                    0   +36     985 R 
- - - - - - - - - - - - - - - - - - - - - - - - - - - - - - - - 
(clock clk)          capture                              986 R 
----------------------------------------------------------------
Cost Group   : 'clk' (path_group 'clk')
Timing slack :       1ps 
Start-point  : sp_reg[5]/CK
End-point    : data_out_reg[3]/D

path 129:

       Pin            Type     Fanout Load Slew Delay Arrival   
                                      (fF) (ps)  (ps)   (ps)    
----------------------------------------------------------------
(clock clk)          launch                                 0 R 
sp_reg[5]/CK                                  0    +0       0 R 
sp_reg[5]/Q          DFFRHQX1       3  1.2   24  +121     121 F 
g399419/A                                          +0     121   
g399419/Y            NOR2X1         1  0.4   28   +34     155 R 
g399385/B                                          +0     155   
g399385/Y            NAND2X1        1  0.4   32   +35     190 F 
g399356/B                                          +0     190   
g399356/Y            NOR2X1         1  0.4   28   +31     221 R 
g399267/B                                          +0     221   
g399267/Y            NAND2X1        2  0.8   43   +41     262 F 
g397389/B                                          +0     262   
g397389/Y            XOR2X1         6  2.0   35   +87     349 R 
fopt401263/A                                       +0     349   
fopt401263/Y         INVX1          2  0.8   21   +29     378 F 
g390487/B                                          +0     378   
g390487/Y            NAND2X1        2  0.8   23   +22     400 R 
g388509/A                                          +0     400   
g388509/Y            INVX1          4  1.0   22   +25     426 F 
g402790/A                                          +0     426   
g402790/Y            AND2X1         6  2.4   42   +56     482 F 
fopt9/A                                            +0     482   
fopt9/Y              INVX1          4  1.6   30   +36     518 R 
fopt8/A                                            +0     518   
fopt8/Y              INVX1          4  1.6   32   +33     551 F 
g380081/B                                          +0     551   
g380081/Y            NAND2X1        1  0.4   17   +24     575 R 
g377656/A                                          +0     575   
g377656/Y            NAND2X1        1  0.4   31   +34     609 F 
g376111/B                                          +0     609   
g376111/Y            NAND2X1        1  0.4   21   +24     633 R 
g374937/A                                          +0     633   
g374937/Y            NAND2X1        1  0.4   31   +36     669 F 
g374316__2883/A                                    +0     669   
g374316__2883/Y      NOR2X1         1  0.4   28   +36     705 R 
g373978__9315/A                                    +0     705   
g373978__9315/Y      NAND2X1        1  0.4   32   +39     744 F 
g373695__7482/A                                    +0     744   
g373695__7482/Y      NOR2X1         1  0.4   28   +36     780 R 
g373643__9945/B                                    +0     780   
g373643__9945/Y      NAND2X1        1  0.4   32   +35     815 F 
g373620__6417/B                                    +0     815   
g373620__6417/Y      NOR2X1         1  0.4   28   +31     846 R 
g373599__5526/A                                    +0     846   
g373599__5526/Y      NAND2X1        1  0.4   32   +39     885 F 
g373590__1666/B                                    +0     885   
g373590__1666/Y      NOR2X1         1  0.4   28   +31     916 R 
g373585__6161/B                                    +0     916   
g373585__6161/Y      NAND2X1        1  0.3   29   +33     950 F 
data_out_reg[3]/D    DFFRHQX1                      +0     950   
data_out_reg[3]/CK   setup                    0   +36     985 R 
- - - - - - - - - - - - - - - - - - - - - - - - - - - - - - - - 
(clock clk)          capture                              986 R 
----------------------------------------------------------------
Cost Group   : 'clk' (path_group 'clk')
Timing slack :       1ps 
Start-point  : sp_reg[5]/CK
End-point    : data_out_reg[3]/D

path 130:

       Pin            Type     Fanout Load Slew Delay Arrival   
                                      (fF) (ps)  (ps)   (ps)    
----------------------------------------------------------------
(clock clk)          launch                                 0 R 
sp_reg[7]/CK                                  0    +0       0 R 
sp_reg[7]/Q          DFFRHQX1       4  1.6   30  +125     125 F 
g399419/B                                          +0     125   
g399419/Y            NOR2X1         1  0.4   28   +31     155 R 
g399385/B                                          +0     155   
g399385/Y            NAND2X1        1  0.4   32   +35     190 F 
g399356/B                                          +0     190   
g399356/Y            NOR2X1         1  0.4   28   +31     221 R 
g399267/B                                          +0     221   
g399267/Y            NAND2X1        2  0.8   43   +41     262 F 
g397389/B                                          +0     262   
g397389/Y            XOR2X1         6  2.0   39   +83     346 F 
fopt401264/A                                       +0     346   
fopt401264/Y         INVX1          2  0.8   20   +28     374 R 
g390483/B                                          +0     374   
g390483/Y            NOR2X1         3  0.8   25   +23     397 F 
g386737/B                                          +0     397   
g386737/Y            AND2X1         4  1.6   31   +54     451 F 
fopt401090/A                                       +0     451   
fopt401090/Y         INVX1          4  1.6   29   +30     482 R 
fopt401086/A                                       +0     482   
fopt401086/Y         INVX1          2  0.8   20   +26     508 F 
fopt401085/A                                       +0     508   
fopt401085/Y         INVX1          4  1.6   27   +26     534 R 
fopt401082/A                                       +0     534   
fopt401082/Y         INVX1          2  0.8   20   +26     559 F 
g380604/B                                          +0     559   
g380604/Y            NAND2X1        1  0.4   17   +19     578 R 
g378030/A                                          +0     578   
g378030/Y            NAND2X1        1  0.4   31   +34     612 F 
g376423/B                                          +0     612   
g376423/Y            NOR2X1         1  0.4   28   +31     643 R 
g375363/B                                          +0     643   
g375363/Y            NOR2X1         1  0.4   22   +24     667 F 
g374415__2802/A                                    +0     667   
g374415__2802/Y      NOR2X1         1  0.4   28   +33     700 R 
g374036__2883/A                                    +0     700   
g374036__2883/Y      NAND2X1        1  0.4   31   +39     739 F 
g373830__8246/B                                    +0     739   
g373830__8246/Y      NOR2X1         1  0.4   28   +31     770 R 
g373712__6783/B                                    +0     770   
g373712__6783/Y      NAND2X1        1  0.4   32   +35     804 F 
g373652__6260/A                                    +0     804   
g373652__6260/Y      NOR2X1         1  0.4   28   +37     841 R 
g373615__9945/B                                    +0     841   
g373615__9945/Y      NAND2X1        1  0.4   32   +35     876 F 
g373600__6783/A                                    +0     876   
g373600__6783/Y      NOR2X1         1  0.4   28   +37     912 R 
g373588__2883/A                                    +0     912   
g373588__2883/Y      NAND2X1        1  0.3   29   +37     950 F 
data_out_reg[2]/D    DFFRHQX1                      +0     950   
data_out_reg[2]/CK   setup                    0   +36     985 R 
- - - - - - - - - - - - - - - - - - - - - - - - - - - - - - - - 
(clock clk)          capture                              986 R 
----------------------------------------------------------------
Cost Group   : 'clk' (path_group 'clk')
Timing slack :       1ps 
Start-point  : sp_reg[7]/CK
End-point    : data_out_reg[2]/D

path 131:

       Pin            Type     Fanout Load Slew Delay Arrival   
                                      (fF) (ps)  (ps)   (ps)    
----------------------------------------------------------------
(clock clk)          launch                                 0 R 
sp_reg[1]/CK                                  0    +0       0 R 
sp_reg[1]/Q          DFFRHQX1       3  1.2   24  +121     121 F 
g399465/A                                          +0     121   
g399465/Y            NOR2X1         4  1.4   53   +48     170 R 
g399442/A                                          +0     170   
g399442/Y            INVX1          3  1.2   29   +40     210 F 
g399392/B                                          +0     210   
g399392/Y            NOR2X1         2  0.8   38   +36     246 R 
g399357/B                                          +0     246   
g399357/Y            NOR2X1         1  0.4   20   +28     275 F 
g399271/B                                          +0     275   
g399271/Y            NOR2X1         2  0.6   31   +29     304 R 
g402712/A                                          +0     304   
g402712/Y            INVX1          3  1.0   24   +29     333 F 
g402711/A                                          +0     333   
g402711/Y            INVX1          4  1.6   28   +27     360 R 
g403009/A                                          +0     360   
g403009/Y            INVX1          2  0.8   20   +26     386 F 
g402716_dup/A                                      +0     386   
g402716_dup/Y        INVX1          2  0.8   17   +20     406 R 
g403012/A                                          +0     406   
g403012/Y            NOR2X1         2  0.6   22   +25     431 F 
g388506/A                                          +0     431   
g388506/Y            INVX1          3  1.2   22   +24     455 R 
g386664/B                                          +0     455   
g386664/Y            NOR2X1         2  0.8   25   +25     479 F 
g383153/A                                          +0     479   
g383153/Y            INVX1          2  0.8   18   +22     502 R 
g381119/B                                          +0     502   
g381119/Y            NOR2X1         8  3.2   62   +42     544 F 
g378246/B                                          +0     544   
g378246/Y            NAND2X1        1  0.4   21   +37     581 R 
g376613/A                                          +0     581   
g376613/Y            NAND2X1        1  0.4   31   +36     617 F 
g375218/B                                          +0     617   
g375218/Y            NOR2X1         1  0.4   28   +31     648 R 
g374476__6131/B                                    +0     648   
g374476__6131/Y      NOR2X1         1  0.4   23   +24     671 F 
g374072__6260/B                                    +0     671   
g374072__6260/Y      NOR2X1         1  0.4   27   +28     699 R 
g373847__5107/A                                    +0     699   
g373847__5107/Y      NAND2X1        1  0.4   31   +38     737 F 
g373722__5115/A                                    +0     737   
g373722__5115/Y      NOR2X1         1  0.4   28   +36     774 R 
g373657__3680/B                                    +0     774   
g373657__3680/Y      NAND2X1        1  0.4   32   +35     808 F 
g373622__2398/A                                    +0     808   
g373622__2398/Y      NOR2X1         1  0.4   28   +37     845 R 
g373603__2802/B                                    +0     845   
g373603__2802/Y      NAND2X1        1  0.4   32   +35     880 F 
g373593__5477/A                                    +0     880   
g373593__5477/Y      NOR2X1         1  0.4   28   +37     916 R 
g373588__2883/B                                    +0     916   
g373588__2883/Y      NAND2X1        1  0.3   29   +33     950 F 
data_out_reg[2]/D    DFFRHQX1                      +0     950   
data_out_reg[2]/CK   setup                    0   +36     985 R 
- - - - - - - - - - - - - - - - - - - - - - - - - - - - - - - - 
(clock clk)          capture                              986 R 
----------------------------------------------------------------
Cost Group   : 'clk' (path_group 'clk')
Timing slack :       1ps 
Start-point  : sp_reg[1]/CK
End-point    : data_out_reg[2]/D

path 132:

       Pin            Type     Fanout Load Slew Delay Arrival   
                                      (fF) (ps)  (ps)   (ps)    
----------------------------------------------------------------
(clock clk)          launch                                 0 R 
sp_reg[5]/CK                                  0    +0       0 R 
sp_reg[5]/Q          DFFRHQX1       3  1.2   24  +121     121 F 
g399419/A                                          +0     121   
g399419/Y            NOR2X1         1  0.4   28   +34     155 R 
g399385/B                                          +0     155   
g399385/Y            NAND2X1        1  0.4   32   +35     190 F 
g399356/B                                          +0     190   
g399356/Y            NOR2X1         1  0.4   28   +31     221 R 
g399267/B                                          +0     221   
g399267/Y            NAND2X1        2  0.8   43   +41     262 F 
g397389/B                                          +0     262   
g397389/Y            XOR2X1         6  2.0   39   +83     346 F 
fopt401264/A                                       +0     346   
fopt401264/Y         INVX1          2  0.8   20   +28     374 R 
g390483/B                                          +0     374   
g390483/Y            NOR2X1         3  0.8   25   +23     397 F 
g386737/B                                          +0     397   
g386737/Y            AND2X1         4  1.6   31   +54     451 F 
fopt401080/A                                       +0     451   
fopt401080/Y         INVX1          2  0.8   18   +25     476 R 
fopt401070/A                                       +0     476   
fopt401070/Y         INVX1          4  1.6   30   +28     504 F 
g379120/B                                          +0     504   
g379120/Y            NAND2X1        1  0.2   14   +22     526 R 
g377014/A                                          +0     526   
g377014/Y            AND2X1         1  0.4   14   +63     589 R 
g375558/B                                          +0     589   
g375558/Y            NAND2X1        1  0.4   30   +29     618 F 
g374632/B                                          +0     618   
g374632/Y            NOR2X1         1  0.4   28   +31     648 R 
g374145__6161/B                                    +0     648   
g374145__6161/Y      NOR2X1         1  0.4   23   +24     672 F 
g374093__2346/A                                    +0     672   
g374093__2346/Y      NOR2X1         1  0.4   28   +33     705 R 
g373745__5122/A                                    +0     705   
g373745__5122/Y      NAND2X1        1  0.4   31   +39     744 F 
g373731__7410/A                                    +0     744   
g373731__7410/Y      NOR2X1         1  0.4   28   +36     780 R 
g373662__8246/A                                    +0     780   
g373662__8246/Y      NAND2X1        1  0.4   32   +39     819 F 
g373625__4319/B                                    +0     819   
g373625__4319/Y      NOR2X1         1  0.4   28   +31     850 R 
g373604__1705/B                                    +0     850   
g373604__1705/Y      NAND2X1        1  0.4   32   +35     885 F 
g373593__5477/B                                    +0     885   
g373593__5477/Y      NOR2X1         1  0.4   28   +31     916 R 
g373588__2883/B                                    +0     916   
g373588__2883/Y      NAND2X1        1  0.3   29   +33     950 F 
data_out_reg[2]/D    DFFRHQX1                      +0     950   
data_out_reg[2]/CK   setup                    0   +36     985 R 
- - - - - - - - - - - - - - - - - - - - - - - - - - - - - - - - 
(clock clk)          capture                              986 R 
----------------------------------------------------------------
Cost Group   : 'clk' (path_group 'clk')
Timing slack :       1ps 
Start-point  : sp_reg[5]/CK
End-point    : data_out_reg[2]/D

path 133:

       Pin            Type     Fanout Load Slew Delay Arrival   
                                      (fF) (ps)  (ps)   (ps)    
----------------------------------------------------------------
(clock clk)          launch                                 0 R 
sp_reg[1]/CK                                  0    +0       0 R 
sp_reg[1]/Q          DFFRHQX1       3  1.2   24  +121     121 F 
g399465/A                                          +0     121   
g399465/Y            NOR2X1         4  1.4   53   +48     170 R 
g399442/A                                          +0     170   
g399442/Y            INVX1          3  1.2   29   +40     210 F 
g403074/A                                          +0     210   
g403074/Y            NOR2X1         2  0.8   38   +42     252 R 
g399257/B                                          +0     252   
g399257/Y            NOR2X1         1  0.4   20   +28     280 F 
g397856/B                                          +0     280   
g397856/Y            NOR2X1         4  1.0   42   +35     315 R 
fopt403124/A                                       +0     315   
fopt403124/Y         INVX1          2  0.6   19   +30     345 F 
g397388/B                                          +0     345   
g397388/Y            OR2X1          2  0.6   18   +61     406 F 
fopt402547/A                                       +0     406   
fopt402547/Y         INVX1          2  0.8   17   +19     425 R 
fopt402546/A                                       +0     425   
fopt402546/Y         INVX1          4  1.6   30   +27     452 F 
fopt402543/A                                       +0     452   
fopt402543/Y         INVX1          1  0.2   11   +20     473 R 
g381132/B                                          +0     473   
g381132/Y            AND2X1        11  4.4   65   +95     567 R 
g379756/A                                          +0     567   
g379756/Y            INVX1          7  2.8   54   +59     626 F 
g403084/B                                          +0     626   
g403084/Y            NOR2X1         4  1.6   61   +59     685 R 
g375442/B                                          +0     685   
g375442/Y            NAND2X1        1  0.4   36   +49     734 F 
g374896/A                                          +0     734   
g374896/Y            NAND2X1        1  0.4   19   +28     762 R 
g374292__6417/A                                    +0     762   
g374292__6417/Y      NOR2X1         1  0.4   20   +25     787 F 
g373965__3680/B                                    +0     787   
g373965__3680/Y      NAND2X1        1  0.4   17   +19     806 R 
g373790__2398/B                                    +0     806   
g373790__2398/Y      NOR2X1         1  0.4   19   +19     825 F 
g373691__7098/B                                    +0     825   
g373691__7098/Y      NAND2X1        1  0.4   17   +19     843 R 
g373611__7482/A                                    +0     843   
g373611__7482/Y      NOR2X1         1  0.4   19   +24     867 F 
g373597__4319/A                                    +0     867   
g373597__4319/Y      NAND2X1        1  0.4   17   +21     888 R 
g373589__2346/B                                    +0     888   
g373589__2346/Y      NOR2X1         1  0.4   19   +19     907 F 
g373587__9945/B                                    +0     907   
g373587__9945/Y      NAND2X1        1  0.3   16   +18     925 R 
data_out_reg[1]/D    DFFRHQX1                      +0     925   
data_out_reg[1]/CK   setup                    0   +60     985 R 
- - - - - - - - - - - - - - - - - - - - - - - - - - - - - - - - 
(clock clk)          capture                              986 R 
----------------------------------------------------------------
Cost Group   : 'clk' (path_group 'clk')
Timing slack :       1ps 
Start-point  : sp_reg[1]/CK
End-point    : data_out_reg[1]/D

path 134:

       Pin             Type     Fanout Load Slew Delay Arrival   
                                       (fF) (ps)  (ps)   (ps)    
-----------------------------------------------------------------
(clock clk)           launch                                 0 R 
sp_reg[1]/CK                                   0    +0       0 R 
sp_reg[1]/Q           DFFRHQX1       3  1.2   24  +121     121 F 
g399465/A                                           +0     121   
g399465/Y             NOR2X1         4  1.4   53   +48     170 R 
g399442/A                                           +0     170   
g399442/Y             INVX1          3  1.2   29   +40     210 F 
g399392/B                                           +0     210   
g399392/Y             NOR2X1         2  0.8   38   +36     246 R 
g399357/B                                           +0     246   
g399357/Y             NOR2X1         1  0.4   20   +28     275 F 
g399271/B                                           +0     275   
g399271/Y             NOR2X1         2  0.6   31   +29     304 R 
g402712/A                                           +0     304   
g402712/Y             INVX1          3  1.0   24   +29     333 F 
g402711/A                                           +0     333   
g402711/Y             INVX1          4  1.6   28   +27     360 R 
g398715/B                                           +0     360   
g398715/Y             NOR2X1         1  0.4   20   +24     384 F 
g403349/B                                           +0     384   
g403349/Y             NAND2X1        4  1.6   35   +27     411 R 
g402303_dup403351/A                                 +0     411   
g402303_dup403351/Y   INVX1          1  0.4   15   +26     437 F 
g403350/B                                           +0     437   
g403350/Y             NAND2X1        5  2.0   38   +28     465 R 
fopt401140/A                                        +0     465   
fopt401140/Y          INVX1          4  1.4   30   +35     500 F 
fopt401139/A                                        +0     500   
fopt401139/Y          INVX1          4  1.6   29   +30     530 R 
fopt401137/A                                        +0     530   
fopt401137/Y          INVX1          2  0.8   20   +26     556 F 
g379160/B                                           +0     556   
g379160/Y             NAND2X1        1  0.4   17   +19     575 R 
g377046/A                                           +0     575   
g377046/Y             NAND2X1        1  0.4   31   +34     610 F 
g375582/B                                           +0     610   
g375582/Y             NAND2X1        1  0.4   20   +24     633 R 
g374641/B                                           +0     633   
g374641/Y             NAND2X1        1  0.4   31   +31     664 F 
g374148__2883/A                                     +0     664   
g374148__2883/Y       NOR2X1         1  0.4   28   +36     701 R 
g373891__7482/A                                     +0     701   
g373891__7482/Y       NAND2X1        1  0.4   32   +39     740 F 
g373746__8246/B                                     +0     740   
g373746__8246/Y       NOR2X1         1  0.4   28   +31     771 R 
g373669__6161/A                                     +0     771   
g373669__6161/Y       NAND2X1        1  0.4   32   +39     810 F 
g373635__7098/A                                     +0     810   
g373635__7098/Y       NOR2X1         1  0.4   28   +37     846 R 
g373602__1617/B                                     +0     846   
g373602__1617/Y       NAND2X1        1  0.4   32   +35     881 F 
g373592__6417/B                                     +0     881   
g373592__6417/Y       NOR2X1         1  0.4   28   +31     912 R 
g373587__9945/A                                     +0     912   
g373587__9945/Y       NAND2X1        1  0.3   29   +37     950 F 
data_out_reg[1]/D     DFFRHQX1                      +0     950   
data_out_reg[1]/CK    setup                    0   +36     985 R 
- - - - - - - - - - - - - - - - - - - - - - - - - - - - - - - - -
(clock clk)           capture                              986 R 
-----------------------------------------------------------------
Cost Group   : 'clk' (path_group 'clk')
Timing slack :       1ps 
Start-point  : sp_reg[1]/CK
End-point    : data_out_reg[1]/D

path 135:

       Pin            Type     Fanout Load Slew Delay Arrival   
                                      (fF) (ps)  (ps)   (ps)    
----------------------------------------------------------------
(clock clk)          launch                                 0 R 
sp_reg[1]/CK                                  0    +0       0 R 
sp_reg[1]/Q          DFFRHQX1       3  1.2   23  +134     134 R 
g399465/A                                          +0     134   
g399465/Y            NOR2X1         4  1.4   35   +35     169 F 
g399442/A                                          +0     169   
g399442/Y            INVX1          3  1.2   24   +29     198 R 
g399392/B                                          +0     198   
g399392/Y            NOR2X1         2  0.8   25   +25     223 F 
g399357/B                                          +0     223   
g399357/Y            NOR2X1         1  0.4   27   +28     252 R 
g399271/B                                          +0     252   
g399271/Y            NOR2X1         2  0.6   25   +25     277 F 
g402712/A                                          +0     277   
g402712/Y            INVX1          3  1.0   20   +24     300 R 
g402713/A                                          +0     300   
g402713/Y            INVX1          2  0.8   19   +22     323 F 
g402715/A                                          +0     323   
g402715/Y            INVX1          3  1.0   19   +21     344 R 
g402821/B                                          +0     344   
g402821/Y            OR2X1          3  1.2   23   +45     389 R 
g393946/A                                          +0     389   
g393946/Y            INVX1          2  0.6   16   +22     410 F 
g400073/A                                          +0     410   
g400073/Y            AND2X1         2  0.8   19   +42     452 F 
fopt401321/A                                       +0     452   
fopt401321/Y         INVX1          2  0.8   17   +20     472 R 
fopt401320/A                                       +0     472   
fopt401320/Y         INVX1          4  1.6   30   +27     499 F 
g384757/B                                          +0     499   
g384757/Y            NAND2X1        1  0.4   17   +23     522 R 
g379904/A                                          +0     522   
g379904/Y            NAND2X1        1  0.4   31   +34     556 F 
g377955/B                                          +0     556   
g377955/Y            NOR2X1         1  0.4   28   +31     588 R 
g376702/B                                          +0     588   
g376702/Y            NOR2X1         1  0.4   25   +24     611 F 
g375302/B                                          +0     611   
g375302/Y            NOR2X1         1  0.4   27   +28     640 R 
g374281__1881/B                                    +0     640   
g374281__1881/Y      NAND2X1        1  0.4   32   +34     674 F 
g373960__6260/A                                    +0     674   
g373960__6260/Y      NOR2X1         1  0.4   26   +36     710 R 
g373863__7482/B                                    +0     710   
g373863__7482/Y      NAND2X1        1  0.4   32   +34     745 F 
g373727__9945/B                                    +0     745   
g373727__9945/Y      NOR2X1         1  0.4   28   +31     776 R 
g373640__4733/A                                    +0     776   
g373640__4733/Y      NAND2X1        1  0.4   32   +39     815 F 
g373611__7482/B                                    +0     815   
g373611__7482/Y      NOR2X1         1  0.4   28   +31     846 R 
g373597__4319/A                                    +0     846   
g373597__4319/Y      NAND2X1        1  0.4   32   +39     885 F 
g373589__2346/B                                    +0     885   
g373589__2346/Y      NOR2X1         1  0.4   28   +31     916 R 
g373587__9945/B                                    +0     916   
g373587__9945/Y      NAND2X1        1  0.3   29   +33     950 F 
data_out_reg[1]/D    DFFRHQX1                      +0     950   
data_out_reg[1]/CK   setup                    0   +36     985 R 
- - - - - - - - - - - - - - - - - - - - - - - - - - - - - - - - 
(clock clk)          capture                              986 R 
----------------------------------------------------------------
Cost Group   : 'clk' (path_group 'clk')
Timing slack :       1ps 
Start-point  : sp_reg[1]/CK
End-point    : data_out_reg[1]/D

path 136:

       Pin            Type     Fanout Load Slew Delay Arrival   
                                      (fF) (ps)  (ps)   (ps)    
----------------------------------------------------------------
(clock clk)          launch                                 0 R 
sp_reg[5]/CK                                  0    +0       0 R 
sp_reg[5]/Q          DFFRHQX1       3  1.2   24  +121     121 F 
g403073/A                                          +0     121   
g403073/Y            NOR2X1         3  1.2   48   +45     167 R 
g399402/B                                          +0     167   
g399402/Y            NAND2X1        1  0.4   34   +44     210 F 
g399358/B                                          +0     210   
g399358/Y            NOR2X1         2  0.8   38   +38     249 R 
g402824/B                                          +0     249   
g402824/Y            NOR2X1         2  0.8   24   +32     280 F 
g397857_dup/B                                      +0     280   
g397857_dup/Y        NOR2X1         3  0.8   37   +34     314 R 
g403358/B                                          +0     314   
g403358/Y            OR2X1          6  2.2   35   +58     373 R 
g402163/A                                          +0     373   
g402163/Y            NOR2X1         5  2.0   45   +45     418 F 
fopt402165/A                                       +0     418   
fopt402165/Y         INVX1          2  0.8   20   +31     449 R 
fopt402164/A                                       +0     449   
fopt402164/Y         INVX1          6  2.4   42   +35     484 F 
g385072/B                                          +0     484   
g385072/Y            NAND2X1        1  0.2   16   +27     511 R 
g380068/B                                          +0     511   
g380068/Y            AND2X1         1  0.4   14   +68     580 R 
g377645/B                                          +0     580   
g377645/Y            NAND2X1        1  0.4   30   +29     608 F 
g376695/B                                          +0     608   
g376695/Y            NAND2X1        1  0.4   21   +23     632 R 
g375263/B                                          +0     632   
g375263/Y            NAND2X1        1  0.4   31   +32     663 F 
g374314__9315/A                                    +0     663   
g374314__9315/Y      NOR2X1         1  0.4   28   +36     700 R 
g373975__7482/B                                    +0     700   
g373975__7482/Y      NAND2X1        1  0.4   32   +35     734 F 
g373795__5526/A                                    +0     734   
g373795__5526/Y      NOR2X1         1  0.4   28   +37     771 R 
g373691__7098/A                                    +0     771   
g373691__7098/Y      NAND2X1        1  0.4   32   +39     810 F 
g373611__7482/A                                    +0     810   
g373611__7482/Y      NOR2X1         1  0.4   28   +37     846 R 
g373597__4319/A                                    +0     846   
g373597__4319/Y      NAND2X1        1  0.4   32   +39     885 F 
g373589__2346/B                                    +0     885   
g373589__2346/Y      NOR2X1         1  0.4   28   +31     916 R 
g373587__9945/B                                    +0     916   
g373587__9945/Y      NAND2X1        1  0.3   29   +33     950 F 
data_out_reg[1]/D    DFFRHQX1                      +0     950   
data_out_reg[1]/CK   setup                    0   +36     985 R 
- - - - - - - - - - - - - - - - - - - - - - - - - - - - - - - - 
(clock clk)          capture                              986 R 
----------------------------------------------------------------
Cost Group   : 'clk' (path_group 'clk')
Timing slack :       1ps 
Start-point  : sp_reg[5]/CK
End-point    : data_out_reg[1]/D

path 137:

       Pin             Type     Fanout Load Slew Delay Arrival   
                                       (fF) (ps)  (ps)   (ps)    
-----------------------------------------------------------------
(clock clk)           launch                                 0 R 
sp_reg[5]/CK                                   0    +0       0 R 
sp_reg[5]/Q           DFFRHQX1       3  1.2   24  +121     121 F 
g399419/A                                           +0     121   
g399419/Y             NOR2X1         1  0.4   28   +34     155 R 
g399385/B                                           +0     155   
g399385/Y             NAND2X1        1  0.4   32   +35     190 F 
g399356/B                                           +0     190   
g399356/Y             NOR2X1         1  0.4   28   +31     221 R 
g399267/B                                           +0     221   
g399267/Y             NAND2X1        2  0.8   43   +41     262 F 
g397389/B                                           +0     262   
g397389/Y             XOR2X1         6  2.0   39   +83     346 F 
fopt401264/A                                        +0     346   
fopt401264/Y          INVX1          2  0.8   20   +28     374 R 
g390479/B                                           +0     374   
g390479/Y             NOR2X1         3  0.8   25   +23     397 F 
g386749_dup403368/A                                 +0     397   
g386749_dup403368/Y   AND2X1         2  0.8   19   +44     441 F 
fopt402317/A                                        +0     441   
fopt402317/Y          INVX1          2  0.8   17   +20     461 R 
fopt401194/A                                        +0     461   
fopt401194/Y          INVX1          4  1.6   30   +27     488 F 
fopt401193/A                                        +0     488   
fopt401193/Y          INVX1          4  1.6   29   +30     518 R 
fopt401192/A                                        +0     518   
fopt401192/Y          INVX1          4  1.6   32   +32     551 F 
g380629/B                                           +0     551   
g380629/Y             NAND2X1        1  0.4   17   +24     575 R 
g378045/B                                           +0     575   
g378045/Y             NAND2X1        1  0.4   31   +30     605 F 
g376440/B                                           +0     605   
g376440/Y             NOR2X1         1  0.4   28   +31     636 R 
g375335/B                                           +0     636   
g375335/Y             NOR2X1         1  0.4   21   +24     659 F 
g374540/A                                           +0     659   
g374540/Y             NOR2X1         1  0.4   27   +32     692 R 
g374098__2398/A                                     +0     692   
g374098__2398/Y       NAND2X1        1  0.4   32   +38     730 F 
g373833__1881/B                                     +0     730   
g373833__1881/Y       NOR2X1         1  0.4   28   +31     761 R 
g373711__5526/A                                     +0     761   
g373711__5526/Y       NAND2X1        1  0.4   32   +39     800 F 
g373663__7098/A                                     +0     800   
g373663__7098/Y       NOR2X1         1  0.4   28   +37     837 R 
g373619__7410/A                                     +0     837   
g373619__7410/Y       NAND2X1        1  0.4   32   +39     876 F 
g373592__6417/A                                     +0     876   
g373592__6417/Y       NOR2X1         1  0.4   28   +37     912 R 
g373587__9945/A                                     +0     912   
g373587__9945/Y       NAND2X1        1  0.3   29   +37     950 F 
data_out_reg[1]/D     DFFRHQX1                      +0     950   
data_out_reg[1]/CK    setup                    0   +36     985 R 
- - - - - - - - - - - - - - - - - - - - - - - - - - - - - - - - -
(clock clk)           capture                              986 R 
-----------------------------------------------------------------
Cost Group   : 'clk' (path_group 'clk')
Timing slack :       1ps 
Start-point  : sp_reg[5]/CK
End-point    : data_out_reg[1]/D

path 138:

       Pin            Type     Fanout Load Slew Delay Arrival   
                                      (fF) (ps)  (ps)   (ps)    
----------------------------------------------------------------
(clock clk)          launch                                 0 R 
sp_reg[3]/CK                                  0    +0       0 R 
sp_reg[3]/Q          DFFRHQX1       4  1.6   30  +125     125 F 
g403073/B                                          +0     125   
g403073/Y            NOR2X1         3  1.2   48   +42     167 R 
g399402/B                                          +0     167   
g399402/Y            NAND2X1        1  0.4   34   +44     211 F 
g399358/B                                          +0     211   
g399358/Y            NOR2X1         2  0.8   38   +38     249 R 
g402824/B                                          +0     249   
g402824/Y            NOR2X1         2  0.8   24   +32     281 F 
g397857_dup/B                                      +0     281   
g397857_dup/Y        NOR2X1         3  0.8   37   +34     315 R 
g403358/B                                          +0     315   
g403358/Y            OR2X1          6  2.2   35   +58     373 R 
g403406/B                                          +0     373   
g403406/Y            OR2X1          2  0.6   15   +46     419 R 
g403361/A                                          +0     419   
g403361/Y            INVX1          3  1.2   24   +23     442 F 
g386687/A                                          +0     442   
g386687/Y            NAND2X1        2  0.8   23   +26     468 R 
g383226/A                                          +0     468   
g383226/Y            INVX1         12  4.8   78   +56     524 F 
g379955/A                                          +0     524   
g379955/Y            NAND2X1        1  0.4   25   +47     571 R 
g377570/A                                          +0     571   
g377570/Y            NAND2X1        1  0.4   31   +38     608 F 
g376023/A                                          +0     608   
g376023/Y            NOR2X1         1  0.4   28   +36     645 R 
g374887/A                                          +0     645   
g374887/Y            NOR2X1         1  0.4   21   +29     673 F 
g374287__9945/B                                    +0     673   
g374287__9945/Y      NOR2X1         1  0.4   26   +27     700 R 
g373964__6783/B                                    +0     700   
g373964__6783/Y      NAND2X1        1  0.4   32   +34     734 F 
g373783__9945/A                                    +0     734   
g373783__9945/Y      NOR2X1         1  0.4   28   +36     771 R 
g373683__5526/A                                    +0     771   
g373683__5526/Y      NAND2X1        1  0.4   32   +39     810 F 
g373608__6131/A                                    +0     810   
g373608__6131/Y      NOR2X1         1  0.4   28   +37     846 R 
g373595__5107/A                                    +0     846   
g373595__5107/Y      NAND2X1        1  0.4   32   +39     885 F 
g373591__7410/B                                    +0     885   
g373591__7410/Y      NOR2X1         1  0.4   28   +31     916 R 
g373586__9315/B                                    +0     916   
g373586__9315/Y      NAND2X1        1  0.3   29   +33     950 F 
data_out_reg[0]/D    DFFRHQX1                      +0     950   
data_out_reg[0]/CK   setup                    0   +36     985 R 
- - - - - - - - - - - - - - - - - - - - - - - - - - - - - - - - 
(clock clk)          capture                              986 R 
----------------------------------------------------------------
Cost Group   : 'clk' (path_group 'clk')
Timing slack :       1ps 
Start-point  : sp_reg[3]/CK
End-point    : data_out_reg[0]/D

path 139:

       Pin            Type     Fanout Load Slew Delay Arrival   
                                      (fF) (ps)  (ps)   (ps)    
----------------------------------------------------------------
(clock clk)          launch                                 0 R 
sp_reg[3]/CK                                  0    +0       0 R 
sp_reg[3]/Q          DFFRHQX1       4  1.6   30  +125     125 F 
g403073/B                                          +0     125   
g403073/Y            NOR2X1         3  1.2   48   +42     167 R 
g402999_dup/A                                      +0     167   
g402999_dup/Y        NAND2X1        1  0.4   33   +47     214 F 
g403077/A                                          +0     214   
g403077/Y            NOR2X1         2  0.8   38   +43     257 R 
g399250/B                                          +0     257   
g399250/Y            NOR2X1         1  0.4   20   +29     286 F 
g398249/B                                          +0     286   
g398249/Y            NOR2X1         2  0.8   36   +32     318 R 
fopt402878/A                                       +0     318   
fopt402878/Y         INVX1          3  1.2   27   +33     351 F 
fopt403355/A                                       +0     351   
fopt403355/Y         INVX1          2  0.8   18   +23     374 R 
g397367_dup/B                                      +0     374   
g397367_dup/Y        NOR2X1         1  0.4   17   +19     393 F 
g403356/A                                          +0     393   
g403356/Y            NAND2X1        3  0.8   22   +23     416 R 
g402272/B                                          +0     416   
g402272/Y            OR2X1          5  2.0   33   +51     467 R 
g402273/A                                          +0     467   
g402273/Y            INVX1         11  4.4   73   +57     524 F 
g379970/A                                          +0     524   
g379970/Y            NAND2X1        1  0.4   24   +45     569 R 
g377575/A                                          +0     569   
g377575/Y            NAND2X1        1  0.4   31   +38     607 F 
g376032/A                                          +0     607   
g376032/Y            NAND2X1        1  0.4   19   +26     633 R 
g374892/B                                          +0     633   
g374892/Y            NAND2X1        1  0.4   31   +31     664 F 
g374287__9945/A                                    +0     664   
g374287__9945/Y      NOR2X1         1  0.4   26   +36     700 R 
g373964__6783/B                                    +0     700   
g373964__6783/Y      NAND2X1        1  0.4   32   +34     734 F 
g373783__9945/A                                    +0     734   
g373783__9945/Y      NOR2X1         1  0.4   28   +36     771 R 
g373683__5526/A                                    +0     771   
g373683__5526/Y      NAND2X1        1  0.4   32   +39     810 F 
g373608__6131/A                                    +0     810   
g373608__6131/Y      NOR2X1         1  0.4   28   +37     846 R 
g373595__5107/A                                    +0     846   
g373595__5107/Y      NAND2X1        1  0.4   32   +39     885 F 
g373591__7410/B                                    +0     885   
g373591__7410/Y      NOR2X1         1  0.4   28   +31     916 R 
g373586__9315/B                                    +0     916   
g373586__9315/Y      NAND2X1        1  0.3   29   +33     950 F 
data_out_reg[0]/D    DFFRHQX1                      +0     950   
data_out_reg[0]/CK   setup                    0   +36     985 R 
- - - - - - - - - - - - - - - - - - - - - - - - - - - - - - - - 
(clock clk)          capture                              986 R 
----------------------------------------------------------------
Cost Group   : 'clk' (path_group 'clk')
Timing slack :       1ps 
Start-point  : sp_reg[3]/CK
End-point    : data_out_reg[0]/D

path 140:

       Pin            Type     Fanout Load Slew Delay Arrival   
                                      (fF) (ps)  (ps)   (ps)    
----------------------------------------------------------------
(clock clk)          launch                                 0 R 
sp_reg[3]/CK                                  0    +0       0 R 
sp_reg[3]/Q          DFFRHQX1       4  1.6   30  +125     125 F 
g403073/B                                          +0     125   
g403073/Y            NOR2X1         3  1.2   48   +42     167 R 
g403075/A                                          +0     167   
g403075/Y            NAND2X1        1  0.4   33   +47     214 F 
g403074/B                                          +0     214   
g403074/Y            NOR2X1         2  0.8   38   +38     252 R 
g399257/B                                          +0     252   
g399257/Y            NOR2X1         1  0.4   20   +28     280 F 
g397856/B                                          +0     280   
g397856/Y            NOR2X1         4  1.0   42   +35     315 R 
g397380/B                                          +0     315   
g397380/Y            OR2X1          5  1.8   30   +57     372 R 
g393949/A                                          +0     372   
g393949/Y            INVX1          4  1.0   23   +28     401 F 
g386737/A                                          +0     401   
g386737/Y            AND2X1         4  1.6   31   +50     451 F 
fopt401080/A                                       +0     451   
fopt401080/Y         INVX1          2  0.8   18   +25     476 R 
fopt401079/A                                       +0     476   
fopt401079/Y         INVX1          4  1.6   30   +28     504 F 
fopt401078/A                                       +0     504   
fopt401078/Y         INVX1          2  0.8   18   +25     528 R 
fopt401077/A                                       +0     528   
fopt401077/Y         INVX1          4  1.6   30   +28     556 F 
g380839/B                                          +0     556   
g380839/Y            NAND2X1        1  0.4   17   +23     579 R 
g378164/A                                          +0     579   
g378164/Y            NAND2X1        1  0.4   31   +34     614 F 
g376550/B                                          +0     614   
g376550/Y            NOR2X1         1  0.4   28   +31     644 R 
g375176/B                                          +0     644   
g375176/Y            NOR2X1         1  0.4   20   +24     668 F 
g374443__2802/A                                    +0     668   
g374443__2802/Y      NOR2X1         1  0.4   27   +32     700 R 
g374056__6131/A                                    +0     700   
g374056__6131/Y      NAND2X1        1  0.4   32   +39     739 F 
g373825__3680/A                                    +0     739   
g373825__3680/Y      NOR2X1         1  0.4   28   +36     775 R 
g373694__5115/B                                    +0     775   
g373694__5115/Y      NAND2X1        1  0.4   32   +35     810 F 
g373634__8246/A                                    +0     810   
g373634__8246/Y      NOR2X1         1  0.4   26   +37     847 R 
g373607__7098/B                                    +0     847   
g373607__7098/Y      NAND2X1        1  0.4   32   +34     881 F 
g373596__6260/B                                    +0     881   
g373596__6260/Y      NOR2X1         1  0.4   28   +31     912 R 
g373586__9315/A                                    +0     912   
g373586__9315/Y      NAND2X1        1  0.3   29   +37     950 F 
data_out_reg[0]/D    DFFRHQX1                      +0     950   
data_out_reg[0]/CK   setup                    0   +36     985 R 
- - - - - - - - - - - - - - - - - - - - - - - - - - - - - - - - 
(clock clk)          capture                              986 R 
----------------------------------------------------------------
Cost Group   : 'clk' (path_group 'clk')
Timing slack :       1ps 
Start-point  : sp_reg[3]/CK
End-point    : data_out_reg[0]/D

path 141:

       Pin            Type     Fanout Load Slew Delay Arrival   
                                      (fF) (ps)  (ps)   (ps)    
----------------------------------------------------------------
(clock clk)          launch                                 0 R 
sp_reg[1]/CK                                  0    +0       0 R 
sp_reg[1]/Q          DFFRHQX1       3  1.2   23  +134     134 R 
g399465/A                                          +0     134   
g399465/Y            NOR2X1         4  1.4   35   +35     169 F 
g399442/A                                          +0     169   
g399442/Y            INVX1          3  1.2   24   +29     198 R 
g399407/B                                          +0     198   
g399407/Y            NOR2X1         2  0.8   25   +25     223 F 
g399370/B                                          +0     223   
g399370/Y            NOR2X1         1  0.4   27   +28     252 R 
fopt401613/A                                       +0     252   
fopt401613/Y         INVX1          2  0.6   17   +24     275 F 
fopt401612/A                                       +0     275   
fopt401612/Y         INVX1          5  1.6   27   +24     300 R 
fopt401611/A                                       +0     300   
fopt401611/Y         INVX1          2  0.8   20   +25     325 F 
fopt401610/A                                       +0     325   
fopt401610/Y         INVX1          1  0.4   12   +17     342 R 
g402719/A                                          +0     342   
g402719/Y            NOR2X1         1  0.4   19   +21     364 F 
g390485/B                                          +0     364   
g390485/Y            NAND2X1        4  0.8   25   +21     385 R 
g400068/B                                          +0     385   
g400068/Y            OR2X1          2  0.8   17   +44     429 R 
fopt402380/A                                       +0     429   
fopt402380/Y         INVX1          2  0.8   19   +21     450 F 
fopt402370/A                                       +0     450   
fopt402370/Y         INVX1          2  0.8   17   +19     469 R 
fopt402369/A                                       +0     469   
fopt402369/Y         INVX1          4  1.4   27   +26     495 F 
fopt402368/A                                       +0     495   
fopt402368/Y         INVX1          3  1.2   23   +26     521 R 
fopt402363/A                                       +0     521   
fopt402363/Y         INVX1          4  1.6   31   +30     551 F 
g380457/B                                          +0     551   
g380457/Y            NAND2X1        1  0.4   17   +24     574 R 
g377923/B                                          +0     574   
g377923/Y            NAND2X1        1  0.4   31   +30     604 F 
g376340/B                                          +0     604   
g376340/Y            NAND2X1        1  0.4   21   +24     628 R 
g375066/A                                          +0     628   
g375066/Y            NAND2X1        1  0.4   32   +36     664 F 
g374386__1617/B                                    +0     664   
g374386__1617/Y      NOR2X1         1  0.4   28   +31     695 R 
g374021__3680/A                                    +0     695   
g374021__3680/Y      NAND2X1        1  0.4   32   +39     734 F 
g373815__7410/B                                    +0     734   
g373815__7410/Y      NOR2X1         1  0.4   28   +31     766 R 
g373701__2346/B                                    +0     766   
g373701__2346/Y      NAND2X1        1  0.4   32   +35     800 F 
g373639__7482/A                                    +0     800   
g373639__7482/Y      NOR2X1         1  0.4   28   +37     837 R 
g373618__1666/A                                    +0     837   
g373618__1666/Y      NAND2X1        1  0.4   32   +39     876 F 
g373596__6260/A                                    +0     876   
g373596__6260/Y      NOR2X1         1  0.4   28   +37     912 R 
g373586__9315/A                                    +0     912   
g373586__9315/Y      NAND2X1        1  0.3   29   +37     950 F 
data_out_reg[0]/D    DFFRHQX1                      +0     950   
data_out_reg[0]/CK   setup                    0   +36     985 R 
- - - - - - - - - - - - - - - - - - - - - - - - - - - - - - - - 
(clock clk)          capture                              986 R 
----------------------------------------------------------------
Cost Group   : 'clk' (path_group 'clk')
Timing slack :       1ps 
Start-point  : sp_reg[1]/CK
End-point    : data_out_reg[0]/D

path 142:

       Pin            Type     Fanout Load Slew Delay Arrival   
                                      (fF) (ps)  (ps)   (ps)    
----------------------------------------------------------------
(clock clk)          launch                                 0 R 
sp_reg[5]/CK                                  0    +0       0 R 
sp_reg[5]/Q          DFFRHQX1       3  1.2   24  +121     121 F 
g403073/A                                          +0     121   
g403073/Y            NOR2X1         3  1.2   48   +45     167 R 
g399402/B                                          +0     167   
g399402/Y            NAND2X1        1  0.4   34   +44     210 F 
g399358/B                                          +0     210   
g399358/Y            NOR2X1         2  0.8   38   +38     249 R 
g402824/B                                          +0     249   
g402824/Y            NOR2X1         2  0.8   24   +32     280 F 
g397857_dup/B                                      +0     280   
g397857_dup/Y        NOR2X1         3  0.8   37   +34     314 R 
g403358/B                                          +0     314   
g403358/Y            OR2X1          6  2.2   35   +58     373 R 
g402163/A                                          +0     373   
g402163/Y            NOR2X1         5  2.0   45   +45     418 F 
fopt402165/A                                       +0     418   
fopt402165/Y         INVX1          2  0.8   20   +31     449 R 
fopt402164/A                                       +0     449   
fopt402164/Y         INVX1          6  2.4   42   +35     484 F 
g385063/B                                          +0     484   
g385063/Y            NAND2X1        1  0.2   16   +27     511 R 
g379790/B                                          +0     511   
g379790/Y            AND2X1         1  0.4   14   +68     580 R 
g377452/B                                          +0     580   
g377452/Y            NAND2X1        1  0.4   30   +29     608 F 
g376693/B                                          +0     608   
g376693/Y            NAND2X1        1  0.4   21   +23     632 R 
g375261/B                                          +0     632   
g375261/Y            NAND2X1        1  0.4   31   +32     663 F 
g374257__6161/A                                    +0     663   
g374257__6161/Y      NOR2X1         1  0.4   28   +36     700 R 
g373947__7482/A                                    +0     700   
g373947__7482/Y      NAND2X1        1  0.4   32   +39     738 F 
g373779__7482/A                                    +0     738   
g373779__7482/Y      NOR2X1         1  0.4   28   +37     775 R 
g373683__5526/B                                    +0     775   
g373683__5526/Y      NAND2X1        1  0.4   32   +35     810 F 
g373608__6131/A                                    +0     810   
g373608__6131/Y      NOR2X1         1  0.4   28   +37     846 R 
g373595__5107/A                                    +0     846   
g373595__5107/Y      NAND2X1        1  0.4   32   +39     885 F 
g373591__7410/B                                    +0     885   
g373591__7410/Y      NOR2X1         1  0.4   28   +31     916 R 
g373586__9315/B                                    +0     916   
g373586__9315/Y      NAND2X1        1  0.3   29   +33     950 F 
data_out_reg[0]/D    DFFRHQX1                      +0     950   
data_out_reg[0]/CK   setup                    0   +36     985 R 
- - - - - - - - - - - - - - - - - - - - - - - - - - - - - - - - 
(clock clk)          capture                              986 R 
----------------------------------------------------------------
Cost Group   : 'clk' (path_group 'clk')
Timing slack :       1ps 
Start-point  : sp_reg[5]/CK
End-point    : data_out_reg[0]/D

path 143:

       Pin            Type     Fanout Load Slew Delay Arrival   
                                      (fF) (ps)  (ps)   (ps)    
----------------------------------------------------------------
(clock clk)          launch                                 0 R 
sp_reg[5]/CK                                  0    +0       0 R 
sp_reg[5]/Q          DFFRHQX1       3  1.2   24  +121     121 F 
g399419/A                                          +0     121   
g399419/Y            NOR2X1         1  0.4   28   +34     155 R 
g399385/B                                          +0     155   
g399385/Y            NAND2X1        1  0.4   32   +35     190 F 
g399356/B                                          +0     190   
g399356/Y            NOR2X1         1  0.4   28   +31     221 R 
g399267/B                                          +0     221   
g399267/Y            NAND2X1        2  0.8   43   +41     262 F 
g397389/B                                          +0     262   
g397389/Y            XOR2X1         6  2.0   35   +87     349 R 
g390488/B                                          +0     349   
g390488/Y            OR2X1          5  1.8   30   +55     404 R 
g386671/B                                          +0     404   
g386671/Y            NOR2X1         4  1.2   33   +31     435 F 
g381130/A                                          +0     435   
g381130/Y            AND2X1        10  3.6   60   +69     504 F 
g379754/A                                          +0     504   
g379754/Y            INVX1          8  3.2   53   +54     559 R 
g377203/A                                          +0     559   
g377203/Y            NOR2X1         1  0.4   24   +40     599 F 
g375723/A                                          +0     599   
g375723/Y            NOR2X1         1  0.4   26   +34     633 R 
g374716/B                                          +0     633   
g374716/Y            NAND2X1        1  0.4   32   +34     667 F 
g374190__1617/B                                    +0     667   
g374190__1617/Y      NOR2X1         1  0.4   28   +31     698 R 
g373909__3680/B                                    +0     698   
g373909__3680/Y      NAND2X1        1  0.4   32   +35     733 F 
g373755__9945/A                                    +0     733   
g373755__9945/Y      NOR2X1         1  0.4   28   +37     770 R 
g373668__4733/B                                    +0     770   
g373668__4733/Y      NAND2X1        1  0.4   32   +35     804 F 
g373623__5107/A                                    +0     804   
g373623__5107/Y      NOR2X1         1  0.4   28   +37     841 R 
g373601__3680/A                                    +0     841   
g373601__3680/Y      NAND2X1        1  0.4   32   +39     880 F 
g373591__7410/A                                    +0     880   
g373591__7410/Y      NOR2X1         1  0.4   28   +37     916 R 
g373586__9315/B                                    +0     916   
g373586__9315/Y      NAND2X1        1  0.3   29   +33     950 F 
data_out_reg[0]/D    DFFRHQX1                      +0     950   
data_out_reg[0]/CK   setup                    0   +36     985 R 
- - - - - - - - - - - - - - - - - - - - - - - - - - - - - - - - 
(clock clk)          capture                              986 R 
----------------------------------------------------------------
Cost Group   : 'clk' (path_group 'clk')
Timing slack :       1ps 
Start-point  : sp_reg[5]/CK
End-point    : data_out_reg[0]/D

path 144:

       Pin            Type     Fanout Load Slew Delay Arrival   
                                      (fF) (ps)  (ps)   (ps)    
----------------------------------------------------------------
(clock clk)          launch                                 0 R 
sp_reg[0]/CK                                  0    +0       0 R 
sp_reg[0]/Q          DFFRHQX1       4  1.6   30  +125     125 F 
g399465/B                                          +0     125   
g399465/Y            NOR2X1         4  1.4   53   +45     170 R 
g399442/A                                          +0     170   
g399442/Y            INVX1          3  1.2   29   +40     210 F 
g403074/A                                          +0     210   
g403074/Y            NOR2X1         2  0.8   38   +42     252 R 
g399257/B                                          +0     252   
g399257/Y            NOR2X1         1  0.4   20   +28     280 F 
g397856/B                                          +0     280   
g397856/Y            NOR2X1         4  1.0   42   +35     315 R 
g397380/B                                          +0     315   
g397380/Y            OR2X1          5  1.8   30   +57     372 R 
g393949/A                                          +0     372   
g393949/Y            INVX1          4  1.0   23   +28     400 F 
g386737/A                                          +0     400   
g386737/Y            AND2X1         4  1.6   31   +50     451 F 
fopt401080/A                                       +0     451   
fopt401080/Y         INVX1          2  0.8   18   +25     475 R 
fopt401079/A                                       +0     475   
fopt401079/Y         INVX1          4  1.6   30   +28     503 F 
fopt401075/A                                       +0     503   
fopt401075/Y         INVX1          4  1.6   29   +30     534 R 
fopt401072/A                                       +0     534   
fopt401072/Y         INVX1          2  0.8   20   +26     560 F 
g379652/B                                          +0     560   
g379652/Y            NAND2X1        1  0.4   17   +19     578 R 
g377376/B                                          +0     578   
g377376/Y            NAND2X1        1  0.4   31   +30     608 F 
g375863/B                                          +0     608   
g375863/Y            NOR2X1         1  0.4   28   +31     639 R 
g374798/B                                          +0     639   
g374798/Y            NOR2X1         1  0.4   23   +24     663 F 
g374498__1617/A                                    +0     663   
g374498__1617/Y      NOR2X1         1  0.4   27   +33     696 R 
g374089__6161/A                                    +0     696   
g374089__6161/Y      NAND2X1        1  0.4   31   +38     735 F 
g373776__6131/A                                    +0     735   
g373776__6131/Y      NOR2X1         1  0.4   28   +36     771 R 
g373685__3680/B                                    +0     771   
g373685__3680/Y      NAND2X1        1  0.4   32   +35     806 F 
g373637__1881/A                                    +0     806   
g373637__1881/Y      NOR2X1         1  0.4   28   +37     842 R 
g373609__1881/A                                    +0     842   
g373609__1881/Y      NAND2X1        1  0.4   32   +39     881 F 
g373594__2398/B                                    +0     881   
g373594__2398/Y      NOR2X1         1  0.4   28   +31     912 R 
g373585__6161/A                                    +0     912   
g373585__6161/Y      NAND2X1        1  0.3   29   +37     950 F 
data_out_reg[3]/D    DFFRHQX1                      +0     950   
data_out_reg[3]/CK   setup                    0   +36     985 R 
- - - - - - - - - - - - - - - - - - - - - - - - - - - - - - - - 
(clock clk)          capture                              986 R 
----------------------------------------------------------------
Cost Group   : 'clk' (path_group 'clk')
Timing slack :       1ps 
Start-point  : sp_reg[0]/CK
End-point    : data_out_reg[3]/D

path 145:

       Pin            Type     Fanout Load Slew Delay Arrival   
                                      (fF) (ps)  (ps)   (ps)    
----------------------------------------------------------------
(clock clk)          launch                                 0 R 
sp_reg[5]/CK                                  0    +0       0 R 
sp_reg[5]/Q          DFFRHQX1       3  1.2   24  +121     121 F 
g403073/A                                          +0     121   
g403073/Y            NOR2X1         3  1.2   48   +45     167 R 
g399402/B                                          +0     167   
g399402/Y            NAND2X1        1  0.4   34   +44     210 F 
g399358/B                                          +0     210   
g399358/Y            NOR2X1         2  0.8   38   +38     249 R 
g402824/B                                          +0     249   
g402824/Y            NOR2X1         2  0.8   24   +32     280 F 
g397857_dup/B                                      +0     280   
g397857_dup/Y        NOR2X1         3  0.8   37   +34     314 R 
g402828/B                                          +0     314   
g402828/Y            OR2X1          2  0.6   15   +47     361 R 
fopt403316/A                                       +0     361   
fopt403316/Y         INVX1          2  0.8   18   +20     381 F 
fopt403318/A                                       +0     381   
fopt403318/Y         INVX1          3  1.0   19   +21     402 R 
g403320/B                                          +0     402   
g403320/Y            NOR2X1         4  1.6   38   +30     432 F 
fopt403217/A                                       +0     432   
fopt403217/Y         INVX1          4  1.6   30   +34     465 R 
fopt403210/A                                       +0     465   
fopt403210/Y         INVX1          3  1.2   26   +30     495 F 
g384839/B                                          +0     495   
g384839/Y            NAND2X1        1  0.4   17   +22     516 R 
g380044/B                                          +0     516   
g380044/Y            NAND2X1        1  0.2   25   +27     543 F 
g377634/A                                          +0     543   
g377634/Y            OR2X1          1  0.4   15   +68     611 F 
g376087/B                                          +0     611   
g376087/Y            NAND2X1        1  0.4   20   +17     628 R 
g375262/A                                          +0     628   
g375262/Y            NAND2X1        1  0.4   31   +35     663 F 
g374307__7098/A                                    +0     663   
g374307__7098/Y      NOR2X1         1  0.4   28   +36     699 R 
g374094__1666/B                                    +0     699   
g374094__1666/Y      NAND2X1        1  0.4   32   +35     734 F 
g373793__4319/A                                    +0     734   
g373793__4319/Y      NOR2X1         1  0.4   28   +37     771 R 
g373692__6131/A                                    +0     771   
g373692__6131/Y      NAND2X1        1  0.4   32   +39     810 F 
g373620__6417/A                                    +0     810   
g373620__6417/Y      NOR2X1         1  0.4   28   +37     846 R 
g373599__5526/A                                    +0     846   
g373599__5526/Y      NAND2X1        1  0.4   32   +39     885 F 
g373590__1666/B                                    +0     885   
g373590__1666/Y      NOR2X1         1  0.4   28   +31     916 R 
g373585__6161/B                                    +0     916   
g373585__6161/Y      NAND2X1        1  0.3   29   +33     950 F 
data_out_reg[3]/D    DFFRHQX1                      +0     950   
data_out_reg[3]/CK   setup                    0   +36     985 R 
- - - - - - - - - - - - - - - - - - - - - - - - - - - - - - - - 
(clock clk)          capture                              986 R 
----------------------------------------------------------------
Cost Group   : 'clk' (path_group 'clk')
Timing slack :       1ps 
Start-point  : sp_reg[5]/CK
End-point    : data_out_reg[3]/D

path 146:

       Pin            Type     Fanout Load Slew Delay Arrival   
                                      (fF) (ps)  (ps)   (ps)    
----------------------------------------------------------------
(clock clk)          launch                                 0 R 
sp_reg[5]/CK                                  0    +0       0 R 
sp_reg[5]/Q          DFFRHQX1       3  1.2   24  +121     121 F 
g399419/A                                          +0     121   
g399419/Y            NOR2X1         1  0.4   28   +34     155 R 
g399385/B                                          +0     155   
g399385/Y            NAND2X1        1  0.4   32   +35     190 F 
g399356/B                                          +0     190   
g399356/Y            NOR2X1         1  0.4   28   +31     221 R 
g399267/B                                          +0     221   
g399267/Y            NAND2X1        2  0.8   43   +41     262 F 
g397389/B                                          +0     262   
g397389/Y            XOR2X1         6  2.0   35   +87     349 R 
fopt401263/A                                       +0     349   
fopt401263/Y         INVX1          2  0.8   21   +29     378 F 
g390487/B                                          +0     378   
g390487/Y            NAND2X1        2  0.8   23   +22     400 R 
g388509/A                                          +0     400   
g388509/Y            INVX1          4  1.0   22   +25     426 F 
g386735/A                                          +0     426   
g386735/Y            AND2X1         6  2.4   43   +56     482 F 
fopt401234/A                                       +0     482   
fopt401234/Y         INVX1          5  2.0   35   +38     520 R 
fopt401231/A                                       +0     520   
fopt401231/Y         INVX1          5  2.0   39   +39     559 F 
fopt401230/A                                       +0     559   
fopt401230/Y         INVX1          1  0.4   14   +25     585 R 
g381099/B                                          +0     585   
g381099/Y            NOR2X1         4  1.6   37   +27     612 F 
g377113/B                                          +0     612   
g377113/Y            NAND2X1        1  0.4   17   +26     638 R 
g375636/B                                          +0     638   
g375636/Y            NAND2X1        1  0.4   31   +30     668 F 
g374673/A                                          +0     668   
g374673/Y            NOR2X1         1  0.2   23   +33     702 R 
g373903__5107/B                                    +0     702   
g373903__5107/Y      AND2X1         1  0.4   14   +71     773 R 
g373672__2883/A                                    +0     773   
g373672__2883/Y      NAND2X1        1  0.4   32   +33     806 F 
g373630__1617/B                                    +0     806   
g373630__1617/Y      NOR2X1         1  0.4   28   +31     837 R 
g373606__8246/A                                    +0     837   
g373606__8246/Y      NAND2X1        1  0.4   32   +39     876 F 
g373594__2398/A                                    +0     876   
g373594__2398/Y      NOR2X1         1  0.4   28   +37     912 R 
g373585__6161/A                                    +0     912   
g373585__6161/Y      NAND2X1        1  0.3   29   +37     950 F 
data_out_reg[3]/D    DFFRHQX1                      +0     950   
data_out_reg[3]/CK   setup                    0   +36     985 R 
- - - - - - - - - - - - - - - - - - - - - - - - - - - - - - - - 
(clock clk)          capture                              986 R 
----------------------------------------------------------------
Cost Group   : 'clk' (path_group 'clk')
Timing slack :       1ps 
Start-point  : sp_reg[5]/CK
End-point    : data_out_reg[3]/D

path 147:

       Pin            Type     Fanout Load Slew Delay Arrival   
                                      (fF) (ps)  (ps)   (ps)    
----------------------------------------------------------------
(clock clk)          launch                                 0 R 
sp_reg[1]/CK                                  0    +0       0 R 
sp_reg[1]/Q          DFFRHQX1       3  1.2   24  +121     121 F 
g399465/A                                          +0     121   
g399465/Y            NOR2X1         4  1.4   53   +48     170 R 
g399442/A                                          +0     170   
g399442/Y            INVX1          3  1.2   29   +40     210 F 
g399392/B                                          +0     210   
g399392/Y            NOR2X1         2  0.8   38   +36     246 R 
g399357/B                                          +0     246   
g399357/Y            NOR2X1         1  0.4   20   +28     275 F 
g399271/B                                          +0     275   
g399271/Y            NOR2X1         2  0.6   31   +29     304 R 
g402712/A                                          +0     304   
g402712/Y            INVX1          3  1.0   24   +29     333 F 
g402711/A                                          +0     333   
g402711/Y            INVX1          4  1.6   28   +27     360 R 
g403009/A                                          +0     360   
g403009/Y            INVX1          2  0.8   20   +26     386 F 
g402716_dup/A                                      +0     386   
g402716_dup/Y        INVX1          2  0.8   17   +20     406 R 
g403011/A                                          +0     406   
g403011/Y            NAND2X1        2  0.8   42   +41     446 F 
g397368/A                                          +0     446   
g397368/Y            NOR2X1         2  0.6   32   +44     490 R 
g2/B                                               +0     490   
g2/Y                 AND2X1         4  1.6   29   +83     573 R 
fopt400946/A                                       +0     573   
fopt400946/Y         INVX1          1  0.4   14   +23     596 F 
fopt400945/A                                       +0     596   
fopt400945/Y         INVX1          8  2.4   37   +29     625 R 
g380919/A                                          +0     625   
g380919/Y            AND2X1         1  0.4   14   +71     695 R 
g378228/A                                          +0     695   
g378228/Y            NOR2X1         1  0.4   19   +22     718 F 
g376597/B                                          +0     718   
g376597/Y            NAND2X1        1  0.4   19   +18     736 R 
g375323/A                                          +0     736   
g375323/Y            NAND2X1        1  0.4   34   +35     771 F 
g374067__7410/B                                    +0     771   
g374067__7410/Y      NAND2X1        1  0.4   17   +25     796 R 
g373846__2398/A                                    +0     796   
g373846__2398/Y      NOR2X1         1  0.4   19   +24     820 F 
g373657__3680/A                                    +0     820   
g373657__3680/Y      NAND2X1        1  0.4   17   +21     841 R 
g373622__2398/A                                    +0     841   
g373622__2398/Y      NOR2X1         1  0.4   19   +24     865 F 
g373603__2802/B                                    +0     865   
g373603__2802/Y      NAND2X1        1  0.4   17   +19     883 R 
g373593__5477/A                                    +0     883   
g373593__5477/Y      NOR2X1         1  0.4   19   +24     907 F 
g373588__2883/B                                    +0     907   
g373588__2883/Y      NAND2X1        1  0.3   16   +18     925 R 
data_out_reg[2]/D    DFFRHQX1                      +0     925   
data_out_reg[2]/CK   setup                    0   +60     985 R 
- - - - - - - - - - - - - - - - - - - - - - - - - - - - - - - - 
(clock clk)          capture                              986 R 
----------------------------------------------------------------
Cost Group   : 'clk' (path_group 'clk')
Timing slack :       1ps 
Start-point  : sp_reg[1]/CK
End-point    : data_out_reg[2]/D

path 148:

       Pin            Type     Fanout Load Slew Delay Arrival   
                                      (fF) (ps)  (ps)   (ps)    
----------------------------------------------------------------
(clock clk)          launch                                 0 R 
sp_reg[7]/CK                                  0    +0       0 R 
sp_reg[7]/Q          DFFRHQX1       4  1.6   30  +125     125 F 
g399419/B                                          +0     125   
g399419/Y            NOR2X1         1  0.4   28   +31     155 R 
g399385/B                                          +0     155   
g399385/Y            NAND2X1        1  0.4   32   +35     190 F 
g399356/B                                          +0     190   
g399356/Y            NOR2X1         1  0.4   28   +31     221 R 
g399267/B                                          +0     221   
g399267/Y            NAND2X1        2  0.8   43   +41     262 F 
g397389/B                                          +0     262   
g397389/Y            XOR2X1         6  2.0   39   +83     346 F 
fopt401264/A                                       +0     346   
fopt401264/Y         INVX1          2  0.8   20   +28     374 R 
g390483/B                                          +0     374   
g390483/Y            NOR2X1         3  0.8   25   +23     397 F 
g402687/B                                          +0     397   
g402687/Y            AND2X1         3  1.2   25   +51     448 F 
fopt402252/A                                       +0     448   
fopt402252/Y         INVX1          4  1.6   28   +28     476 R 
fopt401746/A                                       +0     476   
fopt401746/Y         INVX1          2  0.8   20   +26     502 F 
fopt402632/A                                       +0     502   
fopt402632/Y         INVX1          2  0.8   17   +20     522 R 
fopt402635/A                                       +0     522   
fopt402635/Y         INVX1          3  1.2   24   +24     546 F 
g402637/B                                          +0     546   
g402637/Y            NAND2X1        1  0.4   17   +21     567 R 
g378134/B                                          +0     567   
g378134/Y            NAND2X1        1  0.4   31   +30     597 F 
g376519/B                                          +0     597   
g376519/Y            NAND2X1        1  0.4   24   +24     620 R 
g375162/A                                          +0     620   
g375162/Y            NAND2X1        1  0.4   31   +38     658 F 
g374445__5122/A                                    +0     658   
g374445__5122/Y      NOR2X1         1  0.4   28   +36     694 R 
g374055__7098/B                                    +0     694   
g374055__7098/Y      NAND2X1        1  0.4   32   +35     729 F 
g373804__6131/A                                    +0     729   
g373804__6131/Y      NOR2X1         1  0.4   28   +37     765 R 
g373716__1705/B                                    +0     765   
g373716__1705/Y      NAND2X1        1  0.4   32   +35     800 F 
g373645__2346/A                                    +0     800   
g373645__2346/Y      NOR2X1         1  0.4   28   +37     837 R 
g373615__9945/A                                    +0     837   
g373615__9945/Y      NAND2X1        1  0.4   32   +39     876 F 
g373600__6783/A                                    +0     876   
g373600__6783/Y      NOR2X1         1  0.4   28   +37     912 R 
g373588__2883/A                                    +0     912   
g373588__2883/Y      NAND2X1        1  0.3   29   +37     950 F 
data_out_reg[2]/D    DFFRHQX1                      +0     950   
data_out_reg[2]/CK   setup                    0   +36     985 R 
- - - - - - - - - - - - - - - - - - - - - - - - - - - - - - - - 
(clock clk)          capture                              986 R 
----------------------------------------------------------------
Cost Group   : 'clk' (path_group 'clk')
Timing slack :       1ps 
Start-point  : sp_reg[7]/CK
End-point    : data_out_reg[2]/D

path 149:

       Pin            Type     Fanout Load Slew Delay Arrival   
                                      (fF) (ps)  (ps)   (ps)    
----------------------------------------------------------------
(clock clk)          launch                                 0 R 
sp_reg[2]/CK                                  0    +0       0 R 
sp_reg[2]/Q          DFFRHQX1       5  2.0   36  +128     128 F 
g399463/B                                          +0     128   
g399463/Y            NOR2X1         2  0.8   38   +39     167 R 
g399402/A                                          +0     167   
g399402/Y            NAND2X1        1  0.4   34   +43     210 F 
g399358/B                                          +0     210   
g399358/Y            NOR2X1         2  0.8   38   +38     248 R 
g402824/B                                          +0     248   
g402824/Y            NOR2X1         2  0.8   24   +32     280 F 
g397857_dup/B                                      +0     280   
g397857_dup/Y        NOR2X1         3  0.8   37   +34     314 R 
g402828/B                                          +0     314   
g402828/Y            OR2X1          2  0.6   15   +47     361 R 
fopt403316/A                                       +0     361   
fopt403316/Y         INVX1          2  0.8   18   +20     381 F 
fopt403315/A                                       +0     381   
fopt403315/Y         INVX1          2  0.8   17   +19     400 R 
g403314/B                                          +0     400   
g403314/Y            NOR2X1         5  2.0   44   +32     432 F 
fopt400480/A                                       +0     432   
fopt400480/Y         INVX1          2  0.8   20   +31     462 R 
fopt400479/A                                       +0     462   
fopt400479/Y         INVX1          5  2.0   36   +32     494 F 
fopt400478/A                                       +0     494   
fopt400478/Y         INVX1          4  1.6   30   +33     527 R 
fopt400477/A                                       +0     527   
fopt400477/Y         INVX1          4  1.6   32   +33     560 F 
g385010/B                                          +0     560   
g385010/Y            NAND2X1        1  0.4   17   +24     584 R 
g380487/B                                          +0     584   
g380487/Y            NAND2X1        1  0.4   31   +30     614 F 
g377942/B                                          +0     614   
g377942/Y            NAND2X1        1  0.4   26   +24     638 R 
g376362/B                                          +0     638   
g376362/Y            NAND2X1        1  0.4   32   +34     672 F 
g375082/A                                          +0     672   
g375082/Y            NOR2X1         1  0.4   28   +36     709 R 
g374393__1881/B                                    +0     709   
g374393__1881/Y      NAND2X1        1  0.4   32   +35     744 F 
g373823__5526/B                                    +0     744   
g373823__5526/Y      NOR2X1         1  0.4   28   +31     775 R 
g373709__4319/B                                    +0     775   
g373709__4319/Y      NAND2X1        1  0.4   32   +35     810 F 
g373650__2398/A                                    +0     810   
g373650__2398/Y      NOR2X1         1  0.4   28   +37     846 R 
g373617__2346/B                                    +0     846   
g373617__2346/Y      NAND2X1        1  0.4   32   +35     881 F 
g373600__6783/B                                    +0     881   
g373600__6783/Y      NOR2X1         1  0.4   28   +31     912 R 
g373588__2883/A                                    +0     912   
g373588__2883/Y      NAND2X1        1  0.3   29   +37     950 F 
data_out_reg[2]/D    DFFRHQX1                      +0     950   
data_out_reg[2]/CK   setup                    0   +36     985 R 
- - - - - - - - - - - - - - - - - - - - - - - - - - - - - - - - 
(clock clk)          capture                              986 R 
----------------------------------------------------------------
Cost Group   : 'clk' (path_group 'clk')
Timing slack :       1ps 
Start-point  : sp_reg[2]/CK
End-point    : data_out_reg[2]/D

path 150:

       Pin            Type     Fanout Load Slew Delay Arrival   
                                      (fF) (ps)  (ps)   (ps)    
----------------------------------------------------------------
(clock clk)          launch                                 0 R 
sp_reg[5]/CK                                  0    +0       0 R 
sp_reg[5]/Q          DFFRHQX1       3  1.2   24  +121     121 F 
g399419/A                                          +0     121   
g399419/Y            NOR2X1         1  0.4   28   +34     155 R 
g399385/B                                          +0     155   
g399385/Y            NAND2X1        1  0.4   32   +35     190 F 
g399356/B                                          +0     190   
g399356/Y            NOR2X1         1  0.4   28   +31     221 R 
g399267/B                                          +0     221   
g399267/Y            NAND2X1        2  0.8   43   +41     262 F 
g397389/B                                          +0     262   
g397389/Y            XOR2X1         6  2.0   39   +83     346 F 
fopt401264/A                                       +0     346   
fopt401264/Y         INVX1          2  0.8   20   +28     374 R 
g390483/B                                          +0     374   
g390483/Y            NOR2X1         3  0.8   25   +23     397 F 
g386737/B                                          +0     397   
g386737/Y            AND2X1         4  1.6   31   +54     451 F 
fopt401090/A                                       +0     451   
fopt401090/Y         INVX1          4  1.6   29   +30     482 R 
fopt401086/A                                       +0     482   
fopt401086/Y         INVX1          2  0.8   20   +26     508 F 
fopt401085/A                                       +0     508   
fopt401085/Y         INVX1          4  1.6   27   +26     534 R 
fopt401082/A                                       +0     534   
fopt401082/Y         INVX1          2  0.8   20   +26     559 F 
g380604/B                                          +0     559   
g380604/Y            NAND2X1        1  0.4   17   +19     578 R 
g378030/A                                          +0     578   
g378030/Y            NAND2X1        1  0.4   31   +34     612 F 
g376423/B                                          +0     612   
g376423/Y            NOR2X1         1  0.4   28   +31     643 R 
g375363/B                                          +0     643   
g375363/Y            NOR2X1         1  0.4   22   +24     667 F 
g374415__2802/A                                    +0     667   
g374415__2802/Y      NOR2X1         1  0.4   28   +33     700 R 
g374036__2883/A                                    +0     700   
g374036__2883/Y      NAND2X1        1  0.4   31   +39     738 F 
g373830__8246/B                                    +0     738   
g373830__8246/Y      NOR2X1         1  0.4   28   +31     770 R 
g373712__6783/B                                    +0     770   
g373712__6783/Y      NAND2X1        1  0.4   32   +35     804 F 
g373652__6260/A                                    +0     804   
g373652__6260/Y      NOR2X1         1  0.4   28   +37     841 R 
g373615__9945/B                                    +0     841   
g373615__9945/Y      NAND2X1        1  0.4   32   +35     876 F 
g373600__6783/A                                    +0     876   
g373600__6783/Y      NOR2X1         1  0.4   28   +37     912 R 
g373588__2883/A                                    +0     912   
g373588__2883/Y      NAND2X1        1  0.3   29   +37     950 F 
data_out_reg[2]/D    DFFRHQX1                      +0     950   
data_out_reg[2]/CK   setup                    0   +36     985 R 
- - - - - - - - - - - - - - - - - - - - - - - - - - - - - - - - 
(clock clk)          capture                              986 R 
----------------------------------------------------------------
Cost Group   : 'clk' (path_group 'clk')
Timing slack :       1ps 
Start-point  : sp_reg[5]/CK
End-point    : data_out_reg[2]/D

path 151:

       Pin            Type     Fanout Load Slew Delay Arrival   
                                      (fF) (ps)  (ps)   (ps)    
----------------------------------------------------------------
(clock clk)          launch                                 0 R 
sp_reg[0]/CK                                  0    +0       0 R 
sp_reg[0]/Q          DFFRHQX1       4  1.6   30  +125     125 F 
g399465/B                                          +0     125   
g399465/Y            NOR2X1         4  1.4   53   +45     170 R 
g399442/A                                          +0     170   
g399442/Y            INVX1          3  1.2   29   +40     210 F 
g399407/B                                          +0     210   
g399407/Y            NOR2X1         2  0.8   38   +36     246 R 
g399370/B                                          +0     246   
g399370/Y            NOR2X1         1  0.4   21   +28     275 F 
fopt401613/A                                       +0     275   
fopt401613/Y         INVX1          2  0.6   15   +19     294 R 
fopt401612/A                                       +0     294   
fopt401612/Y         INVX1          5  1.6   30   +26     320 F 
g399269/B                                          +0     320   
g399269/Y            OR2X1          2  0.8   21   +66     386 F 
g397853/B                                          +0     386   
g397853/Y            NOR2X1         2  0.8   37   +32     418 R 
g397372/B                                          +0     418   
g397372/Y            NAND2X1        2  0.6   38   +42     460 F 
fopt403236/A                                       +0     460   
fopt403236/Y         INVX1          2  0.6   17   +27     487 R 
fopt403235/A                                       +0     487   
fopt403235/Y         INVX1          2  0.6   16   +19     506 F 
g386710/B                                          +0     506   
g386710/Y            OR2X1          4  1.6   32   +68     574 F 
fopt402100/A                                       +0     574   
fopt402100/Y         INVX1          3  0.8   19   +26     599 R 
fopt402099/A                                       +0     599   
fopt402099/Y         INVX1          7  2.8   48   +38     637 F 
fopt402098/A                                       +0     637   
fopt402098/Y         INVX1          4  1.6   31   +38     675 R 
g378484/B                                          +0     675   
g378484/Y            NAND2X1        1  0.4   32   +36     711 F 
g376480/A                                          +0     711   
g376480/Y            NAND2X1        1  0.4   19   +27     738 R 
g375300/A                                          +0     738   
g375300/Y            NAND2X1        1  0.4   34   +35     773 F 
g374529__5122/A                                    +0     773   
g374529__5122/Y      NAND2X1        1  0.4   19   +27     800 R 
g373835__7482/B                                    +0     800   
g373835__7482/Y      NOR2X1         1  0.4   19   +20     820 F 
g373713__3680/B                                    +0     820   
g373713__3680/Y      NAND2X1        1  0.4   17   +19     838 R 
g373653__4319/A                                    +0     838   
g373653__4319/Y      NOR2X1         1  0.4   19   +24     862 F 
g373619__7410/B                                    +0     862   
g373619__7410/Y      NAND2X1        1  0.4   17   +19     881 R 
g373592__6417/A                                    +0     881   
g373592__6417/Y      NOR2X1         1  0.4   19   +24     904 F 
g373587__9945/A                                    +0     904   
g373587__9945/Y      NAND2X1        1  0.3   16   +20     925 R 
data_out_reg[1]/D    DFFRHQX1                      +0     925   
data_out_reg[1]/CK   setup                    0   +60     985 R 
- - - - - - - - - - - - - - - - - - - - - - - - - - - - - - - - 
(clock clk)          capture                              986 R 
----------------------------------------------------------------
Cost Group   : 'clk' (path_group 'clk')
Timing slack :       1ps 
Start-point  : sp_reg[0]/CK
End-point    : data_out_reg[1]/D

path 152:

       Pin            Type     Fanout Load Slew Delay Arrival   
                                      (fF) (ps)  (ps)   (ps)    
----------------------------------------------------------------
(clock clk)          launch                                 0 R 
sp_reg[7]/CK                                  0    +0       0 R 
sp_reg[7]/Q          DFFRHQX1       4  1.6   30  +125     125 F 
g399419/B                                          +0     125   
g399419/Y            NOR2X1         1  0.4   28   +31     155 R 
g399385/B                                          +0     155   
g399385/Y            NAND2X1        1  0.4   32   +35     190 F 
g399356/B                                          +0     190   
g399356/Y            NOR2X1         1  0.4   28   +31     221 R 
g399267/B                                          +0     221   
g399267/Y            NAND2X1        2  0.8   43   +41     262 F 
g397389/B                                          +0     262   
g397389/Y            XOR2X1         6  2.0   39   +83     346 F 
fopt401263/A                                       +0     346   
fopt401263/Y         INVX1          2  0.8   20   +28     374 R 
fopt403158/A                                       +0     374   
fopt403158/Y         INVX1          4  1.6   31   +28     402 F 
g403012/B                                          +0     402   
g403012/Y            NOR2X1         2  0.6   33   +34     436 R 
g388506/A                                          +0     436   
g388506/Y            INVX1          3  1.2   27   +31     467 F 
g386664/B                                          +0     467   
g386664/Y            NOR2X1         2  0.8   37   +35     502 R 
g381121/B                                          +0     502   
g381121/Y            NAND2X1        9  3.6  122   +90     593 F 
g403089/B                                          +0     593   
g403089/Y            NOR2X1         4  1.6   68   +88     681 R 
g375434/B                                          +0     681   
g375434/Y            NAND2X1        1  0.4   37   +53     733 F 
g374865/A                                          +0     733   
g374865/Y            NAND2X1        1  0.4   19   +29     762 R 
g374270__8428/A                                    +0     762   
g374270__8428/Y      NOR2X1         1  0.4   20   +25     787 F 
g373957__5477/B                                    +0     787   
g373957__5477/Y      NAND2X1        1  0.4   17   +19     806 R 
g373784__2883/A                                    +0     806   
g373784__2883/Y      NOR2X1         1  0.4   19   +24     829 F 
g373640__4733/B                                    +0     829   
g373640__4733/Y      NAND2X1        1  0.4   17   +19     848 R 
g373611__7482/B                                    +0     848   
g373611__7482/Y      NOR2X1         1  0.4   19   +19     867 F 
g373597__4319/A                                    +0     867   
g373597__4319/Y      NAND2X1        1  0.4   17   +21     888 R 
g373589__2346/B                                    +0     888   
g373589__2346/Y      NOR2X1         1  0.4   19   +19     907 F 
g373587__9945/B                                    +0     907   
g373587__9945/Y      NAND2X1        1  0.3   16   +18     925 R 
data_out_reg[1]/D    DFFRHQX1                      +0     925   
data_out_reg[1]/CK   setup                    0   +60     985 R 
- - - - - - - - - - - - - - - - - - - - - - - - - - - - - - - - 
(clock clk)          capture                              986 R 
----------------------------------------------------------------
Cost Group   : 'clk' (path_group 'clk')
Timing slack :       1ps 
Start-point  : sp_reg[7]/CK
End-point    : data_out_reg[1]/D

path 153:

       Pin            Type     Fanout Load Slew Delay Arrival   
                                      (fF) (ps)  (ps)   (ps)    
----------------------------------------------------------------
(clock clk)          launch                                 0 R 
sp_reg[0]/CK                                  0    +0       0 R 
sp_reg[0]/Q          DFFRHQX1       4  1.6   30  +125     125 F 
g399465/B                                          +0     125   
g399465/Y            NOR2X1         4  1.4   53   +45     170 R 
g399442/A                                          +0     170   
g399442/Y            INVX1          3  1.2   29   +40     210 F 
g399407/B                                          +0     210   
g399407/Y            NOR2X1         2  0.8   38   +36     246 R 
g399354/B                                          +0     246   
g399354/Y            NOR2X1         1  0.4   20   +28     275 F 
g399209/B                                          +0     275   
g399209/Y            NOR2X1         2  0.6   32   +29     304 R 
g399186/A                                          +0     304   
g399186/Y            INVX1          3  0.8   21   +27     331 F 
g399185/A                                          +0     331   
g399185/Y            INVX1          3  1.2   22   +23     354 R 
g397855/B                                          +0     354   
g397855/Y            NOR2X1         3  1.2   29   +28     382 F 
g390475/A                                          +0     382   
g390475/Y            NAND2X1        4  1.0   26   +29     412 R 
g386722/B                                          +0     412   
g386722/Y            OR2X1          3  1.2   23   +47     459 R 
fopt401660/A                                       +0     459   
fopt401660/Y         INVX1         11  4.2   69   +51     510 F 
g380354/B                                          +0     510   
g380354/Y            NAND2X1        1  0.2   19   +39     548 R 
g377839/A                                          +0     548   
g377839/Y            AND2X1         1  0.4   14   +65     613 R 
g376271/B                                          +0     613   
g376271/Y            NOR2X1         1  0.4   24   +17     630 F 
g375029/A                                          +0     630   
g375029/Y            NOR2X1         1  0.4   28   +34     664 R 
g374366__5115/A                                    +0     664   
g374366__5115/Y      NAND2X1        1  0.2   26   +36     699 F 
g374012__6417/B                                    +0     699   
g374012__6417/Y      OR2X1          1  0.4   15   +61     761 F 
g373704__6417/B                                    +0     761   
g373704__6417/Y      NOR2X1         1  0.4   26   +24     785 R 
g373646__1666/B                                    +0     785   
g373646__1666/Y      NAND2X1        1  0.4   32   +34     819 F 
g373614__9315/B                                    +0     819   
g373614__9315/Y      NOR2X1         1  0.4   28   +31     850 R 
g373597__4319/B                                    +0     850   
g373597__4319/Y      NAND2X1        1  0.4   32   +35     885 F 
g373589__2346/B                                    +0     885   
g373589__2346/Y      NOR2X1         1  0.4   28   +31     916 R 
g373587__9945/B                                    +0     916   
g373587__9945/Y      NAND2X1        1  0.3   29   +33     950 F 
data_out_reg[1]/D    DFFRHQX1                      +0     950   
data_out_reg[1]/CK   setup                    0   +36     985 R 
- - - - - - - - - - - - - - - - - - - - - - - - - - - - - - - - 
(clock clk)          capture                              986 R 
----------------------------------------------------------------
Cost Group   : 'clk' (path_group 'clk')
Timing slack :       1ps 
Start-point  : sp_reg[0]/CK
End-point    : data_out_reg[1]/D

path 154:

       Pin            Type     Fanout Load Slew Delay Arrival   
                                      (fF) (ps)  (ps)   (ps)    
----------------------------------------------------------------
(clock clk)          launch                                 0 R 
sp_reg[3]/CK                                  0    +0       0 R 
sp_reg[3]/Q          DFFRHQX1       4  1.6   30  +125     125 F 
g403073/B                                          +0     125   
g403073/Y            NOR2X1         3  1.2   48   +42     167 R 
g399402/B                                          +0     167   
g399402/Y            NAND2X1        1  0.4   34   +44     211 F 
g399358/B                                          +0     211   
g399358/Y            NOR2X1         2  0.8   38   +38     249 R 
g402824/B                                          +0     249   
g402824/Y            NOR2X1         2  0.8   24   +32     281 F 
g397857_dup/B                                      +0     281   
g397857_dup/Y        NOR2X1         3  0.8   37   +34     315 R 
g402828/B                                          +0     315   
g402828/Y            OR2X1          2  0.6   15   +47     362 R 
fopt403316/A                                       +0     362   
fopt403316/Y         INVX1          2  0.8   18   +20     381 F 
fopt403315/A                                       +0     381   
fopt403315/Y         INVX1          2  0.8   17   +19     401 R 
g403314/B                                          +0     401   
g403314/Y            NOR2X1         5  2.0   44   +32     432 F 
fopt400480/A                                       +0     432   
fopt400480/Y         INVX1          2  0.8   20   +31     463 R 
fopt400479/A                                       +0     463   
fopt400479/Y         INVX1          5  2.0   36   +32     495 F 
fopt400478/A                                       +0     495   
fopt400478/Y         INVX1          4  1.6   30   +33     528 R 
fopt400477/A                                       +0     528   
fopt400477/Y         INVX1          4  1.6   32   +33     561 F 
g385036/B                                          +0     561   
g385036/Y            NAND2X1        1  0.4   17   +24     585 R 
g380867/B                                          +0     585   
g380867/Y            NAND2X1        1  0.4   31   +30     615 F 
g378198/B                                          +0     615   
g378198/Y            NAND2X1        1  0.4   17   +24     638 R 
g376570/B                                          +0     638   
g376570/Y            NAND2X1        1  0.4   31   +30     668 F 
g375192/A                                          +0     668   
g375192/Y            NOR2X1         1  0.4   28   +36     705 R 
g374461__5477/B                                    +0     705   
g374461__5477/Y      NAND2X1        1  0.4   32   +35     739 F 
g373843__7410/B                                    +0     739   
g373843__7410/Y      NOR2X1         1  0.4   28   +31     771 R 
g373700__2883/A                                    +0     771   
g373700__2883/Y      NAND2X1        1  0.4   32   +39     810 F 
g373653__4319/B                                    +0     810   
g373653__4319/Y      NOR2X1         1  0.4   28   +31     841 R 
g373619__7410/B                                    +0     841   
g373619__7410/Y      NAND2X1        1  0.4   32   +35     876 F 
g373592__6417/A                                    +0     876   
g373592__6417/Y      NOR2X1         1  0.4   28   +37     912 R 
g373587__9945/A                                    +0     912   
g373587__9945/Y      NAND2X1        1  0.3   29   +37     950 F 
data_out_reg[1]/D    DFFRHQX1                      +0     950   
data_out_reg[1]/CK   setup                    0   +36     985 R 
- - - - - - - - - - - - - - - - - - - - - - - - - - - - - - - - 
(clock clk)          capture                              986 R 
----------------------------------------------------------------
Cost Group   : 'clk' (path_group 'clk')
Timing slack :       1ps 
Start-point  : sp_reg[3]/CK
End-point    : data_out_reg[1]/D

path 155:

       Pin             Type     Fanout Load Slew Delay Arrival   
                                       (fF) (ps)  (ps)   (ps)    
-----------------------------------------------------------------
(clock clk)           launch                                 0 R 
sp_reg[16]/CK                                  0    +0       0 R 
sp_reg[16]/Q          DFFRHQX1       8  2.6   45  +133     133 F 
g88003__8246/A                                      +0     133   
g88003__8246/Y        NOR2X1         1  0.4   29   +42     174 R 
g87987__5477/B                                      +0     174   
g87987__5477/Y        NAND2X1        2  0.6   38   +38     213 F 
g87972__6161/A                                      +0     213   
g87972__6161/Y        OR2X1          5  1.6   32   +81     294 F 
g87961__403021/A                                    +0     294   
g87961__403021/Y      NOR2X1         2  0.8   37   +43     337 R 
g87950__403020/A                                    +0     337   
g87950__403020/Y      NAND2X1        2  0.6   39   +46     383 F 
g390480_dup403023/A                                 +0     383   
g390480_dup403023/Y   AND2X1         1  0.2   11   +44     426 F 
g402790/B                                           +0     426   
g402790/Y             AND2X1         6  2.4   42   +56     482 F 
fopt403302/A                                        +0     482   
fopt403302/Y          INVX1          2  0.8   20   +30     512 R 
fopt13/A                                            +0     512   
fopt13/Y              INVX1          4  1.6   31   +29     540 F 
g379718/B                                           +0     540   
g379718/Y             NAND2X1        1  0.4   17   +24     564 R 
g377408/A                                           +0     564   
g377408/Y             NAND2X1        1  0.4   31   +34     598 F 
g375892/B                                           +0     598   
g375892/Y             NAND2X1        1  0.4   21   +24     622 R 
g374817/A                                           +0     622   
g374817/Y             NAND2X1        1  0.4   32   +36     658 F 
g374244__6783/A                                     +0     658   
g374244__6783/Y       NOR2X1         1  0.4   28   +36     694 R 
g373942__8246/A                                     +0     694   
g373942__8246/Y       NAND2X1        1  0.4   32   +39     733 F 
g373775__7098/A                                     +0     733   
g373775__7098/Y       NOR2X1         1  0.4   28   +37     770 R 
g373684__6783/A                                     +0     770   
g373684__6783/Y       NAND2X1        1  0.4   32   +39     808 F 
g373636__6131/A                                     +0     808   
g373636__6131/Y       NOR2X1         1  0.4   28   +37     845 R 
g373605__5122/B                                     +0     845   
g373605__5122/Y       NAND2X1        1  0.4   32   +35     880 F 
g373589__2346/A                                     +0     880   
g373589__2346/Y       NOR2X1         1  0.4   28   +37     916 R 
g373587__9945/B                                     +0     916   
g373587__9945/Y       NAND2X1        1  0.3   29   +33     950 F 
data_out_reg[1]/D     DFFRHQX1                      +0     950   
data_out_reg[1]/CK    setup                    0   +36     985 R 
- - - - - - - - - - - - - - - - - - - - - - - - - - - - - - - - -
(clock clk)           capture                              986 R 
-----------------------------------------------------------------
Cost Group   : 'clk' (path_group 'clk')
Timing slack :       1ps 
Start-point  : sp_reg[16]/CK
End-point    : data_out_reg[1]/D

path 156:

       Pin            Type     Fanout Load Slew Delay Arrival   
                                      (fF) (ps)  (ps)   (ps)    
----------------------------------------------------------------
(clock clk)          launch                                 0 R 
sp_reg[0]/CK                                  0    +0       0 R 
sp_reg[0]/Q          DFFRHQX1       4  1.6   28  +137     137 R 
g399465/B                                          +0     137   
g399465/Y            NOR2X1         4  1.4   35   +32     169 F 
g399442/A                                          +0     169   
g399442/Y            INVX1          3  1.2   24   +29     198 R 
g399407/B                                          +0     198   
g399407/Y            NOR2X1         2  0.8   25   +25     224 F 
g399370/B                                          +0     224   
g399370/Y            NOR2X1         1  0.4   27   +28     252 R 
fopt401613/A                                       +0     252   
fopt401613/Y         INVX1          2  0.6   17   +24     276 F 
fopt401612/A                                       +0     276   
fopt401612/Y         INVX1          5  1.6   27   +24     300 R 
fopt401611/A                                       +0     300   
fopt401611/Y         INVX1          2  0.8   20   +25     325 F 
fopt401609/A                                       +0     325   
fopt401609/Y         INVX1          2  0.8   17   +20     345 R 
fopt403365/A                                       +0     345   
fopt403365/Y         INVX1          2  0.6   16   +19     364 F 
g403375/B                                          +0     364   
g403375/Y            AND2X1         2  0.6   16   +43     407 F 
g400073/B                                          +0     407   
g400073/Y            AND2X1         2  0.8   19   +45     452 F 
fopt401321/A                                       +0     452   
fopt401321/Y         INVX1          2  0.8   17   +20     472 R 
fopt401320/A                                       +0     472   
fopt401320/Y         INVX1          4  1.6   30   +27     499 F 
g384757/B                                          +0     499   
g384757/Y            NAND2X1        1  0.4   17   +23     522 R 
g379904/A                                          +0     522   
g379904/Y            NAND2X1        1  0.4   31   +34     556 F 
g377955/B                                          +0     556   
g377955/Y            NOR2X1         1  0.4   28   +31     587 R 
g376702/B                                          +0     587   
g376702/Y            NOR2X1         1  0.4   25   +24     611 F 
g375302/B                                          +0     611   
g375302/Y            NOR2X1         1  0.4   27   +28     640 R 
g374281__1881/B                                    +0     640   
g374281__1881/Y      NAND2X1        1  0.4   32   +34     674 F 
g373960__6260/A                                    +0     674   
g373960__6260/Y      NOR2X1         1  0.4   26   +36     710 R 
g373863__7482/B                                    +0     710   
g373863__7482/Y      NAND2X1        1  0.4   32   +34     745 F 
g373727__9945/B                                    +0     745   
g373727__9945/Y      NOR2X1         1  0.4   28   +31     776 R 
g373640__4733/A                                    +0     776   
g373640__4733/Y      NAND2X1        1  0.4   32   +39     815 F 
g373611__7482/B                                    +0     815   
g373611__7482/Y      NOR2X1         1  0.4   28   +31     846 R 
g373597__4319/A                                    +0     846   
g373597__4319/Y      NAND2X1        1  0.4   32   +39     885 F 
g373589__2346/B                                    +0     885   
g373589__2346/Y      NOR2X1         1  0.4   28   +31     916 R 
g373587__9945/B                                    +0     916   
g373587__9945/Y      NAND2X1        1  0.3   29   +33     950 F 
data_out_reg[1]/D    DFFRHQX1                      +0     950   
data_out_reg[1]/CK   setup                    0   +36     985 R 
- - - - - - - - - - - - - - - - - - - - - - - - - - - - - - - - 
(clock clk)          capture                              986 R 
----------------------------------------------------------------
Cost Group   : 'clk' (path_group 'clk')
Timing slack :       1ps 
Start-point  : sp_reg[0]/CK
End-point    : data_out_reg[1]/D

path 157:

       Pin            Type     Fanout Load Slew Delay Arrival   
                                      (fF) (ps)  (ps)   (ps)    
----------------------------------------------------------------
(clock clk)          launch                                 0 R 
sp_reg[0]/CK                                  0    +0       0 R 
sp_reg[0]/Q          DFFRHQX1       4  1.6   30  +125     125 F 
g399465/B                                          +0     125   
g399465/Y            NOR2X1         4  1.4   53   +45     170 R 
g399442/A                                          +0     170   
g399442/Y            INVX1          3  1.2   29   +40     210 F 
g403074/A                                          +0     210   
g403074/Y            NOR2X1         2  0.8   38   +42     252 R 
g399257/B                                          +0     252   
g399257/Y            NOR2X1         1  0.4   20   +28     280 F 
g397856/B                                          +0     280   
g397856/Y            NOR2X1         4  1.0   42   +35     315 R 
g397380/B                                          +0     315   
g397380/Y            OR2X1          5  1.8   30   +57     372 R 
g393949/A                                          +0     372   
g393949/Y            INVX1          4  1.0   23   +28     400 F 
g386737/A                                          +0     400   
g386737/Y            AND2X1         4  1.6   31   +50     451 F 
fopt401090/A                                       +0     451   
fopt401090/Y         INVX1          4  1.6   29   +30     481 R 
fopt401086/A                                       +0     481   
fopt401086/Y         INVX1          2  0.8   20   +26     507 F 
fopt401085/A                                       +0     507   
fopt401085/Y         INVX1          4  1.6   27   +26     533 R 
fopt401083/A                                       +0     533   
fopt401083/Y         INVX1          2  0.8   20   +26     558 F 
g380823/B                                          +0     558   
g380823/Y            NAND2X1        1  0.4   17   +19     577 R 
g378166/B                                          +0     577   
g378166/Y            NAND2X1        1  0.4   31   +30     607 F 
g376546/A                                          +0     607   
g376546/Y            NOR2X1         1  0.4   28   +36     643 R 
g375177/B                                          +0     643   
g375177/Y            NOR2X1         1  0.4   21   +24     667 F 
g374455__9945/A                                    +0     667   
g374455__9945/Y      NOR2X1         1  0.4   28   +32     700 R 
g374059__7482/A                                    +0     700   
g374059__7482/Y      NAND2X1        1  0.4   32   +39     738 F 
g373839__9945/A                                    +0     738   
g373839__9945/Y      NOR2X1         1  0.4   28   +36     775 R 
g373700__2883/B                                    +0     775   
g373700__2883/Y      NAND2X1        1  0.4   32   +35     810 F 
g373653__4319/B                                    +0     810   
g373653__4319/Y      NOR2X1         1  0.4   28   +31     841 R 
g373619__7410/B                                    +0     841   
g373619__7410/Y      NAND2X1        1  0.4   32   +35     876 F 
g373592__6417/A                                    +0     876   
g373592__6417/Y      NOR2X1         1  0.4   28   +37     912 R 
g373587__9945/A                                    +0     912   
g373587__9945/Y      NAND2X1        1  0.3   29   +37     950 F 
data_out_reg[1]/D    DFFRHQX1                      +0     950   
data_out_reg[1]/CK   setup                    0   +36     985 R 
- - - - - - - - - - - - - - - - - - - - - - - - - - - - - - - - 
(clock clk)          capture                              986 R 
----------------------------------------------------------------
Cost Group   : 'clk' (path_group 'clk')
Timing slack :       1ps 
Start-point  : sp_reg[0]/CK
End-point    : data_out_reg[1]/D

path 158:

       Pin            Type     Fanout Load Slew Delay Arrival   
                                      (fF) (ps)  (ps)   (ps)    
----------------------------------------------------------------
(clock clk)          launch                                 0 R 
sp_reg[1]/CK                                  0    +0       0 R 
sp_reg[1]/Q          DFFRHQX1       3  1.2   24  +121     121 F 
g399465/A                                          +0     121   
g399465/Y            NOR2X1         4  1.4   53   +48     170 R 
g399442/A                                          +0     170   
g399442/Y            INVX1          3  1.2   29   +40     210 F 
g399392/B                                          +0     210   
g399392/Y            NOR2X1         2  0.8   38   +36     246 R 
g399357/B                                          +0     246   
g399357/Y            NOR2X1         1  0.4   20   +28     275 F 
g399271/B                                          +0     275   
g399271/Y            NOR2X1         2  0.6   31   +29     304 R 
g402712/A                                          +0     304   
g402712/Y            INVX1          3  1.0   24   +29     333 F 
g402711/A                                          +0     333   
g402711/Y            INVX1          4  1.6   28   +27     360 R 
g403009/A                                          +0     360   
g403009/Y            INVX1          2  0.8   20   +26     386 F 
g403008/A                                          +0     386   
g403008/Y            INVX1          2  0.8   17   +20     406 R 
g403010/B                                          +0     406   
g403010/Y            NOR2X1         2  0.8   27   +22     428 F 
g403369/B                                          +0     428   
g403369/Y            NAND2X1        5  1.4   30   +29     456 R 
g386717/B                                          +0     456   
g386717/Y            OR2X1          6  2.4   38   +57     514 R 
fopt401621/A                                       +0     514   
fopt401621/Y         INVX1          3  1.2   27   +34     547 F 
g377712/A                                          +0     547   
g377712/Y            NAND2X1        1  0.2   16   +23     570 R 
g376166/B                                          +0     570   
g376166/Y            AND2X1         1  0.4   14   +68     639 R 
g374966/B                                          +0     639   
g374966/Y            NAND2X1        1  0.4   30   +29     667 F 
g374571/A                                          +0     667   
g374571/Y            NOR2X1         1  0.4   28   +36     704 R 
g373985__5477/B                                    +0     704   
g373985__5477/Y      NAND2X1        1  0.4   32   +35     738 F 
g373696__4733/A                                    +0     738   
g373696__4733/Y      NOR2X1         1  0.4   28   +37     775 R 
g373644__2883/A                                    +0     775   
g373644__2883/Y      NAND2X1        1  0.4   32   +39     814 F 
g373614__9315/A                                    +0     814   
g373614__9315/Y      NOR2X1         1  0.4   28   +37     850 R 
g373597__4319/B                                    +0     850   
g373597__4319/Y      NAND2X1        1  0.4   32   +35     885 F 
g373589__2346/B                                    +0     885   
g373589__2346/Y      NOR2X1         1  0.4   28   +31     916 R 
g373587__9945/B                                    +0     916   
g373587__9945/Y      NAND2X1        1  0.3   29   +33     950 F 
data_out_reg[1]/D    DFFRHQX1                      +0     950   
data_out_reg[1]/CK   setup                    0   +36     985 R 
- - - - - - - - - - - - - - - - - - - - - - - - - - - - - - - - 
(clock clk)          capture                              986 R 
----------------------------------------------------------------
Cost Group   : 'clk' (path_group 'clk')
Timing slack :       1ps 
Start-point  : sp_reg[1]/CK
End-point    : data_out_reg[1]/D

path 159:

       Pin            Type     Fanout Load Slew Delay Arrival   
                                      (fF) (ps)  (ps)   (ps)    
----------------------------------------------------------------
(clock clk)          launch                                 0 R 
sp_reg[1]/CK                                  0    +0       0 R 
sp_reg[1]/Q          DFFRHQX1       3  1.2   24  +121     121 F 
g399465/A                                          +0     121   
g399465/Y            NOR2X1         4  1.4   53   +48     170 R 
g399442/A                                          +0     170   
g399442/Y            INVX1          3  1.2   29   +40     210 F 
g399392/B                                          +0     210   
g399392/Y            NOR2X1         2  0.8   38   +36     246 R 
g399357/B                                          +0     246   
g399357/Y            NOR2X1         1  0.4   20   +28     275 F 
g399271/B                                          +0     275   
g399271/Y            NOR2X1         2  0.6   31   +29     304 R 
g402712/A                                          +0     304   
g402712/Y            INVX1          3  1.0   24   +29     333 F 
g402711/A                                          +0     333   
g402711/Y            INVX1          4  1.6   28   +27     360 R 
g398713/B                                          +0     360   
g398713/Y            NAND2X1        1  0.4   32   +35     395 F 
g390483/A                                          +0     395   
g390483/Y            NOR2X1         3  0.8   37   +42     437 R 
g388507/A                                          +0     437   
g388507/Y            INVX1          2  0.4   16   +27     464 F 
g386752/B                                          +0     464   
g386752/Y            OR2X1          3  1.2   27   +64     528 F 
fopt401532/A                                       +0     528   
fopt401532/Y         INVX1          4  1.6   28   +29     557 R 
fopt401531/A                                       +0     557   
fopt401531/Y         INVX1          4  1.6   32   +32     589 F 
fopt401529/A                                       +0     589   
fopt401529/Y         INVX1          3  1.0   21   +27     616 R 
fopt401528/A                                       +0     616   
fopt401528/Y         INVX1          2  0.8   19   +23     638 F 
g381083/B                                          +0     638   
g381083/Y            NOR2X1         4  1.6   57   +44     682 R 
g376745/B                                          +0     682   
g376745/Y            NAND2X1        1  0.4   35   +48     729 F 
g376359/B                                          +0     729   
g376359/Y            NAND2X1        1  0.4   19   +26     755 R 
g374391__7098/A                                    +0     755   
g374391__7098/Y      NOR2X1         1  0.4   20   +25     780 F 
g374021__3680/B                                    +0     780   
g374021__3680/Y      NAND2X1        1  0.4   17   +19     798 R 
g373815__7410/B                                    +0     798   
g373815__7410/Y      NOR2X1         1  0.4   19   +19     817 F 
g373701__2346/B                                    +0     817   
g373701__2346/Y      NAND2X1        1  0.4   17   +19     836 R 
g373639__7482/A                                    +0     836   
g373639__7482/Y      NOR2X1         1  0.4   19   +24     860 F 
g373618__1666/A                                    +0     860   
g373618__1666/Y      NAND2X1        1  0.4   17   +21     881 R 
g373596__6260/A                                    +0     881   
g373596__6260/Y      NOR2X1         1  0.4   19   +24     904 F 
g373586__9315/A                                    +0     904   
g373586__9315/Y      NAND2X1        1  0.3   16   +20     925 R 
data_out_reg[0]/D    DFFRHQX1                      +0     925   
data_out_reg[0]/CK   setup                    0   +60     985 R 
- - - - - - - - - - - - - - - - - - - - - - - - - - - - - - - - 
(clock clk)          capture                              986 R 
----------------------------------------------------------------
Cost Group   : 'clk' (path_group 'clk')
Timing slack :       1ps 
Start-point  : sp_reg[1]/CK
End-point    : data_out_reg[0]/D

path 160:

       Pin             Type     Fanout Load Slew Delay Arrival   
                                       (fF) (ps)  (ps)   (ps)    
-----------------------------------------------------------------
(clock clk)           launch                                 0 R 
sp_reg[0]/CK                                   0    +0       0 R 
sp_reg[0]/Q           DFFRHQX1       4  1.6   30  +125     125 F 
g399465/B                                           +0     125   
g399465/Y             NOR2X1         4  1.4   53   +45     170 R 
g399442/A                                           +0     170   
g399442/Y             INVX1          3  1.2   29   +40     210 F 
g399392/B                                           +0     210   
g399392/Y             NOR2X1         2  0.8   38   +36     246 R 
g399357/B                                           +0     246   
g399357/Y             NOR2X1         1  0.4   20   +28     275 F 
g399271/B                                           +0     275   
g399271/Y             NOR2X1         2  0.6   31   +29     304 R 
g402712/A                                           +0     304   
g402712/Y             INVX1          3  1.0   24   +29     333 F 
g402711/A                                           +0     333   
g402711/Y             INVX1          4  1.6   28   +27     360 R 
g398715/B                                           +0     360   
g398715/Y             NOR2X1         1  0.4   20   +24     384 F 
g403349/B                                           +0     384   
g403349/Y             NAND2X1        4  1.6   35   +27     411 R 
g402303_dup403351/A                                 +0     411   
g402303_dup403351/Y   INVX1          1  0.4   15   +26     437 F 
g403350/B                                           +0     437   
g403350/Y             NAND2X1        5  2.0   38   +28     465 R 
fopt401140/A                                        +0     465   
fopt401140/Y          INVX1          4  1.4   30   +35     500 F 
fopt401139/A                                        +0     500   
fopt401139/Y          INVX1          4  1.6   29   +30     530 R 
fopt401138/A                                        +0     530   
fopt401138/Y          INVX1          2  0.8   20   +26     557 F 
g379409/B                                           +0     557   
g379409/Y             NAND2X1        1  0.4   17   +19     576 R 
g377215/A                                           +0     576   
g377215/Y             NAND2X1        1  0.4   31   +34     610 F 
g375682/B                                           +0     610   
g375682/Y             NAND2X1        1  0.4   19   +24     633 R 
g374784/A                                           +0     633   
g374784/Y             NAND2X1        1  0.4   31   +35     668 F 
g374116__4733/A                                     +0     668   
g374116__4733/Y       NOR2X1         1  0.4   28   +36     705 R 
g374038__1666/B                                     +0     705   
g374038__1666/Y       NAND2X1        1  0.4   32   +35     739 F 
g373754__9315/B                                     +0     739   
g373754__9315/Y       NOR2X1         1  0.4   28   +31     771 R 
g373673__2346/B                                     +0     771   
g373673__2346/Y       NAND2X1        1  0.4   32   +35     806 F 
g373629__3680/A                                     +0     806   
g373629__3680/Y       NOR2X1         1  0.4   28   +37     842 R 
g373607__7098/A                                     +0     842   
g373607__7098/Y       NAND2X1        1  0.4   32   +39     881 F 
g373596__6260/B                                     +0     881   
g373596__6260/Y       NOR2X1         1  0.4   28   +31     912 R 
g373586__9315/A                                     +0     912   
g373586__9315/Y       NAND2X1        1  0.3   29   +37     950 F 
data_out_reg[0]/D     DFFRHQX1                      +0     950   
data_out_reg[0]/CK    setup                    0   +36     985 R 
- - - - - - - - - - - - - - - - - - - - - - - - - - - - - - - - -
(clock clk)           capture                              986 R 
-----------------------------------------------------------------
Cost Group   : 'clk' (path_group 'clk')
Timing slack :       1ps 
Start-point  : sp_reg[0]/CK
End-point    : data_out_reg[0]/D

path 161:

       Pin             Type     Fanout Load Slew Delay Arrival   
                                       (fF) (ps)  (ps)   (ps)    
-----------------------------------------------------------------
(clock clk)           launch                                 0 R 
sp_reg[16]/CK                                  0    +0       0 R 
sp_reg[16]/Q          DFFRHQX1       8  2.6   45  +133     133 F 
g88003__8246/A                                      +0     133   
g88003__8246/Y        NOR2X1         1  0.4   29   +42     174 R 
g87987__5477/B                                      +0     174   
g87987__5477/Y        NAND2X1        2  0.6   38   +38     213 F 
g87972__6161/A                                      +0     213   
g87972__6161/Y        OR2X1          5  1.6   32   +81     294 F 
g87961__403021/A                                    +0     294   
g87961__403021/Y      NOR2X1         2  0.8   37   +43     337 R 
g87950__403020/A                                    +0     337   
g87950__403020/Y      NAND2X1        2  0.6   39   +46     383 F 
g390480_dup403023/A                                 +0     383   
g390480_dup403023/Y   AND2X1         1  0.2   11   +44     426 F 
g402790/B                                           +0     426   
g402790/Y             AND2X1         6  2.4   42   +56     482 F 
fopt403302/A                                        +0     482   
fopt403302/Y          INVX1          2  0.8   20   +30     512 R 
fopt13/A                                            +0     512   
fopt13/Y              INVX1          4  1.6   31   +29     540 F 
g381002/B                                           +0     540   
g381002/Y             NAND2X1        1  0.4   17   +24     564 R 
g378304/A                                           +0     564   
g378304/Y             NAND2X1        1  0.4   31   +34     598 F 
g376659/B                                           +0     598   
g376659/Y             NAND2X1        1  0.4   21   +24     622 R 
g375241/A                                           +0     622   
g375241/Y             NAND2X1        1  0.4   32   +36     658 F 
g374486__1666/A                                     +0     658   
g374486__1666/Y       NOR2X1         1  0.4   28   +36     694 R 
g374071__5107/A                                     +0     694   
g374071__5107/Y       NAND2X1        1  0.4   32   +39     733 F 
g373841__2346/A                                     +0     733   
g373841__2346/Y       NOR2X1         1  0.4   28   +37     770 R 
g373715__2802/A                                     +0     770   
g373715__2802/Y       NAND2X1        1  0.4   32   +39     808 F 
g373651__5107/A                                     +0     808   
g373651__5107/Y       NOR2X1         1  0.4   28   +37     845 R 
g373601__3680/B                                     +0     845   
g373601__3680/Y       NAND2X1        1  0.4   32   +35     880 F 
g373591__7410/A                                     +0     880   
g373591__7410/Y       NOR2X1         1  0.4   28   +37     916 R 
g373586__9315/B                                     +0     916   
g373586__9315/Y       NAND2X1        1  0.3   29   +33     950 F 
data_out_reg[0]/D     DFFRHQX1                      +0     950   
data_out_reg[0]/CK    setup                    0   +36     985 R 
- - - - - - - - - - - - - - - - - - - - - - - - - - - - - - - - -
(clock clk)           capture                              986 R 
-----------------------------------------------------------------
Cost Group   : 'clk' (path_group 'clk')
Timing slack :       1ps 
Start-point  : sp_reg[16]/CK
End-point    : data_out_reg[0]/D

path 162:

       Pin            Type     Fanout Load Slew Delay Arrival   
                                      (fF) (ps)  (ps)   (ps)    
----------------------------------------------------------------
(clock clk)          launch                                 0 R 
sp_reg[3]/CK                                  0    +0       0 R 
sp_reg[3]/Q          DFFRHQX1       4  1.6   30  +125     125 F 
g403073/B                                          +0     125   
g403073/Y            NOR2X1         3  1.2   48   +42     167 R 
g403075/A                                          +0     167   
g403075/Y            NAND2X1        1  0.4   33   +47     214 F 
g403074/B                                          +0     214   
g403074/Y            NOR2X1         2  0.8   38   +38     252 R 
g399257/B                                          +0     252   
g399257/Y            NOR2X1         1  0.4   20   +28     280 F 
g397856/B                                          +0     280   
g397856/Y            NOR2X1         4  1.0   42   +35     315 R 
g397380/B                                          +0     315   
g397380/Y            OR2X1          5  1.8   30   +57     372 R 
g393949/A                                          +0     372   
g393949/Y            INVX1          4  1.0   23   +28     401 F 
g386737/A                                          +0     401   
g386737/Y            AND2X1         4  1.6   31   +50     451 F 
fopt401080/A                                       +0     451   
fopt401080/Y         INVX1          2  0.8   18   +25     476 R 
fopt401079/A                                       +0     476   
fopt401079/Y         INVX1          4  1.6   30   +28     504 F 
fopt401078/A                                       +0     504   
fopt401078/Y         INVX1          2  0.8   18   +25     528 R 
fopt401077/A                                       +0     528   
fopt401077/Y         INVX1          4  1.6   30   +28     556 F 
g380014/B                                          +0     556   
g380014/Y            NAND2X1        1  0.4   17   +23     579 R 
g377616/B                                          +0     579   
g377616/Y            NAND2X1        1  0.4   31   +30     609 F 
g376046/B                                          +0     609   
g376046/Y            NOR2X1         1  0.4   28   +31     640 R 
g374902/B                                          +0     640   
g374902/Y            NOR2X1         1  0.4   20   +24     664 F 
g374283__7482/A                                    +0     664   
g374283__7482/Y      NOR2X1         1  0.4   26   +32     696 R 
g373953__2346/A                                    +0     696   
g373953__2346/Y      NAND2X1        1  0.4   32   +38     734 F 
g373858__8246/A                                    +0     734   
g373858__8246/Y      NOR2X1         1  0.4   28   +36     771 R 
g373689__5122/B                                    +0     771   
g373689__5122/Y      NAND2X1        1  0.4   32   +35     806 F 
g373639__7482/B                                    +0     806   
g373639__7482/Y      NOR2X1         1  0.4   28   +31     837 R 
g373618__1666/A                                    +0     837   
g373618__1666/Y      NAND2X1        1  0.4   32   +39     876 F 
g373596__6260/A                                    +0     876   
g373596__6260/Y      NOR2X1         1  0.4   28   +37     912 R 
g373586__9315/A                                    +0     912   
g373586__9315/Y      NAND2X1        1  0.3   29   +37     950 F 
data_out_reg[0]/D    DFFRHQX1                      +0     950   
data_out_reg[0]/CK   setup                    0   +36     985 R 
- - - - - - - - - - - - - - - - - - - - - - - - - - - - - - - - 
(clock clk)          capture                              986 R 
----------------------------------------------------------------
Cost Group   : 'clk' (path_group 'clk')
Timing slack :       1ps 
Start-point  : sp_reg[3]/CK
End-point    : data_out_reg[0]/D

path 163:

       Pin            Type     Fanout Load Slew Delay Arrival   
                                      (fF) (ps)  (ps)   (ps)    
----------------------------------------------------------------
(clock clk)          launch                                 0 R 
sp_reg[0]/CK                                  0    +0       0 R 
sp_reg[0]/Q          DFFRHQX1       4  1.6   30  +125     125 F 
g399465/B                                          +0     125   
g399465/Y            NOR2X1         4  1.4   53   +45     170 R 
g399442/A                                          +0     170   
g399442/Y            INVX1          3  1.2   29   +40     210 F 
g403074/A                                          +0     210   
g403074/Y            NOR2X1         2  0.8   38   +42     252 R 
g399257/B                                          +0     252   
g399257/Y            NOR2X1         1  0.4   20   +28     280 F 
g397856/B                                          +0     280   
g397856/Y            NOR2X1         4  1.0   42   +35     315 R 
g397380/B                                          +0     315   
g397380/Y            OR2X1          5  1.8   30   +57     372 R 
g393949/A                                          +0     372   
g393949/Y            INVX1          4  1.0   23   +28     400 F 
g386737/A                                          +0     400   
g386737/Y            AND2X1         4  1.6   31   +50     451 F 
fopt401090/A                                       +0     451   
fopt401090/Y         INVX1          4  1.6   29   +30     481 R 
fopt401086/A                                       +0     481   
fopt401086/Y         INVX1          2  0.8   20   +26     507 F 
fopt401085/A                                       +0     507   
fopt401085/Y         INVX1          4  1.6   27   +26     533 R 
fopt401082/A                                       +0     533   
fopt401082/Y         INVX1          2  0.8   20   +26     558 F 
g379932/B                                          +0     558   
g379932/Y            NAND2X1        1  0.4   17   +19     577 R 
g377547/B                                          +0     577   
g377547/Y            NAND2X1        1  0.4   31   +30     607 F 
g376007/A                                          +0     607   
g376007/Y            NOR2X1         1  0.4   28   +36     643 R 
g374886/B                                          +0     643   
g374886/Y            NOR2X1         1  0.4   23   +24     667 F 
g374276__1705/A                                    +0     667   
g374276__1705/Y      NOR2X1         1  0.4   26   +33     700 R 
g373953__2346/B                                    +0     700   
g373953__2346/Y      NAND2X1        1  0.4   32   +34     734 F 
g373858__8246/A                                    +0     734   
g373858__8246/Y      NOR2X1         1  0.4   28   +36     771 R 
g373689__5122/B                                    +0     771   
g373689__5122/Y      NAND2X1        1  0.4   32   +35     806 F 
g373639__7482/B                                    +0     806   
g373639__7482/Y      NOR2X1         1  0.4   28   +31     837 R 
g373618__1666/A                                    +0     837   
g373618__1666/Y      NAND2X1        1  0.4   32   +39     876 F 
g373596__6260/A                                    +0     876   
g373596__6260/Y      NOR2X1         1  0.4   28   +37     912 R 
g373586__9315/A                                    +0     912   
g373586__9315/Y      NAND2X1        1  0.3   29   +37     950 F 
data_out_reg[0]/D    DFFRHQX1                      +0     950   
data_out_reg[0]/CK   setup                    0   +36     985 R 
- - - - - - - - - - - - - - - - - - - - - - - - - - - - - - - - 
(clock clk)          capture                              986 R 
----------------------------------------------------------------
Cost Group   : 'clk' (path_group 'clk')
Timing slack :       1ps 
Start-point  : sp_reg[0]/CK
End-point    : data_out_reg[0]/D

path 164:

       Pin            Type     Fanout Load Slew Delay Arrival   
                                      (fF) (ps)  (ps)   (ps)    
----------------------------------------------------------------
(clock clk)          launch                                 0 R 
sp_reg[5]/CK                                  0    +0       0 R 
sp_reg[5]/Q          DFFRHQX1       3  1.2   24  +121     121 F 
g403073/A                                          +0     121   
g403073/Y            NOR2X1         3  1.2   48   +45     167 R 
g399402/B                                          +0     167   
g399402/Y            NAND2X1        1  0.4   34   +44     210 F 
g399358/B                                          +0     210   
g399358/Y            NOR2X1         2  0.8   38   +38     249 R 
g402824/B                                          +0     249   
g402824/Y            NOR2X1         2  0.8   24   +32     280 F 
g397857_dup/B                                      +0     280   
g397857_dup/Y        NOR2X1         3  0.8   37   +34     314 R 
g403358/B                                          +0     314   
g403358/Y            OR2X1          6  2.2   35   +58     373 R 
g403406/B                                          +0     373   
g403406/Y            OR2X1          2  0.6   15   +46     419 R 
g403361/A                                          +0     419   
g403361/Y            INVX1          3  1.2   24   +23     442 F 
g386687/A                                          +0     442   
g386687/Y            NAND2X1        2  0.8   23   +26     468 R 
g383226/A                                          +0     468   
g383226/Y            INVX1         12  4.8   78   +56     524 F 
g379955/A                                          +0     524   
g379955/Y            NAND2X1        1  0.4   25   +47     571 R 
g377570/A                                          +0     571   
g377570/Y            NAND2X1        1  0.4   31   +38     608 F 
g376023/A                                          +0     608   
g376023/Y            NOR2X1         1  0.4   28   +36     645 R 
g374887/A                                          +0     645   
g374887/Y            NOR2X1         1  0.4   21   +29     673 F 
g374287__9945/B                                    +0     673   
g374287__9945/Y      NOR2X1         1  0.4   26   +27     700 R 
g373964__6783/B                                    +0     700   
g373964__6783/Y      NAND2X1        1  0.4   32   +34     734 F 
g373783__9945/A                                    +0     734   
g373783__9945/Y      NOR2X1         1  0.4   28   +36     771 R 
g373683__5526/A                                    +0     771   
g373683__5526/Y      NAND2X1        1  0.4   32   +39     810 F 
g373608__6131/A                                    +0     810   
g373608__6131/Y      NOR2X1         1  0.4   28   +37     846 R 
g373595__5107/A                                    +0     846   
g373595__5107/Y      NAND2X1        1  0.4   32   +39     885 F 
g373591__7410/B                                    +0     885   
g373591__7410/Y      NOR2X1         1  0.4   28   +31     916 R 
g373586__9315/B                                    +0     916   
g373586__9315/Y      NAND2X1        1  0.3   29   +33     950 F 
data_out_reg[0]/D    DFFRHQX1                      +0     950   
data_out_reg[0]/CK   setup                    0   +36     985 R 
- - - - - - - - - - - - - - - - - - - - - - - - - - - - - - - - 
(clock clk)          capture                              986 R 
----------------------------------------------------------------
Cost Group   : 'clk' (path_group 'clk')
Timing slack :       1ps 
Start-point  : sp_reg[5]/CK
End-point    : data_out_reg[0]/D

path 165:

       Pin            Type     Fanout Load Slew Delay Arrival   
                                      (fF) (ps)  (ps)   (ps)    
----------------------------------------------------------------
(clock clk)          launch                                 0 R 
sp_reg[0]/CK                                  0    +0       0 R 
sp_reg[0]/Q          DFFRHQX1       4  1.6   30  +125     125 F 
g399465/B                                          +0     125   
g399465/Y            NOR2X1         4  1.4   53   +45     170 R 
g399442/A                                          +0     170   
g399442/Y            INVX1          3  1.2   29   +40     210 F 
g399392/B                                          +0     210   
g399392/Y            NOR2X1         2  0.8   38   +36     246 R 
g399357/B                                          +0     246   
g399357/Y            NOR2X1         1  0.4   20   +28     275 F 
g399271/B                                          +0     275   
g399271/Y            NOR2X1         2  0.6   31   +29     304 R 
g402712/A                                          +0     304   
g402712/Y            INVX1          3  1.0   24   +29     333 F 
g402713/A                                          +0     333   
g402713/Y            INVX1          2  0.8   18   +22     354 R 
g402715/A                                          +0     354   
g402715/Y            INVX1          3  1.0   22   +23     377 F 
g402821/B                                          +0     377   
g402821/Y            OR2X1          3  1.2   27   +66     443 F 
g390496/B                                          +0     443   
g390496/Y            NOR2X1        13  5.2  149   +99     543 R 
g384797/B                                          +0     543   
g384797/Y            NAND2X1        1  0.4   46   +88     631 F 
g379837/A                                          +0     631   
g379837/Y            NAND2X1        1  0.2   18   +31     662 R 
g377499/A                                          +0     662   
g377499/Y            AND2X1         1  0.4   14   +64     726 R 
g375974/B                                          +0     726   
g375974/Y            NOR2X1         1  0.4   21   +17     744 F 
g374862/A                                          +0     744   
g374862/Y            NAND2X1        1  0.4   17   +22     766 R 
g374268__6260/B                                    +0     766   
g374268__6260/Y      NOR2X1         1  0.4   20   +19     784 F 
g373785__2346/B                                    +0     784   
g373785__2346/Y      NAND2X1        1  0.4   17   +19     803 R 
g373688__1705/B                                    +0     803   
g373688__1705/Y      NOR2X1         1  0.4   19   +19     822 F 
g373638__5115/B                                    +0     822   
g373638__5115/Y      NAND2X1        1  0.4   17   +19     841 R 
g373612__4733/A                                    +0     841   
g373612__4733/Y      NOR2X1         1  0.4   19   +24     864 F 
g373598__8428/B                                    +0     864   
g373598__8428/Y      NAND2X1        1  0.4   17   +19     883 R 
g373590__1666/A                                    +0     883   
g373590__1666/Y      NOR2X1         1  0.4   19   +24     907 F 
g373585__6161/B                                    +0     907   
g373585__6161/Y      NAND2X1        1  0.3   16   +18     925 R 
data_out_reg[3]/D    DFFRHQX1                      +0     925   
data_out_reg[3]/CK   setup                    0   +60     985 R 
- - - - - - - - - - - - - - - - - - - - - - - - - - - - - - - - 
(clock clk)          capture                              986 R 
----------------------------------------------------------------
Cost Group   : 'clk' (path_group 'clk')
Timing slack :       1ps 
Start-point  : sp_reg[0]/CK
End-point    : data_out_reg[3]/D

path 166:

       Pin            Type     Fanout Load Slew Delay Arrival   
                                      (fF) (ps)  (ps)   (ps)    
----------------------------------------------------------------
(clock clk)          launch                                 0 R 
sp_reg[0]/CK                                  0    +0       0 R 
sp_reg[0]/Q          DFFRHQX1       4  1.6   28  +137     137 R 
g399465/B                                          +0     137   
g399465/Y            NOR2X1         4  1.4   35   +32     169 F 
g399442/A                                          +0     169   
g399442/Y            INVX1          3  1.2   24   +29     198 R 
g399392/B                                          +0     198   
g399392/Y            NOR2X1         2  0.8   25   +25     224 F 
g399357/B                                          +0     224   
g399357/Y            NOR2X1         1  0.4   27   +28     252 R 
g399271/B                                          +0     252   
g399271/Y            NOR2X1         2  0.6   25   +25     277 F 
g402712/A                                          +0     277   
g402712/Y            INVX1          3  1.0   20   +24     301 R 
g402713/A                                          +0     301   
g402713/Y            INVX1          2  0.8   19   +22     323 F 
g402715/A                                          +0     323   
g402715/Y            INVX1          3  1.0   19   +21     344 R 
g402821/B                                          +0     344   
g402821/Y            OR2X1          3  1.2   23   +45     389 R 
g393946/A                                          +0     389   
g393946/Y            INVX1          2  0.6   16   +22     411 F 
g400073/A                                          +0     411   
g400073/Y            AND2X1         2  0.8   19   +42     452 F 
fopt401321/A                                       +0     452   
fopt401321/Y         INVX1          2  0.8   17   +20     472 R 
fopt401320/A                                       +0     472   
fopt401320/Y         INVX1          4  1.6   30   +27     499 F 
g384748/B                                          +0     499   
g384748/Y            NAND2X1        1  0.2   14   +22     521 R 
g379595/A                                          +0     521   
g379595/Y            AND2X1         1  0.4   14   +63     584 R 
g377336/B                                          +0     584   
g377336/Y            NOR2X1         1  0.4   25   +17     601 F 
g375832/A                                          +0     601   
g375832/Y            NOR2X1         1  0.4   27   +34     635 R 
g374779/B                                          +0     635   
g374779/Y            NAND2X1        1  0.4   32   +34     670 F 
g374575/B                                          +0     670   
g374575/Y            NOR2X1         1  0.4   28   +31     701 R 
g374103__5526/A                                    +0     701   
g374103__5526/Y      NAND2X1        1  0.4   31   +39     740 F 
g373869__2346/A                                    +0     740   
g373869__2346/Y      NOR2X1         1  0.4   28   +36     776 R 
g373664__6131/B                                    +0     776   
g373664__6131/Y      NAND2X1        1  0.4   32   +35     811 F 
g373637__1881/B                                    +0     811   
g373637__1881/Y      NOR2X1         1  0.4   28   +31     842 R 
g373609__1881/A                                    +0     842   
g373609__1881/Y      NAND2X1        1  0.4   32   +39     881 F 
g373594__2398/B                                    +0     881   
g373594__2398/Y      NOR2X1         1  0.4   28   +31     912 R 
g373585__6161/A                                    +0     912   
g373585__6161/Y      NAND2X1        1  0.3   29   +37     950 F 
data_out_reg[3]/D    DFFRHQX1                      +0     950   
data_out_reg[3]/CK   setup                    0   +36     985 R 
- - - - - - - - - - - - - - - - - - - - - - - - - - - - - - - - 
(clock clk)          capture                              986 R 
----------------------------------------------------------------
Cost Group   : 'clk' (path_group 'clk')
Timing slack :       1ps 
Start-point  : sp_reg[0]/CK
End-point    : data_out_reg[3]/D

path 167:

       Pin            Type     Fanout Load Slew Delay Arrival   
                                      (fF) (ps)  (ps)   (ps)    
----------------------------------------------------------------
(clock clk)          launch                                 0 R 
sp_reg[0]/CK                                  0    +0       0 R 
sp_reg[0]/Q          DFFRHQX1       4  1.6   28  +137     137 R 
fopt400654/A                                       +0     137   
fopt400654/Y         INVX1          3  1.2   26   +29     166 F 
fopt400653/A                                       +0     166   
fopt400653/Y         INVX1          2  0.8   18   +23     189 R 
fopt400652/A                                       +0     189   
fopt400652/Y         INVX1          1  0.4   13   +18     207 F 
g399454/B                                          +0     207   
g399454/Y            NOR2X1         1  0.2   21   +20     227 R 
g399410/B                                          +0     227   
g399410/Y            OR2X1          5  1.8   30   +50     277 R 
g403362/A                                          +0     277   
g403362/Y            INVX1          5  1.2   26   +30     307 F 
g402316/B                                          +0     307   
g402316/Y            AND2X1         7  2.0   37   +58     364 F 
g393956/A                                          +0     364   
g393956/Y            INVX1          3  0.8   19   +27     392 R 
g386751/A                                          +0     392   
g386751/Y            OR2X1          5  2.0   33   +57     448 R 
fopt400553/A                                       +0     448   
fopt400553/Y         INVX1          4  1.6   32   +34     483 F 
fopt400552/A                                       +0     483   
fopt400552/Y         INVX1          2  0.8   19   +26     508 R 
fopt400548/A                                       +0     508   
fopt400548/Y         INVX1          7  2.4   42   +34     543 F 
g379400/B                                          +0     543   
g379400/Y            NAND2X1        1  0.4   18   +28     571 R 
g377213/B                                          +0     571   
g377213/Y            NAND2X1        1  0.4   31   +31     602 F 
g375729/A                                          +0     602   
g375729/Y            NOR2X1         1  0.4   28   +36     638 R 
g374723/B                                          +0     638   
g374723/Y            NOR2X1         1  0.4   22   +24     662 F 
g374194__8246/A                                    +0     662   
g374194__8246/Y      NOR2X1         1  0.4   27   +33     694 R 
g373917__1881/B                                    +0     694   
g373917__1881/Y      NAND2X1        1  0.4   32   +34     729 F 
g373762__2398/A                                    +0     729   
g373762__2398/Y      NOR2X1         1  0.4   28   +36     765 R 
g373678__2398/A                                    +0     765   
g373678__2398/Y      NAND2X1        1  0.4   32   +39     804 F 
g373632__1705/A                                    +0     804   
g373632__1705/Y      NOR2X1         1  0.4   28   +37     841 R 
g373606__8246/B                                    +0     841   
g373606__8246/Y      NAND2X1        1  0.4   32   +35     876 F 
g373594__2398/A                                    +0     876   
g373594__2398/Y      NOR2X1         1  0.4   28   +37     912 R 
g373585__6161/A                                    +0     912   
g373585__6161/Y      NAND2X1        1  0.3   29   +37     950 F 
data_out_reg[3]/D    DFFRHQX1                      +0     950   
data_out_reg[3]/CK   setup                    0   +36     985 R 
- - - - - - - - - - - - - - - - - - - - - - - - - - - - - - - - 
(clock clk)          capture                              986 R 
----------------------------------------------------------------
Cost Group   : 'clk' (path_group 'clk')
Timing slack :       1ps 
Start-point  : sp_reg[0]/CK
End-point    : data_out_reg[3]/D

path 168:

       Pin            Type     Fanout Load Slew Delay Arrival   
                                      (fF) (ps)  (ps)   (ps)    
----------------------------------------------------------------
(clock clk)          launch                                 0 R 
sp_reg[2]/CK                                  0    +0       0 R 
sp_reg[2]/Q          DFFRHQX1       5  2.0   36  +128     128 F 
g399463/B                                          +0     128   
g399463/Y            NOR2X1         2  0.8   38   +39     167 R 
g399402/A                                          +0     167   
g399402/Y            NAND2X1        1  0.4   34   +43     210 F 
g399358/B                                          +0     210   
g399358/Y            NOR2X1         2  0.8   38   +38     248 R 
g402824/B                                          +0     248   
g402824/Y            NOR2X1         2  0.8   24   +32     280 F 
g397857_dup/B                                      +0     280   
g397857_dup/Y        NOR2X1         3  0.8   37   +34     314 R 
g403358/B                                          +0     314   
g403358/Y            OR2X1          6  2.2   35   +58     372 R 
g402163/A                                          +0     372   
g402163/Y            NOR2X1         5  2.0   45   +45     418 F 
fopt402165/A                                       +0     418   
fopt402165/Y         INVX1          2  0.8   20   +31     448 R 
fopt402164/A                                       +0     448   
fopt402164/Y         INVX1          6  2.4   42   +35     484 F 
g385069/B                                          +0     484   
g385069/Y            NAND2X1        1  0.2   16   +27     511 R 
g380042/B                                          +0     511   
g380042/Y            AND2X1         1  0.4   14   +68     579 R 
g377632/B                                          +0     579   
g377632/Y            NAND2X1        1  0.4   30   +29     608 F 
g376694/B                                          +0     608   
g376694/Y            NAND2X1        1  0.4   21   +23     631 R 
g375262/B                                          +0     631   
g375262/Y            NAND2X1        1  0.4   31   +32     663 F 
g374307__7098/A                                    +0     663   
g374307__7098/Y      NOR2X1         1  0.4   28   +36     699 R 
g374094__1666/B                                    +0     699   
g374094__1666/Y      NAND2X1        1  0.4   32   +35     734 F 
g373793__4319/A                                    +0     734   
g373793__4319/Y      NOR2X1         1  0.4   28   +37     771 R 
g373692__6131/A                                    +0     771   
g373692__6131/Y      NAND2X1        1  0.4   32   +39     810 F 
g373620__6417/A                                    +0     810   
g373620__6417/Y      NOR2X1         1  0.4   28   +37     846 R 
g373599__5526/A                                    +0     846   
g373599__5526/Y      NAND2X1        1  0.4   32   +39     885 F 
g373590__1666/B                                    +0     885   
g373590__1666/Y      NOR2X1         1  0.4   28   +31     916 R 
g373585__6161/B                                    +0     916   
g373585__6161/Y      NAND2X1        1  0.3   29   +33     950 F 
data_out_reg[3]/D    DFFRHQX1                      +0     950   
data_out_reg[3]/CK   setup                    0   +36     985 R 
- - - - - - - - - - - - - - - - - - - - - - - - - - - - - - - - 
(clock clk)          capture                              986 R 
----------------------------------------------------------------
Cost Group   : 'clk' (path_group 'clk')
Timing slack :       1ps 
Start-point  : sp_reg[2]/CK
End-point    : data_out_reg[3]/D

path 169:

       Pin            Type     Fanout Load Slew Delay Arrival   
                                      (fF) (ps)  (ps)   (ps)    
----------------------------------------------------------------
(clock clk)          launch                                 0 R 
sp_reg[0]/CK                                  0    +0       0 R 
sp_reg[0]/Q          DFFRHQX1       4  1.6   30  +125     125 F 
fopt400654/A                                       +0     125   
fopt400654/Y         INVX1          3  1.2   24   +27     152 R 
g399385/A                                          +0     152   
g399385/Y            NAND2X1        1  0.4   32   +37     189 F 
g399356/B                                          +0     189   
g399356/Y            NOR2X1         1  0.4   28   +31     220 R 
g399267/B                                          +0     220   
g399267/Y            NAND2X1        2  0.8   43   +41     262 F 
g397389/B                                          +0     262   
g397389/Y            XOR2X1         6  2.0   39   +83     345 F 
fopt401264/A                                       +0     345   
fopt401264/Y         INVX1          2  0.8   20   +28     373 R 
g390483/B                                          +0     373   
g390483/Y            NOR2X1         3  0.8   25   +23     396 F 
g386737/B                                          +0     396   
g386737/Y            AND2X1         4  1.6   31   +54     450 F 
fopt401080/A                                       +0     450   
fopt401080/Y         INVX1          2  0.8   18   +25     475 R 
fopt401079/A                                       +0     475   
fopt401079/Y         INVX1          4  1.6   30   +28     503 F 
fopt401075/A                                       +0     503   
fopt401075/Y         INVX1          4  1.6   29   +30     533 R 
fopt401072/A                                       +0     533   
fopt401072/Y         INVX1          2  0.8   20   +26     560 F 
g379652/B                                          +0     560   
g379652/Y            NAND2X1        1  0.4   17   +19     578 R 
g377376/B                                          +0     578   
g377376/Y            NAND2X1        1  0.4   31   +30     608 F 
g375863/B                                          +0     608   
g375863/Y            NOR2X1         1  0.4   28   +31     639 R 
g374798/B                                          +0     639   
g374798/Y            NOR2X1         1  0.4   23   +24     663 F 
g374498__1617/A                                    +0     663   
g374498__1617/Y      NOR2X1         1  0.4   27   +33     696 R 
g374089__6161/A                                    +0     696   
g374089__6161/Y      NAND2X1        1  0.4   31   +38     734 F 
g373776__6131/A                                    +0     734   
g373776__6131/Y      NOR2X1         1  0.4   28   +36     771 R 
g373685__3680/B                                    +0     771   
g373685__3680/Y      NAND2X1        1  0.4   32   +35     805 F 
g373637__1881/A                                    +0     805   
g373637__1881/Y      NOR2X1         1  0.4   28   +37     842 R 
g373609__1881/A                                    +0     842   
g373609__1881/Y      NAND2X1        1  0.4   32   +39     881 F 
g373594__2398/B                                    +0     881   
g373594__2398/Y      NOR2X1         1  0.4   28   +31     912 R 
g373585__6161/A                                    +0     912   
g373585__6161/Y      NAND2X1        1  0.3   29   +37     950 F 
data_out_reg[3]/D    DFFRHQX1                      +0     950   
data_out_reg[3]/CK   setup                    0   +36     985 R 
- - - - - - - - - - - - - - - - - - - - - - - - - - - - - - - - 
(clock clk)          capture                              986 R 
----------------------------------------------------------------
Cost Group   : 'clk' (path_group 'clk')
Timing slack :       1ps 
Start-point  : sp_reg[0]/CK
End-point    : data_out_reg[3]/D

path 170:

       Pin            Type     Fanout Load Slew Delay Arrival   
                                      (fF) (ps)  (ps)   (ps)    
----------------------------------------------------------------
(clock clk)          launch                                 0 R 
sp_reg[0]/CK                                  0    +0       0 R 
sp_reg[0]/Q          DFFRHQX1       4  1.6   30  +125     125 F 
g399465/B                                          +0     125   
g399465/Y            NOR2X1         4  1.4   53   +45     170 R 
g399442/A                                          +0     170   
g399442/Y            INVX1          3  1.2   29   +40     210 F 
g399407/B                                          +0     210   
g399407/Y            NOR2X1         2  0.8   38   +36     246 R 
g399370/B                                          +0     246   
g399370/Y            NOR2X1         1  0.4   21   +28     275 F 
fopt401613/A                                       +0     275   
fopt401613/Y         INVX1          2  0.6   15   +19     294 R 
g399270/B                                          +0     294   
g399270/Y            OR2X1          4  1.6   28   +46     340 R 
g402714/A                                          +0     340   
g402714/Y            NOR2X1         1  0.4   21   +29     368 F 
fopt402481/A                                       +0     368   
fopt402481/Y         INVX1          2  0.6   15   +19     388 R 
g403376/A                                          +0     388   
g403376/Y            OR2X1          2  0.6   15   +45     432 R 
g386682/B                                          +0     432   
g386682/Y            OR2X1          2  0.8   18   +41     473 R 
fopt402423/A                                       +0     473   
fopt402423/Y         INVX1         13  5.2   83   +56     530 F 
g377047/B                                          +0     530   
g377047/Y            NAND2X1        1  0.2   21   +45     574 R 
g375583/B                                          +0     574   
g375583/Y            AND2X1         1  0.4   14   +70     645 R 
g374150__1666/B                                    +0     645   
g374150__1666/Y      NAND2X1        1  0.4   30   +29     673 F 
g373893__6161/A                                    +0     673   
g373893__6161/Y      NOR2X1         1  0.4   26   +36     709 R 
g373747__7098/B                                    +0     709   
g373747__7098/Y      NAND2X1        1  0.4   32   +34     744 F 
g373670__9315/B                                    +0     744   
g373670__9315/Y      NOR2X1         1  0.4   28   +31     775 R 
g373628__6783/A                                    +0     775   
g373628__6783/Y      NAND2X1        1  0.4   32   +39     814 F 
g373625__4319/A                                    +0     814   
g373625__4319/Y      NOR2X1         1  0.4   28   +36     850 R 
g373604__1705/B                                    +0     850   
g373604__1705/Y      NAND2X1        1  0.4   32   +35     885 F 
g373593__5477/B                                    +0     885   
g373593__5477/Y      NOR2X1         1  0.4   28   +31     916 R 
g373588__2883/B                                    +0     916   
g373588__2883/Y      NAND2X1        1  0.3   29   +33     950 F 
data_out_reg[2]/D    DFFRHQX1                      +0     950   
data_out_reg[2]/CK   setup                    0   +36     985 R 
- - - - - - - - - - - - - - - - - - - - - - - - - - - - - - - - 
(clock clk)          capture                              986 R 
----------------------------------------------------------------
Cost Group   : 'clk' (path_group 'clk')
Timing slack :       1ps 
Start-point  : sp_reg[0]/CK
End-point    : data_out_reg[2]/D

path 171:

       Pin            Type     Fanout Load Slew Delay Arrival   
                                      (fF) (ps)  (ps)   (ps)    
----------------------------------------------------------------
(clock clk)          launch                                 0 R 
sp_reg[0]/CK                                  0    +0       0 R 
sp_reg[0]/Q          DFFRHQX1       4  1.6   30  +125     125 F 
g399465/B                                          +0     125   
g399465/Y            NOR2X1         4  1.4   53   +45     170 R 
g399442/A                                          +0     170   
g399442/Y            INVX1          3  1.2   29   +40     210 F 
g399392/B                                          +0     210   
g399392/Y            NOR2X1         2  0.8   38   +36     246 R 
g399357/B                                          +0     246   
g399357/Y            NOR2X1         1  0.4   20   +28     275 F 
g399271/B                                          +0     275   
g399271/Y            NOR2X1         2  0.6   31   +29     304 R 
g402712/A                                          +0     304   
g402712/Y            INVX1          3  1.0   24   +29     333 F 
g402711/A                                          +0     333   
g402711/Y            INVX1          4  1.6   28   +27     360 R 
g403009/A                                          +0     360   
g403009/Y            INVX1          2  0.8   20   +26     386 F 
g403008/A                                          +0     386   
g403008/Y            INVX1          2  0.8   17   +20     406 R 
g403010/B                                          +0     406   
g403010/Y            NOR2X1         2  0.8   27   +22     428 F 
g403369/B                                          +0     428   
g403369/Y            NAND2X1        5  1.4   30   +29     457 R 
g386707/B                                          +0     457   
g386707/Y            NOR2X1         5  2.0   43   +38     495 F 
fopt402341/A                                       +0     495   
fopt402341/Y         INVX1          4  1.6   30   +36     530 R 
fopt402337/A                                       +0     530   
fopt402337/Y         INVX1          2  0.8   20   +27     557 F 
g378688/B                                          +0     557   
g378688/Y            NAND2X1        1  0.2   14   +18     575 R 
g377996/B                                          +0     575   
g377996/Y            AND2X1         1  0.4   14   +68     643 R 
g376396/A                                          +0     643   
g376396/Y            NAND2X1        1  0.4   31   +33     676 F 
g375368/B                                          +0     676   
g375368/Y            NAND2X1        1  0.4   19   +24     700 R 
g374562/A                                          +0     700   
g374562/Y            NAND2X1        1  0.4   31   +35     734 F 
g374111__7098/A                                    +0     734   
g374111__7098/Y      NOR2X1         1  0.4   28   +36     771 R 
g373710__8428/A                                    +0     771   
g373710__8428/Y      NAND2X1        1  0.4   32   +39     810 F 
g373652__6260/B                                    +0     810   
g373652__6260/Y      NOR2X1         1  0.4   28   +31     841 R 
g373615__9945/B                                    +0     841   
g373615__9945/Y      NAND2X1        1  0.4   32   +35     876 F 
g373600__6783/A                                    +0     876   
g373600__6783/Y      NOR2X1         1  0.4   28   +37     912 R 
g373588__2883/A                                    +0     912   
g373588__2883/Y      NAND2X1        1  0.3   29   +37     950 F 
data_out_reg[2]/D    DFFRHQX1                      +0     950   
data_out_reg[2]/CK   setup                    0   +36     985 R 
- - - - - - - - - - - - - - - - - - - - - - - - - - - - - - - - 
(clock clk)          capture                              986 R 
----------------------------------------------------------------
Cost Group   : 'clk' (path_group 'clk')
Timing slack :       1ps 
Start-point  : sp_reg[0]/CK
End-point    : data_out_reg[2]/D

path 172:

       Pin            Type     Fanout Load Slew Delay Arrival   
                                      (fF) (ps)  (ps)   (ps)    
----------------------------------------------------------------
(clock clk)          launch                                 0 R 
sp_reg[7]/CK                                  0    +0       0 R 
sp_reg[7]/Q          DFFRHQX1       4  1.6   30  +125     125 F 
g399419/B                                          +0     125   
g399419/Y            NOR2X1         1  0.4   28   +31     155 R 
g399385/B                                          +0     155   
g399385/Y            NAND2X1        1  0.4   32   +35     190 F 
g399356/B                                          +0     190   
g399356/Y            NOR2X1         1  0.4   28   +31     221 R 
g399267/B                                          +0     221   
g399267/Y            NAND2X1        2  0.8   43   +41     262 F 
g397389/B                                          +0     262   
g397389/Y            XOR2X1         6  2.0   35   +87     349 R 
fopt401263/A                                       +0     349   
fopt401263/Y         INVX1          2  0.8   21   +29     378 F 
g390487/B                                          +0     378   
g390487/Y            NAND2X1        2  0.8   23   +22     401 R 
g388509/A                                          +0     401   
g388509/Y            INVX1          4  1.0   22   +25     426 F 
g402790/A                                          +0     426   
g402790/Y            AND2X1         6  2.4   42   +56     482 F 
fopt9/A                                            +0     482   
fopt9/Y              INVX1          4  1.6   30   +36     518 R 
fopt6/A                                            +0     518   
fopt6/Y              INVX1          2  0.8   20   +27     544 F 
g380833/B                                          +0     544   
g380833/Y            NAND2X1        1  0.4   17   +19     564 R 
g378172/A                                          +0     564   
g378172/Y            NAND2X1        1  0.4   31   +34     598 F 
g376554/B                                          +0     598   
g376554/Y            NAND2X1        1  0.4   26   +24     621 R 
g375183/A                                          +0     621   
g375183/Y            NAND2X1        1  0.4   32   +38     659 F 
g374459__7410/A                                    +0     659   
g374459__7410/Y      NOR2X1         1  0.4   26   +36     696 R 
g374060__4733/A                                    +0     696   
g374060__4733/Y      NAND2X1        1  0.4   32   +38     734 F 
g373840__2883/A                                    +0     734   
g373840__2883/Y      NOR2X1         1  0.4   28   +37     771 R 
g373717__5122/A                                    +0     771   
g373717__5122/Y      NAND2X1        1  0.4   32   +39     810 F 
g373655__5526/B                                    +0     810   
g373655__5526/Y      NOR2X1         1  0.4   28   +31     841 R 
g373603__2802/A                                    +0     841   
g373603__2802/Y      NAND2X1        1  0.4   32   +39     880 F 
g373593__5477/A                                    +0     880   
g373593__5477/Y      NOR2X1         1  0.4   28   +37     916 R 
g373588__2883/B                                    +0     916   
g373588__2883/Y      NAND2X1        1  0.3   29   +33     950 F 
data_out_reg[2]/D    DFFRHQX1                      +0     950   
data_out_reg[2]/CK   setup                    0   +36     985 R 
- - - - - - - - - - - - - - - - - - - - - - - - - - - - - - - - 
(clock clk)          capture                              986 R 
----------------------------------------------------------------
Cost Group   : 'clk' (path_group 'clk')
Timing slack :       1ps 
Start-point  : sp_reg[7]/CK
End-point    : data_out_reg[2]/D

path 173:

       Pin            Type     Fanout Load Slew Delay Arrival   
                                      (fF) (ps)  (ps)   (ps)    
----------------------------------------------------------------
(clock clk)          launch                                 0 R 
sp_reg[0]/CK                                  0    +0       0 R 
sp_reg[0]/Q          DFFRHQX1       4  1.6   28  +137     137 R 
g399465/B                                          +0     137   
g399465/Y            NOR2X1         4  1.4   35   +32     169 F 
g399442/A                                          +0     169   
g399442/Y            INVX1          3  1.2   24   +29     198 R 
g399392/B                                          +0     198   
g399392/Y            NOR2X1         2  0.8   25   +25     224 F 
g399357/B                                          +0     224   
g399357/Y            NOR2X1         1  0.4   27   +28     252 R 
g399271/B                                          +0     252   
g399271/Y            NOR2X1         2  0.6   25   +25     277 F 
g402712/A                                          +0     277   
g402712/Y            INVX1          3  1.0   20   +24     301 R 
g402713/A                                          +0     301   
g402713/Y            INVX1          2  0.8   19   +22     323 F 
g402715/A                                          +0     323   
g402715/Y            INVX1          3  1.0   19   +21     344 R 
g402821/B                                          +0     344   
g402821/Y            OR2X1          3  1.2   23   +45     389 R 
g393946/A                                          +0     389   
g393946/Y            INVX1          2  0.6   16   +22     411 F 
g400073/A                                          +0     411   
g400073/Y            AND2X1         2  0.8   19   +42     452 F 
fopt401324/A                                       +0     452   
fopt401324/Y         INVX1          2  0.8   17   +20     472 R 
fopt401323/A                                       +0     472   
fopt401323/Y         INVX1          4  1.6   30   +27     499 F 
g384754/B                                          +0     499   
g384754/Y            NAND2X1        1  0.2   14   +22     521 R 
g380721/A                                          +0     521   
g380721/Y            AND2X1         1  0.4   14   +63     584 R 
g378100/B                                          +0     584   
g378100/Y            NOR2X1         1  0.4   25   +17     601 F 
g376490/B                                          +0     601   
g376490/Y            NOR2X1         1  0.4   27   +28     630 R 
g375144/B                                          +0     630   
g375144/Y            NAND2X1        1  0.4   32   +34     664 F 
g374435__5107/B                                    +0     664   
g374435__5107/Y      NOR2X1         1  0.4   28   +31     695 R 
g374048__6783/A                                    +0     695   
g374048__6783/Y      NAND2X1        1  0.4   32   +39     734 F 
g373834__5115/A                                    +0     734   
g373834__5115/Y      NOR2X1         1  0.4   28   +36     771 R 
g373714__1617/B                                    +0     771   
g373714__1617/Y      NAND2X1        1  0.4   32   +35     805 F 
g373645__2346/B                                    +0     805   
g373645__2346/Y      NOR2X1         1  0.4   28   +31     837 R 
g373615__9945/A                                    +0     837   
g373615__9945/Y      NAND2X1        1  0.4   32   +39     876 F 
g373600__6783/A                                    +0     876   
g373600__6783/Y      NOR2X1         1  0.4   28   +37     912 R 
g373588__2883/A                                    +0     912   
g373588__2883/Y      NAND2X1        1  0.3   29   +37     950 F 
data_out_reg[2]/D    DFFRHQX1                      +0     950   
data_out_reg[2]/CK   setup                    0   +36     985 R 
- - - - - - - - - - - - - - - - - - - - - - - - - - - - - - - - 
(clock clk)          capture                              986 R 
----------------------------------------------------------------
Cost Group   : 'clk' (path_group 'clk')
Timing slack :       1ps 
Start-point  : sp_reg[0]/CK
End-point    : data_out_reg[2]/D

path 174:

       Pin            Type     Fanout Load Slew Delay Arrival   
                                      (fF) (ps)  (ps)   (ps)    
----------------------------------------------------------------
(clock clk)          launch                                 0 R 
sp_reg[3]/CK                                  0    +0       0 R 
sp_reg[3]/Q          DFFRHQX1       4  1.6   30  +125     125 F 
g403073/B                                          +0     125   
g403073/Y            NOR2X1         3  1.2   48   +42     167 R 
g403075/A                                          +0     167   
g403075/Y            NAND2X1        1  0.4   33   +47     214 F 
g403074/B                                          +0     214   
g403074/Y            NOR2X1         2  0.8   38   +38     252 R 
g399257/B                                          +0     252   
g399257/Y            NOR2X1         1  0.4   20   +28     280 F 
g397856/B                                          +0     280   
g397856/Y            NOR2X1         4  1.0   42   +35     315 R 
g397380/B                                          +0     315   
g397380/Y            OR2X1          5  1.8   30   +57     372 R 
g393949/A                                          +0     372   
g393949/Y            INVX1          4  1.0   23   +28     401 F 
g386737/A                                          +0     401   
g386737/Y            AND2X1         4  1.6   31   +50     451 F 
fopt401080/A                                       +0     451   
fopt401080/Y         INVX1          2  0.8   18   +25     476 R 
fopt401079/A                                       +0     476   
fopt401079/Y         INVX1          4  1.6   30   +28     504 F 
fopt401078/A                                       +0     504   
fopt401078/Y         INVX1          2  0.8   18   +25     528 R 
fopt401077/A                                       +0     528   
fopt401077/Y         INVX1          4  1.6   30   +28     556 F 
g380544/B                                          +0     556   
g380544/Y            NAND2X1        1  0.4   17   +23     579 R 
g377981/A                                          +0     579   
g377981/Y            NAND2X1        1  0.4   31   +34     614 F 
g376383/B                                          +0     614   
g376383/Y            NOR2X1         1  0.4   28   +31     644 R 
g375093/B                                          +0     644   
g375093/Y            NOR2X1         1  0.4   21   +24     668 F 
g374398__9315/A                                    +0     668   
g374398__9315/Y      NOR2X1         1  0.4   27   +33     701 R 
g374028__6131/A                                    +0     701   
g374028__6131/Y      NAND2X1        1  0.4   32   +38     739 F 
g373824__6783/B                                    +0     739   
g373824__6783/Y      NOR2X1         1  0.4   28   +31     771 R 
g373709__4319/A                                    +0     771   
g373709__4319/Y      NAND2X1        1  0.4   32   +39     810 F 
g373650__2398/A                                    +0     810   
g373650__2398/Y      NOR2X1         1  0.4   28   +37     846 R 
g373617__2346/B                                    +0     846   
g373617__2346/Y      NAND2X1        1  0.4   32   +35     881 F 
g373600__6783/B                                    +0     881   
g373600__6783/Y      NOR2X1         1  0.4   28   +31     912 R 
g373588__2883/A                                    +0     912   
g373588__2883/Y      NAND2X1        1  0.3   29   +37     950 F 
data_out_reg[2]/D    DFFRHQX1                      +0     950   
data_out_reg[2]/CK   setup                    0   +36     985 R 
- - - - - - - - - - - - - - - - - - - - - - - - - - - - - - - - 
(clock clk)          capture                              986 R 
----------------------------------------------------------------
Cost Group   : 'clk' (path_group 'clk')
Timing slack :       1ps 
Start-point  : sp_reg[3]/CK
End-point    : data_out_reg[2]/D

path 175:

       Pin            Type     Fanout Load Slew Delay Arrival   
                                      (fF) (ps)  (ps)   (ps)    
----------------------------------------------------------------
(clock clk)          launch                                 0 R 
sp_reg[5]/CK                                  0    +0       0 R 
sp_reg[5]/Q          DFFRHQX1       3  1.2   24  +121     121 F 
g399419/A                                          +0     121   
g399419/Y            NOR2X1         1  0.4   28   +34     155 R 
g399385/B                                          +0     155   
g399385/Y            NAND2X1        1  0.4   32   +35     190 F 
g399356/B                                          +0     190   
g399356/Y            NOR2X1         1  0.4   28   +31     221 R 
g399267/B                                          +0     221   
g399267/Y            NAND2X1        2  0.8   43   +41     262 F 
g397389/B                                          +0     262   
g397389/Y            XOR2X1         6  2.0   39   +83     346 F 
fopt401264/A                                       +0     346   
fopt401264/Y         INVX1          2  0.8   20   +28     374 R 
g390483/B                                          +0     374   
g390483/Y            NOR2X1         3  0.8   25   +23     397 F 
g402687/B                                          +0     397   
g402687/Y            AND2X1         3  1.2   25   +51     448 F 
fopt402252/A                                       +0     448   
fopt402252/Y         INVX1          4  1.6   28   +28     476 R 
fopt401746/A                                       +0     476   
fopt401746/Y         INVX1          2  0.8   20   +26     502 F 
fopt402632/A                                       +0     502   
fopt402632/Y         INVX1          2  0.8   17   +20     522 R 
fopt402635/A                                       +0     522   
fopt402635/Y         INVX1          3  1.2   24   +24     546 F 
g402637/B                                          +0     546   
g402637/Y            NAND2X1        1  0.4   17   +21     567 R 
g378134/B                                          +0     567   
g378134/Y            NAND2X1        1  0.4   31   +30     597 F 
g376519/B                                          +0     597   
g376519/Y            NAND2X1        1  0.4   24   +24     620 R 
g375162/A                                          +0     620   
g375162/Y            NAND2X1        1  0.4   31   +38     658 F 
g374445__5122/A                                    +0     658   
g374445__5122/Y      NOR2X1         1  0.4   28   +36     694 R 
g374055__7098/B                                    +0     694   
g374055__7098/Y      NAND2X1        1  0.4   32   +35     729 F 
g373804__6131/A                                    +0     729   
g373804__6131/Y      NOR2X1         1  0.4   28   +37     765 R 
g373716__1705/B                                    +0     765   
g373716__1705/Y      NAND2X1        1  0.4   32   +35     800 F 
g373645__2346/A                                    +0     800   
g373645__2346/Y      NOR2X1         1  0.4   28   +37     837 R 
g373615__9945/A                                    +0     837   
g373615__9945/Y      NAND2X1        1  0.4   32   +39     876 F 
g373600__6783/A                                    +0     876   
g373600__6783/Y      NOR2X1         1  0.4   28   +37     912 R 
g373588__2883/A                                    +0     912   
g373588__2883/Y      NAND2X1        1  0.3   29   +37     950 F 
data_out_reg[2]/D    DFFRHQX1                      +0     950   
data_out_reg[2]/CK   setup                    0   +36     985 R 
- - - - - - - - - - - - - - - - - - - - - - - - - - - - - - - - 
(clock clk)          capture                              986 R 
----------------------------------------------------------------
Cost Group   : 'clk' (path_group 'clk')
Timing slack :       1ps 
Start-point  : sp_reg[5]/CK
End-point    : data_out_reg[2]/D

path 176:

       Pin            Type     Fanout Load Slew Delay Arrival   
                                      (fF) (ps)  (ps)   (ps)    
----------------------------------------------------------------
(clock clk)          launch                                 0 R 
sp_reg[5]/CK                                  0    +0       0 R 
sp_reg[5]/Q          DFFRHQX1       3  1.2   24  +121     121 F 
g399419/A                                          +0     121   
g399419/Y            NOR2X1         1  0.4   28   +34     155 R 
g399385/B                                          +0     155   
g399385/Y            NAND2X1        1  0.4   32   +35     190 F 
g399356/B                                          +0     190   
g399356/Y            NOR2X1         1  0.4   28   +31     221 R 
g399267/B                                          +0     221   
g399267/Y            NAND2X1        2  0.8   43   +41     262 F 
g397389/B                                          +0     262   
g397389/Y            XOR2X1         6  2.0   39   +83     346 F 
fopt401263/A                                       +0     346   
fopt401263/Y         INVX1          2  0.8   20   +28     374 R 
fopt403158/A                                       +0     374   
fopt403158/Y         INVX1          4  1.6   31   +28     402 F 
g403012/B                                          +0     402   
g403012/Y            NOR2X1         2  0.6   33   +34     436 R 
g388506/A                                          +0     436   
g388506/Y            INVX1          3  1.2   27   +31     467 F 
g386664/B                                          +0     467   
g386664/Y            NOR2X1         2  0.8   37   +35     502 R 
g381121/B                                          +0     502   
g381121/Y            NAND2X1        9  3.6  122   +90     593 F 
g403089/B                                          +0     593   
g403089/Y            NOR2X1         4  1.6   68   +88     680 R 
g375434/B                                          +0     680   
g375434/Y            NAND2X1        1  0.4   37   +53     733 F 
g374865/A                                          +0     733   
g374865/Y            NAND2X1        1  0.4   19   +29     762 R 
g374270__8428/A                                    +0     762   
g374270__8428/Y      NOR2X1         1  0.4   20   +25     787 F 
g373957__5477/B                                    +0     787   
g373957__5477/Y      NAND2X1        1  0.4   17   +19     806 R 
g373784__2883/A                                    +0     806   
g373784__2883/Y      NOR2X1         1  0.4   19   +24     829 F 
g373640__4733/B                                    +0     829   
g373640__4733/Y      NAND2X1        1  0.4   17   +19     848 R 
g373611__7482/B                                    +0     848   
g373611__7482/Y      NOR2X1         1  0.4   19   +19     867 F 
g373597__4319/A                                    +0     867   
g373597__4319/Y      NAND2X1        1  0.4   17   +21     888 R 
g373589__2346/B                                    +0     888   
g373589__2346/Y      NOR2X1         1  0.4   19   +19     907 F 
g373587__9945/B                                    +0     907   
g373587__9945/Y      NAND2X1        1  0.3   16   +18     925 R 
data_out_reg[1]/D    DFFRHQX1                      +0     925   
data_out_reg[1]/CK   setup                    0   +60     985 R 
- - - - - - - - - - - - - - - - - - - - - - - - - - - - - - - - 
(clock clk)          capture                              986 R 
----------------------------------------------------------------
Cost Group   : 'clk' (path_group 'clk')
Timing slack :       1ps 
Start-point  : sp_reg[5]/CK
End-point    : data_out_reg[1]/D

path 177:

       Pin            Type     Fanout Load Slew Delay Arrival   
                                      (fF) (ps)  (ps)   (ps)    
----------------------------------------------------------------
(clock clk)          launch                                 0 R 
sp_reg[3]/CK                                  0    +0       0 R 
sp_reg[3]/Q          DFFRHQX1       4  1.6   30  +125     125 F 
g403073/B                                          +0     125   
g403073/Y            NOR2X1         3  1.2   48   +42     167 R 
g402999_dup/A                                      +0     167   
g402999_dup/Y        NAND2X1        1  0.4   33   +47     214 F 
g403077/A                                          +0     214   
g403077/Y            NOR2X1         2  0.8   38   +43     257 R 
g397856/A                                          +0     257   
g397856/Y            NOR2X1         4  1.0   31   +38     296 F 
fopt403124/A                                       +0     296   
fopt403124/Y         INVX1          2  0.6   16   +23     319 R 
g397388/B                                          +0     319   
g397388/Y            OR2X1          2  0.6   15   +40     358 R 
fopt402547/A                                       +0     358   
fopt402547/Y         INVX1          2  0.8   18   +20     378 F 
fopt402542/A                                       +0     378   
fopt402542/Y         INVX1          2  0.4   12   +16     395 R 
g386745/A                                          +0     395   
g386745/Y            OR2X1          4  1.6   28   +51     446 R 
fopt401468/A                                       +0     446   
fopt401468/Y         INVX1          6  2.4   43   +38     484 F 
fopt401467/A                                       +0     484   
fopt401467/Y         INVX1          3  1.2   25   +33     517 R 
fopt401466/A                                       +0     517   
fopt401466/Y         INVX1          6  2.4   43   +38     555 F 
g381018/B                                          +0     555   
g381018/Y            NAND2X1        1  0.4   18   +29     584 R 
g378323/B                                          +0     584   
g378323/Y            NAND2X1        1  0.4   31   +31     614 F 
g376674/B                                          +0     614   
g376674/Y            NOR2X1         1  0.4   28   +31     645 R 
g375250/B                                          +0     645   
g375250/Y            NOR2X1         1  0.4   21   +24     669 F 
g374492__6260/A                                    +0     669   
g374492__6260/Y      NOR2X1         1  0.4   27   +32     701 R 
g374078__1617/A                                    +0     701   
g374078__1617/Y      NAND2X1        1  0.4   32   +38     740 F 
g373850__8428/A                                    +0     740   
g373850__8428/Y      NOR2X1         1  0.4   26   +36     776 R 
g373659__2802/B                                    +0     776   
g373659__2802/Y      NAND2X1        1  0.4   32   +34     811 F 
g373621__5477/B                                    +0     811   
g373621__5477/Y      NOR2X1         1  0.4   28   +31     842 R 
g373602__1617/A                                    +0     842   
g373602__1617/Y      NAND2X1        1  0.4   32   +39     881 F 
g373592__6417/B                                    +0     881   
g373592__6417/Y      NOR2X1         1  0.4   28   +31     912 R 
g373587__9945/A                                    +0     912   
g373587__9945/Y      NAND2X1        1  0.3   29   +37     950 F 
data_out_reg[1]/D    DFFRHQX1                      +0     950   
data_out_reg[1]/CK   setup                    0   +36     985 R 
- - - - - - - - - - - - - - - - - - - - - - - - - - - - - - - - 
(clock clk)          capture                              986 R 
----------------------------------------------------------------
Cost Group   : 'clk' (path_group 'clk')
Timing slack :       1ps 
Start-point  : sp_reg[3]/CK
End-point    : data_out_reg[1]/D

path 178:

       Pin            Type     Fanout Load Slew Delay Arrival   
                                      (fF) (ps)  (ps)   (ps)    
----------------------------------------------------------------
(clock clk)          launch                                 0 R 
sp_reg[2]/CK                                  0    +0       0 R 
sp_reg[2]/Q          DFFRHQX1       5  2.0   36  +128     128 F 
g399463/B                                          +0     128   
g399463/Y            NOR2X1         2  0.8   38   +39     167 R 
g399402/A                                          +0     167   
g399402/Y            NAND2X1        1  0.4   34   +43     210 F 
g399358/B                                          +0     210   
g399358/Y            NOR2X1         2  0.8   38   +38     248 R 
g402824/B                                          +0     248   
g402824/Y            NOR2X1         2  0.8   24   +32     280 F 
g397857_dup/B                                      +0     280   
g397857_dup/Y        NOR2X1         3  0.8   37   +34     314 R 
g402828/B                                          +0     314   
g402828/Y            OR2X1          2  0.6   15   +47     361 R 
fopt403316/A                                       +0     361   
fopt403316/Y         INVX1          2  0.8   18   +20     381 F 
fopt403318/A                                       +0     381   
fopt403318/Y         INVX1          3  1.0   19   +21     402 R 
g403320/B                                          +0     402   
g403320/Y            NOR2X1         4  1.6   38   +30     431 F 
fopt403217/A                                       +0     431   
fopt403217/Y         INVX1          4  1.6   30   +34     465 R 
fopt403211/A                                       +0     465   
fopt403211/Y         INVX1          4  1.6   32   +33     498 F 
g384833/B                                          +0     498   
g384833/Y            NAND2X1        1  0.2   14   +23     521 R 
g379549/A                                          +0     521   
g379549/Y            AND2X1         1  0.4   14   +63     584 R 
g377308/A                                          +0     584   
g377308/Y            NAND2X1        1  0.4   31   +33     616 F 
g375806/B                                          +0     616   
g375806/Y            NOR2X1         1  0.4   28   +31     647 R 
g402800/B                                          +0     647   
g402800/Y            NOR2X1         1  0.4   22   +24     671 F 
g374219__2802/A                                    +0     671   
g374219__2802/Y      NOR2X1         1  0.4   26   +33     704 R 
g373928__6417/A                                    +0     704   
g373928__6417/Y      NAND2X1        1  0.4   32   +38     742 F 
g373736__6260/A                                    +0     742   
g373736__6260/Y      NOR2X1         1  0.4   28   +37     779 R 
g373734__2398/B                                    +0     779   
g373734__2398/Y      NAND2X1        1  0.4   32   +35     814 F 
g373636__6131/B                                    +0     814   
g373636__6131/Y      NOR2X1         1  0.4   28   +31     845 R 
g373605__5122/B                                    +0     845   
g373605__5122/Y      NAND2X1        1  0.4   32   +35     880 F 
g373589__2346/A                                    +0     880   
g373589__2346/Y      NOR2X1         1  0.4   28   +37     916 R 
g373587__9945/B                                    +0     916   
g373587__9945/Y      NAND2X1        1  0.3   29   +33     950 F 
data_out_reg[1]/D    DFFRHQX1                      +0     950   
data_out_reg[1]/CK   setup                    0   +36     985 R 
- - - - - - - - - - - - - - - - - - - - - - - - - - - - - - - - 
(clock clk)          capture                              986 R 
----------------------------------------------------------------
Cost Group   : 'clk' (path_group 'clk')
Timing slack :       1ps 
Start-point  : sp_reg[2]/CK
End-point    : data_out_reg[1]/D

path 179:

       Pin            Type     Fanout Load Slew Delay Arrival   
                                      (fF) (ps)  (ps)   (ps)    
----------------------------------------------------------------
(clock clk)          launch                                 0 R 
sp_reg[0]/CK                                  0    +0       0 R 
sp_reg[0]/Q          DFFRHQX1       4  1.6   30  +125     125 F 
fopt400654/A                                       +0     125   
fopt400654/Y         INVX1          3  1.2   24   +27     152 R 
g399385/A                                          +0     152   
g399385/Y            NAND2X1        1  0.4   32   +37     189 F 
g399356/B                                          +0     189   
g399356/Y            NOR2X1         1  0.4   28   +31     220 R 
g399267/B                                          +0     220   
g399267/Y            NAND2X1        2  0.8   43   +41     262 F 
g397389/B                                          +0     262   
g397389/Y            XOR2X1         6  2.0   39   +83     345 F 
fopt401264/A                                       +0     345   
fopt401264/Y         INVX1          2  0.8   20   +28     373 R 
g390483/B                                          +0     373   
g390483/Y            NOR2X1         3  0.8   25   +23     396 F 
g386737/B                                          +0     396   
g386737/Y            AND2X1         4  1.6   31   +54     450 F 
fopt401090/A                                       +0     450   
fopt401090/Y         INVX1          4  1.6   29   +30     481 R 
fopt401086/A                                       +0     481   
fopt401086/Y         INVX1          2  0.8   20   +26     507 F 
fopt401085/A                                       +0     507   
fopt401085/Y         INVX1          4  1.6   27   +26     533 R 
fopt401083/A                                       +0     533   
fopt401083/Y         INVX1          2  0.8   20   +26     558 F 
g380823/B                                          +0     558   
g380823/Y            NAND2X1        1  0.4   17   +19     577 R 
g378166/B                                          +0     577   
g378166/Y            NAND2X1        1  0.4   31   +30     607 F 
g376546/A                                          +0     607   
g376546/Y            NOR2X1         1  0.4   28   +36     643 R 
g375177/B                                          +0     643   
g375177/Y            NOR2X1         1  0.4   21   +24     667 F 
g374455__9945/A                                    +0     667   
g374455__9945/Y      NOR2X1         1  0.4   28   +32     700 R 
g374059__7482/A                                    +0     700   
g374059__7482/Y      NAND2X1        1  0.4   32   +39     738 F 
g373839__9945/A                                    +0     738   
g373839__9945/Y      NOR2X1         1  0.4   28   +36     775 R 
g373700__2883/B                                    +0     775   
g373700__2883/Y      NAND2X1        1  0.4   32   +35     810 F 
g373653__4319/B                                    +0     810   
g373653__4319/Y      NOR2X1         1  0.4   28   +31     841 R 
g373619__7410/B                                    +0     841   
g373619__7410/Y      NAND2X1        1  0.4   32   +35     876 F 
g373592__6417/A                                    +0     876   
g373592__6417/Y      NOR2X1         1  0.4   28   +37     912 R 
g373587__9945/A                                    +0     912   
g373587__9945/Y      NAND2X1        1  0.3   29   +37     950 F 
data_out_reg[1]/D    DFFRHQX1                      +0     950   
data_out_reg[1]/CK   setup                    0   +36     985 R 
- - - - - - - - - - - - - - - - - - - - - - - - - - - - - - - - 
(clock clk)          capture                              986 R 
----------------------------------------------------------------
Cost Group   : 'clk' (path_group 'clk')
Timing slack :       1ps 
Start-point  : sp_reg[0]/CK
End-point    : data_out_reg[1]/D

path 180:

       Pin            Type     Fanout Load Slew Delay Arrival   
                                      (fF) (ps)  (ps)   (ps)    
----------------------------------------------------------------
(clock clk)          launch                                 0 R 
sp_reg[5]/CK                                  0    +0       0 R 
sp_reg[5]/Q          DFFRHQX1       3  1.2   24  +121     121 F 
g403073/A                                          +0     121   
g403073/Y            NOR2X1         3  1.2   48   +45     167 R 
g399402/B                                          +0     167   
g399402/Y            NAND2X1        1  0.4   34   +44     210 F 
g399358/B                                          +0     210   
g399358/Y            NOR2X1         2  0.8   38   +38     249 R 
g402824/B                                          +0     249   
g402824/Y            NOR2X1         2  0.8   24   +32     280 F 
g397857_dup/B                                      +0     280   
g397857_dup/Y        NOR2X1         3  0.8   37   +34     314 R 
g402828/B                                          +0     314   
g402828/Y            OR2X1          2  0.6   15   +47     361 R 
fopt403316/A                                       +0     361   
fopt403316/Y         INVX1          2  0.8   18   +20     381 F 
fopt403315/A                                       +0     381   
fopt403315/Y         INVX1          2  0.8   17   +19     400 R 
g403314/B                                          +0     400   
g403314/Y            NOR2X1         5  2.0   44   +32     432 F 
fopt400480/A                                       +0     432   
fopt400480/Y         INVX1          2  0.8   20   +31     463 R 
fopt400479/A                                       +0     463   
fopt400479/Y         INVX1          5  2.0   36   +32     495 F 
fopt400478/A                                       +0     495   
fopt400478/Y         INVX1          4  1.6   30   +33     528 R 
fopt400477/A                                       +0     528   
fopt400477/Y         INVX1          4  1.6   32   +33     561 F 
g385036/B                                          +0     561   
g385036/Y            NAND2X1        1  0.4   17   +24     585 R 
g380867/B                                          +0     585   
g380867/Y            NAND2X1        1  0.4   31   +30     615 F 
g378198/B                                          +0     615   
g378198/Y            NAND2X1        1  0.4   17   +24     638 R 
g376570/B                                          +0     638   
g376570/Y            NAND2X1        1  0.4   31   +30     668 F 
g375192/A                                          +0     668   
g375192/Y            NOR2X1         1  0.4   28   +36     704 R 
g374461__5477/B                                    +0     704   
g374461__5477/Y      NAND2X1        1  0.4   32   +35     739 F 
g373843__7410/B                                    +0     739   
g373843__7410/Y      NOR2X1         1  0.4   28   +31     771 R 
g373700__2883/A                                    +0     771   
g373700__2883/Y      NAND2X1        1  0.4   32   +39     810 F 
g373653__4319/B                                    +0     810   
g373653__4319/Y      NOR2X1         1  0.4   28   +31     841 R 
g373619__7410/B                                    +0     841   
g373619__7410/Y      NAND2X1        1  0.4   32   +35     876 F 
g373592__6417/A                                    +0     876   
g373592__6417/Y      NOR2X1         1  0.4   28   +37     912 R 
g373587__9945/A                                    +0     912   
g373587__9945/Y      NAND2X1        1  0.3   29   +37     950 F 
data_out_reg[1]/D    DFFRHQX1                      +0     950   
data_out_reg[1]/CK   setup                    0   +36     985 R 
- - - - - - - - - - - - - - - - - - - - - - - - - - - - - - - - 
(clock clk)          capture                              986 R 
----------------------------------------------------------------
Cost Group   : 'clk' (path_group 'clk')
Timing slack :       1ps 
Start-point  : sp_reg[5]/CK
End-point    : data_out_reg[1]/D

path 181:

       Pin            Type     Fanout Load Slew Delay Arrival   
                                      (fF) (ps)  (ps)   (ps)    
----------------------------------------------------------------
(clock clk)          launch                                 0 R 
sp_reg[3]/CK                                  0    +0       0 R 
sp_reg[3]/Q          DFFRHQX1       4  1.6   30  +125     125 F 
g403073/B                                          +0     125   
g403073/Y            NOR2X1         3  1.2   48   +42     167 R 
g399402/B                                          +0     167   
g399402/Y            NAND2X1        1  0.4   34   +44     211 F 
g399358/B                                          +0     211   
g399358/Y            NOR2X1         2  0.8   38   +38     249 R 
g402824/B                                          +0     249   
g402824/Y            NOR2X1         2  0.8   24   +32     281 F 
g397857_dup/B                                      +0     281   
g397857_dup/Y        NOR2X1         3  0.8   37   +34     315 R 
g402828/B                                          +0     315   
g402828/Y            OR2X1          2  0.6   15   +47     362 R 
fopt403316/A                                       +0     362   
fopt403316/Y         INVX1          2  0.8   18   +20     381 F 
fopt403315/A                                       +0     381   
fopt403315/Y         INVX1          2  0.8   17   +19     401 R 
g403314/B                                          +0     401   
g403314/Y            NOR2X1         5  2.0   44   +32     432 F 
fopt400464/A                                       +0     432   
fopt400464/Y         INVX1          2  0.8   20   +31     463 R 
fopt400463/A                                       +0     463   
fopt400463/Y         INVX1          4  1.6   31   +29     492 F 
g384979/B                                          +0     492   
g384979/Y            NAND2X1        1  0.4   17   +24     515 R 
g379917/A                                          +0     515   
g379917/Y            NAND2X1        1  0.2   25   +31     546 F 
g377548/A                                          +0     546   
g377548/Y            OR2X1          1  0.4   15   +68     614 F 
g376011/A                                          +0     614   
g376011/Y            NOR2X1         1  0.4   28   +30     644 R 
g375305/B                                          +0     644   
g375305/Y            NOR2X1         1  0.4   21   +24     668 F 
g374277__5122/A                                    +0     668   
g374277__5122/Y      NOR2X1         1  0.4   28   +32     700 R 
g373956__6417/A                                    +0     700   
g373956__6417/Y      NAND2X1        1  0.4   32   +39     739 F 
g373783__9945/B                                    +0     739   
g373783__9945/Y      NOR2X1         1  0.4   28   +31     771 R 
g373683__5526/A                                    +0     771   
g373683__5526/Y      NAND2X1        1  0.4   32   +39     810 F 
g373608__6131/A                                    +0     810   
g373608__6131/Y      NOR2X1         1  0.4   28   +37     846 R 
g373595__5107/A                                    +0     846   
g373595__5107/Y      NAND2X1        1  0.4   32   +39     885 F 
g373591__7410/B                                    +0     885   
g373591__7410/Y      NOR2X1         1  0.4   28   +31     916 R 
g373586__9315/B                                    +0     916   
g373586__9315/Y      NAND2X1        1  0.3   29   +33     950 F 
data_out_reg[0]/D    DFFRHQX1                      +0     950   
data_out_reg[0]/CK   setup                    0   +36     985 R 
- - - - - - - - - - - - - - - - - - - - - - - - - - - - - - - - 
(clock clk)          capture                              986 R 
----------------------------------------------------------------
Cost Group   : 'clk' (path_group 'clk')
Timing slack :       1ps 
Start-point  : sp_reg[3]/CK
End-point    : data_out_reg[0]/D

path 182:

       Pin             Type     Fanout Load Slew Delay Arrival   
                                       (fF) (ps)  (ps)   (ps)    
-----------------------------------------------------------------
(clock clk)           launch                                 0 R 
sp_reg[7]/CK                                   0    +0       0 R 
sp_reg[7]/Q           DFFRHQX1       4  1.6   30  +125     125 F 
g399419/B                                           +0     125   
g399419/Y             NOR2X1         1  0.4   28   +31     155 R 
g399385/B                                           +0     155   
g399385/Y             NAND2X1        1  0.4   32   +35     190 F 
g399356/B                                           +0     190   
g399356/Y             NOR2X1         1  0.4   28   +31     221 R 
g399267/B                                           +0     221   
g399267/Y             NAND2X1        2  0.8   43   +41     262 F 
g397389/B                                           +0     262   
g397389/Y             XOR2X1         6  2.0   39   +83     346 F 
fopt401264/A                                        +0     346   
fopt401264/Y          INVX1          2  0.8   20   +28     374 R 
g390479/B                                           +0     374   
g390479/Y             NOR2X1         3  0.8   25   +23     397 F 
g386749_dup403368/A                                 +0     397   
g386749_dup403368/Y   AND2X1         2  0.8   19   +44     441 F 
fopt402319/A                                        +0     441   
fopt402319/Y          INVX1          3  1.2   22   +23     464 R 
fopt401210/A                                        +0     464   
fopt401210/Y          INVX1          2  0.8   19   +23     487 F 
fopt401208/A                                        +0     487   
fopt401208/Y          INVX1          3  1.2   22   +23     510 R 
fopt401203/A                                        +0     510   
fopt401203/Y          INVX1          4  1.6   31   +30     539 F 
g380413/B                                           +0     539   
g380413/Y             NAND2X1        1  0.4   17   +24     563 R 
g377888/A                                           +0     563   
g377888/Y             NAND2X1        1  0.4   31   +34     597 F 
g376310/A                                           +0     597   
g376310/Y             NOR2X1         1  0.4   28   +36     633 R 
g375052/B                                           +0     633   
g375052/Y             NOR2X1         1  0.4   23   +24     657 F 
g374504__6131/A                                     +0     657   
g374504__6131/Y       NOR2X1         1  0.4   27   +33     690 R 
g374014__2398/A                                     +0     690   
g374014__2398/Y       NAND2X1        1  0.4   32   +38     729 F 
g373815__7410/A                                     +0     729   
g373815__7410/Y       NOR2X1         1  0.4   28   +36     765 R 
g373701__2346/B                                     +0     765   
g373701__2346/Y       NAND2X1        1  0.4   32   +35     800 F 
g373639__7482/A                                     +0     800   
g373639__7482/Y       NOR2X1         1  0.4   28   +37     837 R 
g373618__1666/A                                     +0     837   
g373618__1666/Y       NAND2X1        1  0.4   32   +39     876 F 
g373596__6260/A                                     +0     876   
g373596__6260/Y       NOR2X1         1  0.4   28   +37     912 R 
g373586__9315/A                                     +0     912   
g373586__9315/Y       NAND2X1        1  0.3   29   +37     950 F 
data_out_reg[0]/D     DFFRHQX1                      +0     950   
data_out_reg[0]/CK    setup                    0   +36     985 R 
- - - - - - - - - - - - - - - - - - - - - - - - - - - - - - - - -
(clock clk)           capture                              986 R 
-----------------------------------------------------------------
Cost Group   : 'clk' (path_group 'clk')
Timing slack :       1ps 
Start-point  : sp_reg[7]/CK
End-point    : data_out_reg[0]/D

path 183:

       Pin            Type     Fanout Load Slew Delay Arrival   
                                      (fF) (ps)  (ps)   (ps)    
----------------------------------------------------------------
(clock clk)          launch                                 0 R 
sp_reg[7]/CK                                  0    +0       0 R 
sp_reg[7]/Q          DFFRHQX1       4  1.6   30  +125     125 F 
g399419/B                                          +0     125   
g399419/Y            NOR2X1         1  0.4   28   +31     155 R 
g399385/B                                          +0     155   
g399385/Y            NAND2X1        1  0.4   32   +35     190 F 
g399356/B                                          +0     190   
g399356/Y            NOR2X1         1  0.4   28   +31     221 R 
g399267/B                                          +0     221   
g399267/Y            NAND2X1        2  0.8   43   +41     262 F 
g397389/B                                          +0     262   
g397389/Y            XOR2X1         6  2.0   39   +83     346 F 
fopt401264/A                                       +0     346   
fopt401264/Y         INVX1          2  0.8   20   +28     374 R 
g390483/B                                          +0     374   
g390483/Y            NOR2X1         3  0.8   25   +23     397 F 
g388507/A                                          +0     397   
g388507/Y            INVX1          2  0.4   13   +20     417 R 
g386748/B                                          +0     417   
g386748/Y            OR2X1          4  1.6   28   +46     462 R 
fopt401408/A                                       +0     462   
fopt401408/Y         INVX1          3  1.2   26   +29     491 F 
fopt401402/A                                       +0     491   
fopt401402/Y         INVX1          4  1.6   28   +28     520 R 
fopt401401/A                                       +0     520   
fopt401401/Y         INVX1          4  1.6   32   +32     552 F 
fopt401400/A                                       +0     552   
fopt401400/Y         INVX1          2  0.8   19   +25     577 R 
fopt401398/A                                       +0     577   
fopt401398/Y         INVX1          4  1.6   30   +28     605 F 
g376041/B                                          +0     605   
g376041/Y            NAND2X1        1  0.4   19   +23     629 R 
g374892/A                                          +0     629   
g374892/Y            NAND2X1        1  0.4   31   +35     664 F 
g374287__9945/A                                    +0     664   
g374287__9945/Y      NOR2X1         1  0.4   26   +36     700 R 
g373964__6783/B                                    +0     700   
g373964__6783/Y      NAND2X1        1  0.4   32   +34     734 F 
g373783__9945/A                                    +0     734   
g373783__9945/Y      NOR2X1         1  0.4   28   +36     771 R 
g373683__5526/A                                    +0     771   
g373683__5526/Y      NAND2X1        1  0.4   32   +39     810 F 
g373608__6131/A                                    +0     810   
g373608__6131/Y      NOR2X1         1  0.4   28   +37     846 R 
g373595__5107/A                                    +0     846   
g373595__5107/Y      NAND2X1        1  0.4   32   +39     885 F 
g373591__7410/B                                    +0     885   
g373591__7410/Y      NOR2X1         1  0.4   28   +31     916 R 
g373586__9315/B                                    +0     916   
g373586__9315/Y      NAND2X1        1  0.3   29   +33     950 F 
data_out_reg[0]/D    DFFRHQX1                      +0     950   
data_out_reg[0]/CK   setup                    0   +36     985 R 
- - - - - - - - - - - - - - - - - - - - - - - - - - - - - - - - 
(clock clk)          capture                              986 R 
----------------------------------------------------------------
Cost Group   : 'clk' (path_group 'clk')
Timing slack :       1ps 
Start-point  : sp_reg[7]/CK
End-point    : data_out_reg[0]/D

path 184:

       Pin            Type     Fanout Load Slew Delay Arrival   
                                      (fF) (ps)  (ps)   (ps)    
----------------------------------------------------------------
(clock clk)          launch                                 0 R 
sp_reg[0]/CK                                  0    +0       0 R 
sp_reg[0]/Q          DFFRHQX1       4  1.6   30  +125     125 F 
g399465/B                                          +0     125   
g399465/Y            NOR2X1         4  1.4   53   +45     170 R 
g399442/A                                          +0     170   
g399442/Y            INVX1          3  1.2   29   +40     210 F 
g403074/A                                          +0     210   
g403074/Y            NOR2X1         2  0.8   38   +42     252 R 
g399257/B                                          +0     252   
g399257/Y            NOR2X1         1  0.4   20   +28     280 F 
g397856/B                                          +0     280   
g397856/Y            NOR2X1         4  1.0   42   +35     315 R 
g397380/B                                          +0     315   
g397380/Y            OR2X1          5  1.8   30   +57     372 R 
g393949/A                                          +0     372   
g393949/Y            INVX1          4  1.0   23   +28     400 F 
g386737/A                                          +0     400   
g386737/Y            AND2X1         4  1.6   31   +50     451 F 
fopt401080/A                                       +0     451   
fopt401080/Y         INVX1          2  0.8   18   +25     475 R 
fopt401079/A                                       +0     475   
fopt401079/Y         INVX1          4  1.6   30   +28     503 F 
fopt401078/A                                       +0     503   
fopt401078/Y         INVX1          2  0.8   18   +25     528 R 
fopt401077/A                                       +0     528   
fopt401077/Y         INVX1          4  1.6   30   +28     556 F 
g380839/B                                          +0     556   
g380839/Y            NAND2X1        1  0.4   17   +23     579 R 
g378164/A                                          +0     579   
g378164/Y            NAND2X1        1  0.4   31   +34     614 F 
g376550/B                                          +0     614   
g376550/Y            NOR2X1         1  0.4   28   +31     644 R 
g375176/B                                          +0     644   
g375176/Y            NOR2X1         1  0.4   20   +24     668 F 
g374443__2802/A                                    +0     668   
g374443__2802/Y      NOR2X1         1  0.4   27   +32     700 R 
g374056__6131/A                                    +0     700   
g374056__6131/Y      NAND2X1        1  0.4   32   +39     739 F 
g373825__3680/A                                    +0     739   
g373825__3680/Y      NOR2X1         1  0.4   28   +36     775 R 
g373694__5115/B                                    +0     775   
g373694__5115/Y      NAND2X1        1  0.4   32   +35     810 F 
g373634__8246/A                                    +0     810   
g373634__8246/Y      NOR2X1         1  0.4   26   +37     847 R 
g373607__7098/B                                    +0     847   
g373607__7098/Y      NAND2X1        1  0.4   32   +34     881 F 
g373596__6260/B                                    +0     881   
g373596__6260/Y      NOR2X1         1  0.4   28   +31     912 R 
g373586__9315/A                                    +0     912   
g373586__9315/Y      NAND2X1        1  0.3   29   +37     950 F 
data_out_reg[0]/D    DFFRHQX1                      +0     950   
data_out_reg[0]/CK   setup                    0   +36     985 R 
- - - - - - - - - - - - - - - - - - - - - - - - - - - - - - - - 
(clock clk)          capture                              986 R 
----------------------------------------------------------------
Cost Group   : 'clk' (path_group 'clk')
Timing slack :       1ps 
Start-point  : sp_reg[0]/CK
End-point    : data_out_reg[0]/D

path 185:

       Pin            Type     Fanout Load Slew Delay Arrival   
                                      (fF) (ps)  (ps)   (ps)    
----------------------------------------------------------------
(clock clk)          launch                                 0 R 
sp_reg[0]/CK                                  0    +0       0 R 
sp_reg[0]/Q          DFFRHQX1       4  1.6   30  +125     125 F 
fopt400654/A                                       +0     125   
fopt400654/Y         INVX1          3  1.2   24   +27     152 R 
g399385/A                                          +0     152   
g399385/Y            NAND2X1        1  0.4   32   +37     189 F 
g399356/B                                          +0     189   
g399356/Y            NOR2X1         1  0.4   28   +31     220 R 
g399267/B                                          +0     220   
g399267/Y            NAND2X1        2  0.8   43   +41     262 F 
g397389/B                                          +0     262   
g397389/Y            XOR2X1         6  2.0   39   +83     345 F 
fopt401264/A                                       +0     345   
fopt401264/Y         INVX1          2  0.8   20   +28     373 R 
g390483/B                                          +0     373   
g390483/Y            NOR2X1         3  0.8   25   +23     396 F 
g386737/B                                          +0     396   
g386737/Y            AND2X1         4  1.6   31   +54     450 F 
fopt401090/A                                       +0     450   
fopt401090/Y         INVX1          4  1.6   29   +30     481 R 
fopt401086/A                                       +0     481   
fopt401086/Y         INVX1          2  0.8   20   +26     507 F 
fopt401085/A                                       +0     507   
fopt401085/Y         INVX1          4  1.6   27   +26     533 R 
fopt401082/A                                       +0     533   
fopt401082/Y         INVX1          2  0.8   20   +26     558 F 
g379932/B                                          +0     558   
g379932/Y            NAND2X1        1  0.4   17   +19     577 R 
g377547/B                                          +0     577   
g377547/Y            NAND2X1        1  0.4   31   +30     607 F 
g376007/A                                          +0     607   
g376007/Y            NOR2X1         1  0.4   28   +36     643 R 
g374886/B                                          +0     643   
g374886/Y            NOR2X1         1  0.4   23   +24     667 F 
g374276__1705/A                                    +0     667   
g374276__1705/Y      NOR2X1         1  0.4   26   +33     700 R 
g373953__2346/B                                    +0     700   
g373953__2346/Y      NAND2X1        1  0.4   32   +34     734 F 
g373858__8246/A                                    +0     734   
g373858__8246/Y      NOR2X1         1  0.4   28   +36     771 R 
g373689__5122/B                                    +0     771   
g373689__5122/Y      NAND2X1        1  0.4   32   +35     805 F 
g373639__7482/B                                    +0     805   
g373639__7482/Y      NOR2X1         1  0.4   28   +31     837 R 
g373618__1666/A                                    +0     837   
g373618__1666/Y      NAND2X1        1  0.4   32   +39     876 F 
g373596__6260/A                                    +0     876   
g373596__6260/Y      NOR2X1         1  0.4   28   +37     912 R 
g373586__9315/A                                    +0     912   
g373586__9315/Y      NAND2X1        1  0.3   29   +37     950 F 
data_out_reg[0]/D    DFFRHQX1                      +0     950   
data_out_reg[0]/CK   setup                    0   +36     985 R 
- - - - - - - - - - - - - - - - - - - - - - - - - - - - - - - - 
(clock clk)          capture                              986 R 
----------------------------------------------------------------
Cost Group   : 'clk' (path_group 'clk')
Timing slack :       1ps 
Start-point  : sp_reg[0]/CK
End-point    : data_out_reg[0]/D

path 186:

       Pin            Type     Fanout Load Slew Delay Arrival   
                                      (fF) (ps)  (ps)   (ps)    
----------------------------------------------------------------
(clock clk)          launch                                 0 R 
sp_reg[5]/CK                                  0    +0       0 R 
sp_reg[5]/Q          DFFRHQX1       3  1.2   24  +121     121 F 
g403073/A                                          +0     121   
g403073/Y            NOR2X1         3  1.2   48   +45     167 R 
g403075/A                                          +0     167   
g403075/Y            NAND2X1        1  0.4   33   +47     214 F 
g403074/B                                          +0     214   
g403074/Y            NOR2X1         2  0.8   38   +38     252 R 
g399257/B                                          +0     252   
g399257/Y            NOR2X1         1  0.4   20   +28     280 F 
g397856/B                                          +0     280   
g397856/Y            NOR2X1         4  1.0   42   +35     315 R 
g397380/B                                          +0     315   
g397380/Y            OR2X1          5  1.8   30   +57     372 R 
g393949/A                                          +0     372   
g393949/Y            INVX1          4  1.0   23   +28     401 F 
g386737/A                                          +0     401   
g386737/Y            AND2X1         4  1.6   31   +50     451 F 
fopt401080/A                                       +0     451   
fopt401080/Y         INVX1          2  0.8   18   +25     476 R 
fopt401079/A                                       +0     476   
fopt401079/Y         INVX1          4  1.6   30   +28     503 F 
fopt401078/A                                       +0     503   
fopt401078/Y         INVX1          2  0.8   18   +25     528 R 
fopt401077/A                                       +0     528   
fopt401077/Y         INVX1          4  1.6   30   +28     556 F 
g380014/B                                          +0     556   
g380014/Y            NAND2X1        1  0.4   17   +23     579 R 
g377616/B                                          +0     579   
g377616/Y            NAND2X1        1  0.4   31   +30     609 F 
g376046/B                                          +0     609   
g376046/Y            NOR2X1         1  0.4   28   +31     640 R 
g374902/B                                          +0     640   
g374902/Y            NOR2X1         1  0.4   20   +24     664 F 
g374283__7482/A                                    +0     664   
g374283__7482/Y      NOR2X1         1  0.4   26   +32     696 R 
g373953__2346/A                                    +0     696   
g373953__2346/Y      NAND2X1        1  0.4   32   +38     734 F 
g373858__8246/A                                    +0     734   
g373858__8246/Y      NOR2X1         1  0.4   28   +36     771 R 
g373689__5122/B                                    +0     771   
g373689__5122/Y      NAND2X1        1  0.4   32   +35     805 F 
g373639__7482/B                                    +0     805   
g373639__7482/Y      NOR2X1         1  0.4   28   +31     837 R 
g373618__1666/A                                    +0     837   
g373618__1666/Y      NAND2X1        1  0.4   32   +39     876 F 
g373596__6260/A                                    +0     876   
g373596__6260/Y      NOR2X1         1  0.4   28   +37     912 R 
g373586__9315/A                                    +0     912   
g373586__9315/Y      NAND2X1        1  0.3   29   +37     950 F 
data_out_reg[0]/D    DFFRHQX1                      +0     950   
data_out_reg[0]/CK   setup                    0   +36     985 R 
- - - - - - - - - - - - - - - - - - - - - - - - - - - - - - - - 
(clock clk)          capture                              986 R 
----------------------------------------------------------------
Cost Group   : 'clk' (path_group 'clk')
Timing slack :       1ps 
Start-point  : sp_reg[5]/CK
End-point    : data_out_reg[0]/D

path 187:

       Pin            Type     Fanout Load Slew Delay Arrival   
                                      (fF) (ps)  (ps)   (ps)    
----------------------------------------------------------------
(clock clk)          launch                                 0 R 
sp_reg[3]/CK                                  0    +0       0 R 
sp_reg[3]/Q          DFFRHQX1       4  1.6   30  +125     125 F 
g403073/B                                          +0     125   
g403073/Y            NOR2X1         3  1.2   48   +42     167 R 
g403075/A                                          +0     167   
g403075/Y            NAND2X1        1  0.4   33   +47     214 F 
g403074/B                                          +0     214   
g403074/Y            NOR2X1         2  0.8   38   +38     252 R 
g399257/B                                          +0     252   
g399257/Y            NOR2X1         1  0.4   20   +28     280 F 
g397856/B                                          +0     280   
g397856/Y            NOR2X1         4  1.0   42   +35     315 R 
g397380/B                                          +0     315   
g397380/Y            OR2X1          5  1.8   30   +57     372 R 
g390492/B                                          +0     372   
g390492/Y            NOR2X1         4  1.6   39   +35     407 F 
fopt400961/A                                       +0     407   
fopt400961/Y         INVX1          4  1.0   22   +30     437 R 
fopt400959/A                                       +0     437   
fopt400959/Y         INVX1          2  0.4   14   +20     457 F 
g386689/B                                          +0     457   
g386689/Y            AND2X1        12  4.8   78   +76     532 F 
fopt402066/A                                       +0     532   
fopt402066/Y         INVX1          2  0.8   25   +45     578 R 
fopt402061/A                                       +0     578   
fopt402061/Y         INVX1          4  1.6   31   +31     609 F 
g375961/A                                          +0     609   
g375961/Y            NAND2X1        1  0.4   19   +26     635 R 
g374855/B                                          +0     635   
g374855/Y            NAND2X1        1  0.4   31   +31     666 F 
g374265__5477/A                                    +0     666   
g374265__5477/Y      NOR2X1         1  0.4   28   +36     702 R 
g373952__2883/B                                    +0     702   
g373952__2883/Y      NAND2X1        1  0.4   32   +35     737 F 
g373688__1705/A                                    +0     737   
g373688__1705/Y      NOR2X1         1  0.4   28   +37     773 R 
g373638__5115/B                                    +0     773   
g373638__5115/Y      NAND2X1        1  0.4   32   +35     808 F 
g373612__4733/A                                    +0     808   
g373612__4733/Y      NOR2X1         1  0.4   28   +37     845 R 
g373598__8428/B                                    +0     845   
g373598__8428/Y      NAND2X1        1  0.4   32   +35     880 F 
g373590__1666/A                                    +0     880   
g373590__1666/Y      NOR2X1         1  0.4   28   +37     916 R 
g373585__6161/B                                    +0     916   
g373585__6161/Y      NAND2X1        1  0.3   29   +33     949 F 
data_out_reg[3]/D    DFFRHQX1                      +0     949   
data_out_reg[3]/CK   setup                    0   +36     985 R 
- - - - - - - - - - - - - - - - - - - - - - - - - - - - - - - - 
(clock clk)          capture                              986 R 
----------------------------------------------------------------
Cost Group   : 'clk' (path_group 'clk')
Timing slack :       1ps 
Start-point  : sp_reg[3]/CK
End-point    : data_out_reg[3]/D

path 188:

       Pin            Type     Fanout Load Slew Delay Arrival   
                                      (fF) (ps)  (ps)   (ps)    
----------------------------------------------------------------
(clock clk)          launch                                 0 R 
sp_reg[3]/CK                                  0    +0       0 R 
sp_reg[3]/Q          DFFRHQX1       4  1.6   30  +125     125 F 
g403073/B                                          +0     125   
g403073/Y            NOR2X1         3  1.2   48   +42     167 R 
g403075/A                                          +0     167   
g403075/Y            NAND2X1        1  0.4   33   +47     214 F 
g403074/B                                          +0     214   
g403074/Y            NOR2X1         2  0.8   38   +38     252 R 
g399257/B                                          +0     252   
g399257/Y            NOR2X1         1  0.4   20   +28     280 F 
g397856/B                                          +0     280   
g397856/Y            NOR2X1         4  1.0   42   +35     315 R 
g397380/B                                          +0     315   
g397380/Y            OR2X1          5  1.8   30   +57     372 R 
g390492/B                                          +0     372   
g390492/Y            NOR2X1         4  1.6   39   +35     407 F 
fopt400961/A                                       +0     407   
fopt400961/Y         INVX1          4  1.0   22   +30     437 R 
fopt400959/A                                       +0     437   
fopt400959/Y         INVX1          2  0.4   14   +20     457 F 
g386689/B                                          +0     457   
g386689/Y            AND2X1        12  4.8   78   +76     532 F 
g378616/B                                          +0     532   
g378616/Y            NAND2X1        1  0.2   20   +43     575 R 
g375644/A                                          +0     575   
g375644/Y            AND2X1         1  0.4   14   +65     640 R 
g374677/A                                          +0     640   
g374677/Y            NAND2X1        1  0.4   31   +33     673 F 
g374567/A                                          +0     673   
g374567/Y            NAND2X1        1  0.4   19   +26     699 R 
g374102__8428/A                                    +0     699   
g374102__8428/Y      NAND2X1        1  0.4   31   +35     734 F 
g373753__6161/A                                    +0     734   
g373753__6161/Y      NOR2X1         1  0.4   28   +36     770 R 
g373672__2883/B                                    +0     770   
g373672__2883/Y      NAND2X1        1  0.4   32   +35     805 F 
g373630__1617/B                                    +0     805   
g373630__1617/Y      NOR2X1         1  0.4   28   +31     837 R 
g373606__8246/A                                    +0     837   
g373606__8246/Y      NAND2X1        1  0.4   32   +39     876 F 
g373594__2398/A                                    +0     876   
g373594__2398/Y      NOR2X1         1  0.4   28   +37     912 R 
g373585__6161/A                                    +0     912   
g373585__6161/Y      NAND2X1        1  0.3   29   +37     949 F 
data_out_reg[3]/D    DFFRHQX1                      +0     949   
data_out_reg[3]/CK   setup                    0   +36     985 R 
- - - - - - - - - - - - - - - - - - - - - - - - - - - - - - - - 
(clock clk)          capture                              986 R 
----------------------------------------------------------------
Cost Group   : 'clk' (path_group 'clk')
Timing slack :       1ps 
Start-point  : sp_reg[3]/CK
End-point    : data_out_reg[3]/D

path 189:

       Pin            Type     Fanout Load Slew Delay Arrival   
                                      (fF) (ps)  (ps)   (ps)    
----------------------------------------------------------------
(clock clk)          launch                                 0 R 
sp_reg[0]/CK                                  0    +0       0 R 
sp_reg[0]/Q          DFFRHQX1       4  1.6   30  +125     125 F 
g399465/B                                          +0     125   
g399465/Y            NOR2X1         4  1.4   53   +45     170 R 
g399442/A                                          +0     170   
g399442/Y            INVX1          3  1.2   29   +40     210 F 
g399392/B                                          +0     210   
g399392/Y            NOR2X1         2  0.8   38   +36     246 R 
g399357/B                                          +0     246   
g399357/Y            NOR2X1         1  0.4   20   +28     275 F 
g399271/B                                          +0     275   
g399271/Y            NOR2X1         2  0.6   31   +29     304 R 
g402712/A                                          +0     304   
g402712/Y            INVX1          3  1.0   24   +29     333 F 
g402711/A                                          +0     333   
g402711/Y            INVX1          4  1.6   28   +27     360 R 
g403009/A                                          +0     360   
g403009/Y            INVX1          2  0.8   20   +26     386 F 
g402716_dup/A                                      +0     386   
g402716_dup/Y        INVX1          2  0.8   17   +20     406 R 
g403012/A                                          +0     406   
g403012/Y            NOR2X1         2  0.6   22   +25     431 F 
g388506/A                                          +0     431   
g388506/Y            INVX1          3  1.2   22   +24     455 R 
g386664/B                                          +0     455   
g386664/Y            NOR2X1         2  0.8   25   +25     480 F 
g383153/A                                          +0     480   
g383153/Y            INVX1          2  0.8   18   +22     502 R 
g381119/B                                          +0     502   
g381119/Y            NOR2X1         8  3.2   62   +42     544 F 
g377457/B                                          +0     544   
g377457/Y            NAND2X1        1  0.4   21   +37     581 R 
g375936/B                                          +0     581   
g375936/Y            NAND2X1        1  0.4   31   +32     613 F 
g374845/B                                          +0     613   
g374845/Y            NOR2X1         1  0.4   28   +31     644 R 
g374262__1666/B                                    +0     644   
g374262__1666/Y      NOR2X1         1  0.4   21   +24     668 F 
g373951__9945/A                                    +0     668   
g373951__9945/Y      NOR2X1         1  0.4   26   +32     700 R 
g373782__9315/A                                    +0     700   
g373782__9315/Y      NAND2X1        1  0.4   32   +38     738 F 
g373687__2802/B                                    +0     738   
g373687__2802/Y      NOR2X1         1  0.4   28   +31     769 R 
g373638__5115/A                                    +0     769   
g373638__5115/Y      NAND2X1        1  0.4   32   +39     808 F 
g373612__4733/A                                    +0     808   
g373612__4733/Y      NOR2X1         1  0.4   28   +37     845 R 
g373598__8428/B                                    +0     845   
g373598__8428/Y      NAND2X1        1  0.4   32   +35     880 F 
g373590__1666/A                                    +0     880   
g373590__1666/Y      NOR2X1         1  0.4   28   +37     916 R 
g373585__6161/B                                    +0     916   
g373585__6161/Y      NAND2X1        1  0.3   29   +33     949 F 
data_out_reg[3]/D    DFFRHQX1                      +0     949   
data_out_reg[3]/CK   setup                    0   +36     985 R 
- - - - - - - - - - - - - - - - - - - - - - - - - - - - - - - - 
(clock clk)          capture                              986 R 
----------------------------------------------------------------
Cost Group   : 'clk' (path_group 'clk')
Timing slack :       1ps 
Start-point  : sp_reg[0]/CK
End-point    : data_out_reg[3]/D

path 190:

       Pin             Type     Fanout Load Slew Delay Arrival   
                                       (fF) (ps)  (ps)   (ps)    
-----------------------------------------------------------------
(clock clk)           launch                                 0 R 
sp_reg[16]/CK                                  0    +0       0 R 
sp_reg[16]/Q          DFFRHQX1       8  2.6   45  +133     133 F 
g88003__8246/A                                      +0     133   
g88003__8246/Y        NOR2X1         1  0.4   29   +42     174 R 
g87987__5477/B                                      +0     174   
g87987__5477/Y        NAND2X1        2  0.6   38   +38     213 F 
g87972__6161/A                                      +0     213   
g87972__6161/Y        OR2X1          5  1.6   32   +81     294 F 
g87961__403021/A                                    +0     294   
g87961__403021/Y      NOR2X1         2  0.8   37   +43     337 R 
g87950__403020/A                                    +0     337   
g87950__403020/Y      NAND2X1        2  0.6   39   +46     383 F 
g390480_dup403023/A                                 +0     383   
g390480_dup403023/Y   AND2X1         1  0.2   11   +44     426 F 
g402790/B                                           +0     426   
g402790/Y             AND2X1         6  2.4   42   +56     482 F 
fopt9/A                                             +0     482   
fopt9/Y               INVX1          4  1.6   30   +36     517 R 
fopt8/A                                             +0     517   
fopt8/Y               INVX1          4  1.6   32   +33     550 F 
g380081/B                                           +0     550   
g380081/Y             NAND2X1        1  0.4   17   +24     575 R 
g377656/A                                           +0     575   
g377656/Y             NAND2X1        1  0.4   31   +34     609 F 
g376111/B                                           +0     609   
g376111/Y             NAND2X1        1  0.4   21   +24     632 R 
g374937/A                                           +0     632   
g374937/Y             NAND2X1        1  0.4   31   +36     668 F 
g374316__2883/A                                     +0     668   
g374316__2883/Y       NOR2X1         1  0.4   28   +36     705 R 
g373978__9315/A                                     +0     705   
g373978__9315/Y       NAND2X1        1  0.4   32   +39     743 F 
g373695__7482/A                                     +0     743   
g373695__7482/Y       NOR2X1         1  0.4   28   +36     780 R 
g373643__9945/B                                     +0     780   
g373643__9945/Y       NAND2X1        1  0.4   32   +35     815 F 
g373620__6417/B                                     +0     815   
g373620__6417/Y       NOR2X1         1  0.4   28   +31     846 R 
g373599__5526/A                                     +0     846   
g373599__5526/Y       NAND2X1        1  0.4   32   +39     885 F 
g373590__1666/B                                     +0     885   
g373590__1666/Y       NOR2X1         1  0.4   28   +31     916 R 
g373585__6161/B                                     +0     916   
g373585__6161/Y       NAND2X1        1  0.3   29   +33     949 F 
data_out_reg[3]/D     DFFRHQX1                      +0     949   
data_out_reg[3]/CK    setup                    0   +36     985 R 
- - - - - - - - - - - - - - - - - - - - - - - - - - - - - - - - -
(clock clk)           capture                              986 R 
-----------------------------------------------------------------
Cost Group   : 'clk' (path_group 'clk')
Timing slack :       1ps 
Start-point  : sp_reg[16]/CK
End-point    : data_out_reg[3]/D

path 191:

       Pin            Type     Fanout Load Slew Delay Arrival   
                                      (fF) (ps)  (ps)   (ps)    
----------------------------------------------------------------
(clock clk)          launch                                 0 R 
sp_reg[1]/CK                                  0    +0       0 R 
sp_reg[1]/Q          DFFRHQX1       3  1.2   24  +121     121 F 
g399465/A                                          +0     121   
g399465/Y            NOR2X1         4  1.4   53   +48     170 R 
g399442/A                                          +0     170   
g399442/Y            INVX1          3  1.2   29   +40     210 F 
g403074/A                                          +0     210   
g403074/Y            NOR2X1         2  0.8   38   +42     252 R 
g399257/B                                          +0     252   
g399257/Y            NOR2X1         1  0.4   20   +28     280 F 
g397856/B                                          +0     280   
g397856/Y            NOR2X1         4  1.0   42   +35     315 R 
g397380/B                                          +0     315   
g397380/Y            OR2X1          5  1.8   30   +57     372 R 
g393949/A                                          +0     372   
g393949/Y            INVX1          4  1.0   23   +28     400 F 
g386737/A                                          +0     400   
g386737/Y            AND2X1         4  1.6   31   +50     450 F 
fopt401080/A                                       +0     450   
fopt401080/Y         INVX1          2  0.8   18   +25     475 R 
fopt401079/A                                       +0     475   
fopt401079/Y         INVX1          4  1.6   30   +28     503 F 
fopt401075/A                                       +0     503   
fopt401075/Y         INVX1          4  1.6   29   +30     533 R 
fopt401072/A                                       +0     533   
fopt401072/Y         INVX1          2  0.8   20   +26     559 F 
g379652/B                                          +0     559   
g379652/Y            NAND2X1        1  0.4   17   +19     578 R 
g377376/B                                          +0     578   
g377376/Y            NAND2X1        1  0.4   31   +30     608 F 
g375863/B                                          +0     608   
g375863/Y            NOR2X1         1  0.4   28   +31     639 R 
g374798/B                                          +0     639   
g374798/Y            NOR2X1         1  0.4   23   +24     663 F 
g374498__1617/A                                    +0     663   
g374498__1617/Y      NOR2X1         1  0.4   27   +33     696 R 
g374089__6161/A                                    +0     696   
g374089__6161/Y      NAND2X1        1  0.4   31   +38     734 F 
g373776__6131/A                                    +0     734   
g373776__6131/Y      NOR2X1         1  0.4   28   +36     770 R 
g373685__3680/B                                    +0     770   
g373685__3680/Y      NAND2X1        1  0.4   32   +35     805 F 
g373637__1881/A                                    +0     805   
g373637__1881/Y      NOR2X1         1  0.4   28   +37     842 R 
g373609__1881/A                                    +0     842   
g373609__1881/Y      NAND2X1        1  0.4   32   +39     881 F 
g373594__2398/B                                    +0     881   
g373594__2398/Y      NOR2X1         1  0.4   28   +31     912 R 
g373585__6161/A                                    +0     912   
g373585__6161/Y      NAND2X1        1  0.3   29   +37     949 F 
data_out_reg[3]/D    DFFRHQX1                      +0     949   
data_out_reg[3]/CK   setup                    0   +36     985 R 
- - - - - - - - - - - - - - - - - - - - - - - - - - - - - - - - 
(clock clk)          capture                              986 R 
----------------------------------------------------------------
Cost Group   : 'clk' (path_group 'clk')
Timing slack :       1ps 
Start-point  : sp_reg[1]/CK
End-point    : data_out_reg[3]/D

path 192:

       Pin            Type     Fanout Load Slew Delay Arrival   
                                      (fF) (ps)  (ps)   (ps)    
----------------------------------------------------------------
(clock clk)          launch                                 0 R 
sp_reg[0]/CK                                  0    +0       0 R 
sp_reg[0]/Q          DFFRHQX1       4  1.6   30  +125     125 F 
fopt400654/A                                       +0     125   
fopt400654/Y         INVX1          3  1.2   24   +27     152 R 
g399385/A                                          +0     152   
g399385/Y            NAND2X1        1  0.4   32   +37     189 F 
g399356/B                                          +0     189   
g399356/Y            NOR2X1         1  0.4   28   +31     220 R 
g399267/B                                          +0     220   
g399267/Y            NAND2X1        2  0.8   43   +41     262 F 
g397389/B                                          +0     262   
g397389/Y            XOR2X1         6  2.0   39   +83     345 F 
fopt401264/A                                       +0     345   
fopt401264/Y         INVX1          2  0.8   20   +28     373 R 
g390483/B                                          +0     373   
g390483/Y            NOR2X1         3  0.8   25   +23     396 F 
g402687/B                                          +0     396   
g402687/Y            AND2X1         3  1.2   25   +51     447 F 
fopt402254/A                                       +0     447   
fopt402254/Y         INVX1          4  1.6   28   +28     475 R 
fopt401769/A                                       +0     475   
fopt401769/Y         INVX1          4  1.6   32   +32     507 F 
fopt401768/A                                       +0     507   
fopt401768/Y         INVX1          2  0.8   19   +25     533 R 
fopt401767/A                                       +0     533   
fopt401767/Y         INVX1          2  0.8   19   +22     554 F 
g380739/B                                          +0     554   
g380739/Y            NAND2X1        1  0.4   17   +18     572 R 
g378109/A                                          +0     572   
g378109/Y            NAND2X1        1  0.4   31   +34     607 F 
g376499/B                                          +0     607   
g376499/Y            NOR2X1         1  0.4   28   +31     638 R 
g375421/B                                          +0     638   
g375421/Y            NOR2X1         1  0.4   26   +24     661 F 
g374439__5526/B                                    +0     661   
g374439__5526/Y      NOR2X1         1  0.4   27   +29     690 R 
g374050__1617/B                                    +0     690   
g374050__1617/Y      NAND2X1        1  0.4   32   +34     724 F 
g373837__6161/A                                    +0     724   
g373837__6161/Y      NOR2X1         1  0.4   28   +37     761 R 
g373716__1705/A                                    +0     761   
g373716__1705/Y      NAND2X1        1  0.4   32   +39     800 F 
g373645__2346/A                                    +0     800   
g373645__2346/Y      NOR2X1         1  0.4   28   +37     837 R 
g373615__9945/A                                    +0     837   
g373615__9945/Y      NAND2X1        1  0.4   32   +39     876 F 
g373600__6783/A                                    +0     876   
g373600__6783/Y      NOR2X1         1  0.4   28   +37     912 R 
g373588__2883/A                                    +0     912   
g373588__2883/Y      NAND2X1        1  0.3   29   +37     949 F 
data_out_reg[2]/D    DFFRHQX1                      +0     949   
data_out_reg[2]/CK   setup                    0   +36     985 R 
- - - - - - - - - - - - - - - - - - - - - - - - - - - - - - - - 
(clock clk)          capture                              986 R 
----------------------------------------------------------------
Cost Group   : 'clk' (path_group 'clk')
Timing slack :       1ps 
Start-point  : sp_reg[0]/CK
End-point    : data_out_reg[2]/D

path 193:

       Pin            Type     Fanout Load Slew Delay Arrival   
                                      (fF) (ps)  (ps)   (ps)    
----------------------------------------------------------------
(clock clk)          launch                                 0 R 
sp_reg[5]/CK                                  0    +0       0 R 
sp_reg[5]/Q          DFFRHQX1       3  1.2   24  +121     121 F 
g403073/A                                          +0     121   
g403073/Y            NOR2X1         3  1.2   48   +45     167 R 
g403075/A                                          +0     167   
g403075/Y            NAND2X1        1  0.4   33   +47     214 F 
g403074/B                                          +0     214   
g403074/Y            NOR2X1         2  0.8   38   +38     252 R 
g399257/B                                          +0     252   
g399257/Y            NOR2X1         1  0.4   20   +28     280 F 
g397856/B                                          +0     280   
g397856/Y            NOR2X1         4  1.0   42   +35     315 R 
g397380/B                                          +0     315   
g397380/Y            OR2X1          5  1.8   30   +57     372 R 
g393949/A                                          +0     372   
g393949/Y            INVX1          4  1.0   23   +28     401 F 
g386737/A                                          +0     401   
g386737/Y            AND2X1         4  1.6   31   +50     451 F 
fopt401080/A                                       +0     451   
fopt401080/Y         INVX1          2  0.8   18   +25     476 R 
fopt401079/A                                       +0     476   
fopt401079/Y         INVX1          4  1.6   30   +28     503 F 
fopt401078/A                                       +0     503   
fopt401078/Y         INVX1          2  0.8   18   +25     528 R 
fopt401077/A                                       +0     528   
fopt401077/Y         INVX1          4  1.6   30   +28     556 F 
g380544/B                                          +0     556   
g380544/Y            NAND2X1        1  0.4   17   +23     579 R 
g377981/A                                          +0     579   
g377981/Y            NAND2X1        1  0.4   31   +34     614 F 
g376383/B                                          +0     614   
g376383/Y            NOR2X1         1  0.4   28   +31     644 R 
g375093/B                                          +0     644   
g375093/Y            NOR2X1         1  0.4   21   +24     668 F 
g374398__9315/A                                    +0     668   
g374398__9315/Y      NOR2X1         1  0.4   27   +33     701 R 
g374028__6131/A                                    +0     701   
g374028__6131/Y      NAND2X1        1  0.4   32   +38     739 F 
g373824__6783/B                                    +0     739   
g373824__6783/Y      NOR2X1         1  0.4   28   +31     770 R 
g373709__4319/A                                    +0     770   
g373709__4319/Y      NAND2X1        1  0.4   32   +39     809 F 
g373650__2398/A                                    +0     809   
g373650__2398/Y      NOR2X1         1  0.4   28   +37     846 R 
g373617__2346/B                                    +0     846   
g373617__2346/Y      NAND2X1        1  0.4   32   +35     881 F 
g373600__6783/B                                    +0     881   
g373600__6783/Y      NOR2X1         1  0.4   28   +31     912 R 
g373588__2883/A                                    +0     912   
g373588__2883/Y      NAND2X1        1  0.3   29   +37     949 F 
data_out_reg[2]/D    DFFRHQX1                      +0     949   
data_out_reg[2]/CK   setup                    0   +36     985 R 
- - - - - - - - - - - - - - - - - - - - - - - - - - - - - - - - 
(clock clk)          capture                              986 R 
----------------------------------------------------------------
Cost Group   : 'clk' (path_group 'clk')
Timing slack :       1ps 
Start-point  : sp_reg[5]/CK
End-point    : data_out_reg[2]/D

path 194:

       Pin            Type     Fanout Load Slew Delay Arrival   
                                      (fF) (ps)  (ps)   (ps)    
----------------------------------------------------------------
(clock clk)          launch                                 0 R 
sp_reg[5]/CK                                  0    +0       0 R 
sp_reg[5]/Q          DFFRHQX1       3  1.2   24  +121     121 F 
g399419/A                                          +0     121   
g399419/Y            NOR2X1         1  0.4   28   +34     155 R 
g399385/B                                          +0     155   
g399385/Y            NAND2X1        1  0.4   32   +35     190 F 
g399356/B                                          +0     190   
g399356/Y            NOR2X1         1  0.4   28   +31     221 R 
g399267/B                                          +0     221   
g399267/Y            NAND2X1        2  0.8   43   +41     262 F 
g397389/B                                          +0     262   
g397389/Y            XOR2X1         6  2.0   35   +87     349 R 
fopt401263/A                                       +0     349   
fopt401263/Y         INVX1          2  0.8   21   +29     378 F 
g390487/B                                          +0     378   
g390487/Y            NAND2X1        2  0.8   23   +22     400 R 
g388509/A                                          +0     400   
g388509/Y            INVX1          4  1.0   22   +25     426 F 
g402790/A                                          +0     426   
g402790/Y            AND2X1         6  2.4   42   +56     482 F 
fopt9/A                                            +0     482   
fopt9/Y              INVX1          4  1.6   30   +36     518 R 
fopt6/A                                            +0     518   
fopt6/Y              INVX1          2  0.8   20   +27     544 F 
g380833/B                                          +0     544   
g380833/Y            NAND2X1        1  0.4   17   +19     563 R 
g378172/A                                          +0     563   
g378172/Y            NAND2X1        1  0.4   31   +34     598 F 
g376554/B                                          +0     598   
g376554/Y            NAND2X1        1  0.4   26   +24     621 R 
g375183/A                                          +0     621   
g375183/Y            NAND2X1        1  0.4   32   +38     659 F 
g374459__7410/A                                    +0     659   
g374459__7410/Y      NOR2X1         1  0.4   26   +36     696 R 
g374060__4733/A                                    +0     696   
g374060__4733/Y      NAND2X1        1  0.4   32   +38     734 F 
g373840__2883/A                                    +0     734   
g373840__2883/Y      NOR2X1         1  0.4   28   +37     771 R 
g373717__5122/A                                    +0     771   
g373717__5122/Y      NAND2X1        1  0.4   32   +39     809 F 
g373655__5526/B                                    +0     809   
g373655__5526/Y      NOR2X1         1  0.4   28   +31     841 R 
g373603__2802/A                                    +0     841   
g373603__2802/Y      NAND2X1        1  0.4   32   +39     880 F 
g373593__5477/A                                    +0     880   
g373593__5477/Y      NOR2X1         1  0.4   28   +37     916 R 
g373588__2883/B                                    +0     916   
g373588__2883/Y      NAND2X1        1  0.3   29   +33     949 F 
data_out_reg[2]/D    DFFRHQX1                      +0     949   
data_out_reg[2]/CK   setup                    0   +36     985 R 
- - - - - - - - - - - - - - - - - - - - - - - - - - - - - - - - 
(clock clk)          capture                              986 R 
----------------------------------------------------------------
Cost Group   : 'clk' (path_group 'clk')
Timing slack :       1ps 
Start-point  : sp_reg[5]/CK
End-point    : data_out_reg[2]/D

path 195:

       Pin            Type     Fanout Load Slew Delay Arrival   
                                      (fF) (ps)  (ps)   (ps)    
----------------------------------------------------------------
(clock clk)          launch                                 0 R 
sp_reg[1]/CK                                  0    +0       0 R 
sp_reg[1]/Q          DFFRHQX1       3  1.2   24  +121     121 F 
g399465/A                                          +0     121   
g399465/Y            NOR2X1         4  1.4   53   +48     170 R 
g399442/A                                          +0     170   
g399442/Y            INVX1          3  1.2   29   +40     210 F 
g399407/B                                          +0     210   
g399407/Y            NOR2X1         2  0.8   38   +36     246 R 
g399370/B                                          +0     246   
g399370/Y            NOR2X1         1  0.4   21   +28     275 F 
fopt401613/A                                       +0     275   
fopt401613/Y         INVX1          2  0.6   15   +19     294 R 
fopt401612/A                                       +0     294   
fopt401612/Y         INVX1          5  1.6   30   +26     320 F 
g399269/B                                          +0     320   
g399269/Y            OR2X1          2  0.8   21   +66     385 F 
g397853/B                                          +0     385   
g397853/Y            NOR2X1         2  0.8   37   +32     418 R 
g397372/B                                          +0     418   
g397372/Y            NAND2X1        2  0.6   38   +42     460 F 
fopt403236/A                                       +0     460   
fopt403236/Y         INVX1          2  0.6   17   +27     486 R 
fopt403235/A                                       +0     486   
fopt403235/Y         INVX1          2  0.6   16   +19     506 F 
g386710/B                                          +0     506   
g386710/Y            OR2X1          4  1.6   32   +68     573 F 
fopt402100/A                                       +0     573   
fopt402100/Y         INVX1          3  0.8   19   +26     599 R 
fopt402099/A                                       +0     599   
fopt402099/Y         INVX1          7  2.8   48   +38     636 F 
fopt402098/A                                       +0     636   
fopt402098/Y         INVX1          4  1.6   31   +38     674 R 
g378484/B                                          +0     674   
g378484/Y            NAND2X1        1  0.4   32   +36     711 F 
g376480/A                                          +0     711   
g376480/Y            NAND2X1        1  0.4   19   +27     737 R 
g375300/A                                          +0     737   
g375300/Y            NAND2X1        1  0.4   34   +35     772 F 
g374529__5122/A                                    +0     772   
g374529__5122/Y      NAND2X1        1  0.4   19   +27     800 R 
g373835__7482/B                                    +0     800   
g373835__7482/Y      NOR2X1         1  0.4   19   +20     820 F 
g373713__3680/B                                    +0     820   
g373713__3680/Y      NAND2X1        1  0.4   17   +19     838 R 
g373653__4319/A                                    +0     838   
g373653__4319/Y      NOR2X1         1  0.4   19   +24     862 F 
g373619__7410/B                                    +0     862   
g373619__7410/Y      NAND2X1        1  0.4   17   +19     880 R 
g373592__6417/A                                    +0     880   
g373592__6417/Y      NOR2X1         1  0.4   19   +24     904 F 
g373587__9945/A                                    +0     904   
g373587__9945/Y      NAND2X1        1  0.3   16   +20     925 R 
data_out_reg[1]/D    DFFRHQX1                      +0     925   
data_out_reg[1]/CK   setup                    0   +60     985 R 
- - - - - - - - - - - - - - - - - - - - - - - - - - - - - - - - 
(clock clk)          capture                              986 R 
----------------------------------------------------------------
Cost Group   : 'clk' (path_group 'clk')
Timing slack :       1ps 
Start-point  : sp_reg[1]/CK
End-point    : data_out_reg[1]/D

path 196:

       Pin            Type     Fanout Load Slew Delay Arrival   
                                      (fF) (ps)  (ps)   (ps)    
----------------------------------------------------------------
(clock clk)          launch                                 0 R 
sp_reg[7]/CK                                  0    +0       0 R 
sp_reg[7]/Q          DFFRHQX1       4  1.6   30  +125     125 F 
g399419/B                                          +0     125   
g399419/Y            NOR2X1         1  0.4   28   +31     155 R 
g399385/B                                          +0     155   
g399385/Y            NAND2X1        1  0.4   32   +35     190 F 
g399356/B                                          +0     190   
g399356/Y            NOR2X1         1  0.4   28   +31     221 R 
g399267/B                                          +0     221   
g399267/Y            NAND2X1        2  0.8   43   +41     262 F 
g397389/B                                          +0     262   
g397389/Y            XOR2X1         6  2.0   39   +83     346 F 
fopt401264/A                                       +0     346   
fopt401264/Y         INVX1          2  0.8   20   +28     374 R 
g390483/B                                          +0     374   
g390483/Y            NOR2X1         3  0.8   25   +23     397 F 
g388507/A                                          +0     397   
g388507/Y            INVX1          2  0.4   13   +20     417 R 
g386748/B                                          +0     417   
g386748/Y            OR2X1          4  1.6   28   +46     462 R 
fopt401426/A                                       +0     462   
fopt401426/Y         INVX1          1  0.4   14   +22     485 F 
fopt401420/A                                       +0     485   
fopt401420/Y         INVX1          4  1.6   26   +23     508 R 
fopt401424/A                                       +0     508   
fopt401424/Y         INVX1          4  1.6   32   +32     540 F 
g380665/B                                          +0     540   
g380665/Y            NAND2X1        1  0.4   17   +24     564 R 
g378066/B                                          +0     564   
g378066/Y            NAND2X1        1  0.4   31   +30     594 F 
g376459/A                                          +0     594   
g376459/Y            NOR2X1         1  0.4   28   +36     630 R 
g375129/B                                          +0     630   
g375129/Y            NOR2X1         1  0.4   22   +24     653 F 
g374426__9315/A                                    +0     653   
g374426__9315/Y      NOR2X1         1  0.4   27   +33     686 R 
g374043__5107/A                                    +0     686   
g374043__5107/Y      NAND2X1        1  0.4   32   +38     725 F 
g373833__1881/A                                    +0     725   
g373833__1881/Y      NOR2X1         1  0.4   28   +36     761 R 
g373711__5526/A                                    +0     761   
g373711__5526/Y      NAND2X1        1  0.4   32   +39     800 F 
g373663__7098/A                                    +0     800   
g373663__7098/Y      NOR2X1         1  0.4   28   +37     837 R 
g373619__7410/A                                    +0     837   
g373619__7410/Y      NAND2X1        1  0.4   32   +39     876 F 
g373592__6417/A                                    +0     876   
g373592__6417/Y      NOR2X1         1  0.4   28   +37     912 R 
g373587__9945/A                                    +0     912   
g373587__9945/Y      NAND2X1        1  0.3   29   +37     949 F 
data_out_reg[1]/D    DFFRHQX1                      +0     949   
data_out_reg[1]/CK   setup                    0   +36     985 R 
- - - - - - - - - - - - - - - - - - - - - - - - - - - - - - - - 
(clock clk)          capture                              986 R 
----------------------------------------------------------------
Cost Group   : 'clk' (path_group 'clk')
Timing slack :       1ps 
Start-point  : sp_reg[7]/CK
End-point    : data_out_reg[1]/D

path 197:

       Pin            Type     Fanout Load Slew Delay Arrival   
                                      (fF) (ps)  (ps)   (ps)    
----------------------------------------------------------------
(clock clk)          launch                                 0 R 
sp_reg[2]/CK                                  0    +0       0 R 
sp_reg[2]/Q          DFFRHQX1       5  2.0   36  +128     128 F 
g399463/B                                          +0     128   
g399463/Y            NOR2X1         2  0.8   38   +39     167 R 
g399402/A                                          +0     167   
g399402/Y            NAND2X1        1  0.4   34   +43     210 F 
g399358/B                                          +0     210   
g399358/Y            NOR2X1         2  0.8   38   +38     248 R 
g402824/B                                          +0     248   
g402824/Y            NOR2X1         2  0.8   24   +32     280 F 
g397857_dup/B                                      +0     280   
g397857_dup/Y        NOR2X1         3  0.8   37   +34     314 R 
g403358/B                                          +0     314   
g403358/Y            OR2X1          6  2.2   35   +58     372 R 
g402163/A                                          +0     372   
g402163/Y            NOR2X1         5  2.0   45   +45     418 F 
fopt402165/A                                       +0     418   
fopt402165/Y         INVX1          2  0.8   20   +31     448 R 
fopt402164/A                                       +0     448   
fopt402164/Y         INVX1          6  2.4   42   +35     484 F 
g385072/B                                          +0     484   
g385072/Y            NAND2X1        1  0.2   16   +27     511 R 
g380068/B                                          +0     511   
g380068/Y            AND2X1         1  0.4   14   +68     579 R 
g377645/B                                          +0     579   
g377645/Y            NAND2X1        1  0.4   30   +29     608 F 
g376695/B                                          +0     608   
g376695/Y            NAND2X1        1  0.4   21   +23     631 R 
g375263/B                                          +0     631   
g375263/Y            NAND2X1        1  0.4   31   +32     663 F 
g374314__9315/A                                    +0     663   
g374314__9315/Y      NOR2X1         1  0.4   28   +36     699 R 
g373975__7482/B                                    +0     699   
g373975__7482/Y      NAND2X1        1  0.4   32   +35     734 F 
g373795__5526/A                                    +0     734   
g373795__5526/Y      NOR2X1         1  0.4   28   +37     770 R 
g373691__7098/A                                    +0     770   
g373691__7098/Y      NAND2X1        1  0.4   32   +39     809 F 
g373611__7482/A                                    +0     809   
g373611__7482/Y      NOR2X1         1  0.4   28   +37     846 R 
g373597__4319/A                                    +0     846   
g373597__4319/Y      NAND2X1        1  0.4   32   +39     885 F 
g373589__2346/B                                    +0     885   
g373589__2346/Y      NOR2X1         1  0.4   28   +31     916 R 
g373587__9945/B                                    +0     916   
g373587__9945/Y      NAND2X1        1  0.3   29   +33     949 F 
data_out_reg[1]/D    DFFRHQX1                      +0     949   
data_out_reg[1]/CK   setup                    0   +36     985 R 
- - - - - - - - - - - - - - - - - - - - - - - - - - - - - - - - 
(clock clk)          capture                              986 R 
----------------------------------------------------------------
Cost Group   : 'clk' (path_group 'clk')
Timing slack :       1ps 
Start-point  : sp_reg[2]/CK
End-point    : data_out_reg[1]/D

path 198:

       Pin            Type     Fanout Load Slew Delay Arrival   
                                      (fF) (ps)  (ps)   (ps)    
----------------------------------------------------------------
(clock clk)          launch                                 0 R 
sp_reg[1]/CK                                  0    +0       0 R 
sp_reg[1]/Q          DFFRHQX1       3  1.2   24  +121     121 F 
g399465/A                                          +0     121   
g399465/Y            NOR2X1         4  1.4   53   +48     170 R 
g399442/A                                          +0     170   
g399442/Y            INVX1          3  1.2   29   +40     210 F 
g399407/B                                          +0     210   
g399407/Y            NOR2X1         2  0.8   38   +36     246 R 
g399354/B                                          +0     246   
g399354/Y            NOR2X1         1  0.4   20   +28     275 F 
g399209/B                                          +0     275   
g399209/Y            NOR2X1         2  0.6   32   +29     304 R 
g399186/A                                          +0     304   
g399186/Y            INVX1          3  0.8   21   +27     331 F 
g399185/A                                          +0     331   
g399185/Y            INVX1          3  1.2   22   +23     354 R 
g397855/B                                          +0     354   
g397855/Y            NOR2X1         3  1.2   29   +28     382 F 
g390475/A                                          +0     382   
g390475/Y            NAND2X1        4  1.0   26   +29     411 R 
g386722/B                                          +0     411   
g386722/Y            OR2X1          3  1.2   23   +47     459 R 
fopt401660/A                                       +0     459   
fopt401660/Y         INVX1         11  4.2   69   +51     509 F 
g380354/B                                          +0     509   
g380354/Y            NAND2X1        1  0.2   19   +39     548 R 
g377839/A                                          +0     548   
g377839/Y            AND2X1         1  0.4   14   +65     613 R 
g376271/B                                          +0     613   
g376271/Y            NOR2X1         1  0.4   24   +17     630 F 
g375029/A                                          +0     630   
g375029/Y            NOR2X1         1  0.4   28   +34     664 R 
g374366__5115/A                                    +0     664   
g374366__5115/Y      NAND2X1        1  0.2   26   +36     699 F 
g374012__6417/B                                    +0     699   
g374012__6417/Y      OR2X1          1  0.4   15   +61     760 F 
g373704__6417/B                                    +0     760   
g373704__6417/Y      NOR2X1         1  0.4   26   +24     785 R 
g373646__1666/B                                    +0     785   
g373646__1666/Y      NAND2X1        1  0.4   32   +34     819 F 
g373614__9315/B                                    +0     819   
g373614__9315/Y      NOR2X1         1  0.4   28   +31     850 R 
g373597__4319/B                                    +0     850   
g373597__4319/Y      NAND2X1        1  0.4   32   +35     885 F 
g373589__2346/B                                    +0     885   
g373589__2346/Y      NOR2X1         1  0.4   28   +31     916 R 
g373587__9945/B                                    +0     916   
g373587__9945/Y      NAND2X1        1  0.3   29   +33     949 F 
data_out_reg[1]/D    DFFRHQX1                      +0     949   
data_out_reg[1]/CK   setup                    0   +36     985 R 
- - - - - - - - - - - - - - - - - - - - - - - - - - - - - - - - 
(clock clk)          capture                              986 R 
----------------------------------------------------------------
Cost Group   : 'clk' (path_group 'clk')
Timing slack :       1ps 
Start-point  : sp_reg[1]/CK
End-point    : data_out_reg[1]/D

path 199:

       Pin            Type     Fanout Load Slew Delay Arrival   
                                      (fF) (ps)  (ps)   (ps)    
----------------------------------------------------------------
(clock clk)          launch                                 0 R 
sp_reg[5]/CK                                  0    +0       0 R 
sp_reg[5]/Q          DFFRHQX1       3  1.2   24  +121     121 F 
g403073/A                                          +0     121   
g403073/Y            NOR2X1         3  1.2   48   +45     167 R 
g402999_dup/A                                      +0     167   
g402999_dup/Y        NAND2X1        1  0.4   33   +47     214 F 
g403077/A                                          +0     214   
g403077/Y            NOR2X1         2  0.8   38   +43     257 R 
g397856/A                                          +0     257   
g397856/Y            NOR2X1         4  1.0   31   +38     295 F 
fopt403124/A                                       +0     295   
fopt403124/Y         INVX1          2  0.6   16   +23     319 R 
g397388/B                                          +0     319   
g397388/Y            OR2X1          2  0.6   15   +40     358 R 
fopt402547/A                                       +0     358   
fopt402547/Y         INVX1          2  0.8   18   +20     378 F 
fopt402542/A                                       +0     378   
fopt402542/Y         INVX1          2  0.4   12   +16     395 R 
g386745/A                                          +0     395   
g386745/Y            OR2X1          4  1.6   28   +51     446 R 
fopt401468/A                                       +0     446   
fopt401468/Y         INVX1          6  2.4   43   +38     484 F 
fopt401467/A                                       +0     484   
fopt401467/Y         INVX1          3  1.2   25   +33     517 R 
fopt401466/A                                       +0     517   
fopt401466/Y         INVX1          6  2.4   43   +38     555 F 
g381018/B                                          +0     555   
g381018/Y            NAND2X1        1  0.4   18   +29     584 R 
g378323/B                                          +0     584   
g378323/Y            NAND2X1        1  0.4   31   +31     614 F 
g376674/B                                          +0     614   
g376674/Y            NOR2X1         1  0.4   28   +31     645 R 
g375250/B                                          +0     645   
g375250/Y            NOR2X1         1  0.4   21   +24     669 F 
g374492__6260/A                                    +0     669   
g374492__6260/Y      NOR2X1         1  0.4   27   +32     701 R 
g374078__1617/A                                    +0     701   
g374078__1617/Y      NAND2X1        1  0.4   32   +38     740 F 
g373850__8428/A                                    +0     740   
g373850__8428/Y      NOR2X1         1  0.4   26   +36     776 R 
g373659__2802/B                                    +0     776   
g373659__2802/Y      NAND2X1        1  0.4   32   +34     811 F 
g373621__5477/B                                    +0     811   
g373621__5477/Y      NOR2X1         1  0.4   28   +31     842 R 
g373602__1617/A                                    +0     842   
g373602__1617/Y      NAND2X1        1  0.4   32   +39     881 F 
g373592__6417/B                                    +0     881   
g373592__6417/Y      NOR2X1         1  0.4   28   +31     912 R 
g373587__9945/A                                    +0     912   
g373587__9945/Y      NAND2X1        1  0.3   29   +37     949 F 
data_out_reg[1]/D    DFFRHQX1                      +0     949   
data_out_reg[1]/CK   setup                    0   +36     985 R 
- - - - - - - - - - - - - - - - - - - - - - - - - - - - - - - - 
(clock clk)          capture                              986 R 
----------------------------------------------------------------
Cost Group   : 'clk' (path_group 'clk')
Timing slack :       1ps 
Start-point  : sp_reg[5]/CK
End-point    : data_out_reg[1]/D

path 200:

       Pin            Type     Fanout Load Slew Delay Arrival   
                                      (fF) (ps)  (ps)   (ps)    
----------------------------------------------------------------
(clock clk)          launch                                 0 R 
sp_reg[0]/CK                                  0    +0       0 R 
sp_reg[0]/Q          DFFRHQX1       4  1.6   30  +125     125 F 
g399465/B                                          +0     125   
g399465/Y            NOR2X1         4  1.4   53   +45     170 R 
g399442/A                                          +0     170   
g399442/Y            INVX1          3  1.2   29   +40     210 F 
g399407/B                                          +0     210   
g399407/Y            NOR2X1         2  0.8   38   +36     246 R 
g399354/B                                          +0     246   
g399354/Y            NOR2X1         1  0.4   20   +28     275 F 
g399209/B                                          +0     275   
g399209/Y            NOR2X1         2  0.6   32   +29     304 R 
g399186/A                                          +0     304   
g399186/Y            INVX1          3  0.8   21   +27     331 F 
g399185/A                                          +0     331   
g399185/Y            INVX1          3  1.2   22   +23     354 R 
g397855/B                                          +0     354   
g397855/Y            NOR2X1         3  1.2   29   +28     382 F 
g390474/A                                          +0     382   
g390474/Y            NAND2X1        4  1.0   26   +29     412 R 
g386728/B                                          +0     412   
g386728/Y            OR2X1          2  0.8   18   +44     456 R 
fopt401571/A                                       +0     456   
fopt401571/Y         INVX1          4  1.6   30   +28     484 F 
fopt401557/A                                       +0     484   
fopt401557/Y         INVX1          1  0.4   13   +22     505 R 
fopt401556/A                                       +0     505   
fopt401556/Y         INVX1          6  2.4   41   +32     537 F 
g380133/B                                          +0     537   
g380133/Y            NAND2X1        1  0.4   18   +28     565 R 
g377695/A                                          +0     565   
g377695/Y            NAND2X1        1  0.4   31   +35     600 F 
g376147/A                                          +0     600   
g376147/Y            NAND2X1        1  0.4   23   +26     626 R 
g374949/A                                          +0     626   
g374949/Y            NAND2X1        1  0.4   31   +37     663 F 
g374318__1666/A                                    +0     663   
g374318__1666/Y      NOR2X1         1  0.4   28   +36     699 R 
g373990__8428/A                                    +0     699   
g373990__8428/Y      NAND2X1        1  0.4   32   +39     738 F 
g373693__1881/A                                    +0     738   
g373693__1881/Y      NOR2X1         1  0.4   28   +36     775 R 
g373642__9315/A                                    +0     775   
g373642__9315/Y      NAND2X1        1  0.4   32   +39     814 F 
g373610__5115/A                                    +0     814   
g373610__5115/Y      NOR2X1         1  0.4   28   +36     850 R 
g373595__5107/B                                    +0     850   
g373595__5107/Y      NAND2X1        1  0.4   32   +35     885 F 
g373591__7410/B                                    +0     885   
g373591__7410/Y      NOR2X1         1  0.4   28   +31     916 R 
g373586__9315/B                                    +0     916   
g373586__9315/Y      NAND2X1        1  0.3   29   +33     949 F 
data_out_reg[0]/D    DFFRHQX1                      +0     949   
data_out_reg[0]/CK   setup                    0   +36     985 R 
- - - - - - - - - - - - - - - - - - - - - - - - - - - - - - - - 
(clock clk)          capture                              986 R 
----------------------------------------------------------------
Cost Group   : 'clk' (path_group 'clk')
Timing slack :       1ps 
Start-point  : sp_reg[0]/CK
End-point    : data_out_reg[0]/D

