Turning off fast DC mode.
*** ccopt_design #1 [begin] : totSession cpu/real = 0:00:56.7/0:02:17.9 (0.4), mem = 2460.8M
Runtime...
**INFO: User's settings:
setNanoRouteMode -extractThirdPartyCompatible  false
setNanoRouteMode -routeTopRoutingLayer         5
setDesignMode -topRoutingLayer                 Metal5
setExtractRCMode -engine                       preRoute
setDelayCalMode -enable_high_fanout            true
setDelayCalMode -engine                        aae
setDelayCalMode -ignoreNetLoad                 false
setDelayCalMode -socv_accuracy_mode            low
setOptMode -preserveAllSequential              true
setOptMode -usefulSkew                         true
setRouteMode -earlyGlobalMaxRouteLayer         5

(ccopt_design): CTS Engine: auto. Used Spec: pre-existing CCOPT spec.
Placement constraints of type 'region' or 'fence' will not be downgraded to 'guide' because the property change_fences_to_guides has been set to false.
'setDesignMode -flowEffort standard' => 'setOptMode -usefulSkewCCOpt standard' 
Using CCOpt effort standard.
CCOpt::Phase::Initialization...
Check Prerequisites...
Leaving CCOpt scope - CheckPlace...
Begin checking placement ... (start mem=2460.8M, init mem=2460.8M)
*info: Placed = 26476          (Fixed = 2030)
*info: Unplaced = 0           
Placement Density:70.71%(42671/60351)
Placement Density (including fixed std cells):71.36%(44060/61740)
Finished checkPlace (total: cpu=0:00:00.1, real=0:00:01.0; vio checks: cpu=0:00:00.1, real=0:00:01.0; mem=2461.8M)
Leaving CCOpt scope - CheckPlace done. (took cpu=0:00:00.1 real=0:00:00.1)
Innovus will update I/O latencies
Found 0 ideal nets, 0 pins with transition annotations, 0 instances with delay annotations, 0 nets with delay annotations, refer to logv for details.

Check Prerequisites done. (took cpu=0:00:00.1 real=0:00:00.1)
CCOpt::Phase::Initialization done. (took cpu=0:00:00.1 real=0:00:00.1)
Executing ccopt post-processing.
Synthesizing clock trees with CCOpt...
*** CTS #1 [begin] (ccopt_design #1) : totSession cpu/real = 0:00:56.9/0:02:18.0 (0.4), mem = 2498.4M
CCOpt::Phase::PreparingToBalance...
Leaving CCOpt scope - Initializing power interface...
Leaving CCOpt scope - Initializing power interface done. (took cpu=0:00:00.0 real=0:00:00.0)
Found 0 advancing pin insertion delay (0.000% of 3444 clock tree sinks)
Found 0 delaying pin insertion delay (0.000% of 3444 clock tree sinks)
Leaving CCOpt scope - optDesignGlobalRouteStep...
[NR-eGR] Started Early Global Route kernel ( Curr Mem: 2498.38 MB )
[NR-eGR] Num Prerouted Nets = 0  Num Prerouted Wires = 0
[NR-eGR] Read 24459 nets ( ignored 0 )
[NR-eGR] There are 1 clock nets ( 0 with NDR ).
[NR-eGR] Layer group 1: route 24459 net(s) in layer range [2, 5]
[NR-eGR] Early Global Route overflow of layer group 1: 0.00% H + 0.01% V. EstWL: 2.734923e+05um
[NR-eGR] Overflow after Early Global Route 0.00% H + 0.01% V
[NR-eGR]                  Length (um)    Vias 
[NR-eGR] -------------------------------------
[NR-eGR]  Metal1   (1H)             0   72353 
[NR-eGR]  Metal2   (2V)         85687   94264 
[NR-eGR]  Metal3   (3H)        114135    7206 
[NR-eGR]  Metal4   (4V)         59459    2010 
[NR-eGR]  Metal5   (5H)         28963       0 
[NR-eGR]  Metal6   (6V)             0       0 
[NR-eGR]  Metal7   (7H)             0       0 
[NR-eGR]  Metal8   (8V)             0       0 
[NR-eGR]  Metal9   (9H)             0       0 
[NR-eGR]  Metal10  (10V)            0       0 
[NR-eGR]  Metal11  (11H)            0       0 
[NR-eGR] -------------------------------------
[NR-eGR]           Total       288244  175833 
[NR-eGR] --------------------------------------------------------------------------
[NR-eGR] Total half perimeter of net bounding box: 213698um
[NR-eGR] Total length: 288244um, number of vias: 175833
[NR-eGR] --------------------------------------------------------------------------
[NR-eGR] Total eGR-routed clock nets wire length: 12427um, number of vias: 9766
[NR-eGR] --------------------------------------------------------------------------
[NR-eGR] Finished Early Global Route kernel ( CPU: 0.24 sec, Real: 0.25 sec, Curr Mem: 2518.54 MB )
Leaving CCOpt scope - optDesignGlobalRouteStep done. (took cpu=0:00:00.3 real=0:00:00.3)
Legalization setup...
Using cell based legalization.
Initializing placement interface...
  Use check_library -place or consult logv if problems occur.
  Leaving CCOpt scope - Initializing placement interface...
  Leaving CCOpt scope - Initializing placement interface done. (took cpu=0:00:00.0 real=0:00:00.0)
Initializing placement interface done.
Leaving CCOpt scope - Cleaning up placement interface...
Leaving CCOpt scope - Cleaning up placement interface done. (took cpu=0:00:00.0 real=0:00:00.0)
Leaving CCOpt scope - Initializing placement interface...
Leaving CCOpt scope - Initializing placement interface done. (took cpu=0:00:00.0 real=0:00:00.0)
Legalization setup done. (took cpu=0:00:00.1 real=0:00:00.1)
Validating CTS configuration...
Checking module port directions...
Checking module port directions done. (took cpu=0:00:00.0 real=0:00:00.0)
Non-default CCOpt properties:
  Public non-default CCOpt properties:
    buffer_cells is set for at least one object
    cts_merge_clock_gates is set for at least one object
    cts_merge_clock_logic is set for at least one object
    inverter_cells is set for at least one object
    route_type is set for at least one object
    target_max_trans is set for at least one object
    target_skew is set for at least one object
  No private non-default CCOpt properties
Route type trimming info:
  No route type modifications were made.
Updating RC grid for preRoute extraction ...
Initializing multi-corner resistance tables ...
**WARN: (IMPCCOPT-1182):	The clock_gating_cells property has no usable full-cycle clock gates for power domain auto-default. Gating limited for clock tree clk. You may be able to solve this problem by specifying a list of lib_cells to use with the clock_gating_cells property.
Library trimming inverters in power domain auto-default and half-corner nbit_stack_delayCorner:both.late removed 9 of 19 cells
Original list had 19 cells:
INVX20 CLKINVX20 INVX16 CLKINVX16 INVX12 CLKINVX12 INVX8 CLKINVX8 INVX6 CLKINVX6 INVX4 CLKINVX4 INVX3 CLKINVX3 INVX2 CLKINVX2 INVX1 CLKINVX1 INVXL 
New trimmed list has 10 cells:
INVX20 INVX16 INVX12 INVX8 INVX6 INVX4 INVX3 INVX2 INVX1 INVXL 
Clock tree balancer configuration for clock_tree clk:
Non-default CCOpt properties:
  Public non-default CCOpt properties:
    cts_merge_clock_gates: true (default: false)
    cts_merge_clock_logic: true (default: false)
    route_type (leaf): default_route_type_leaf (default: default)
    route_type (top): default_route_type_nonleaf (default: default)
    route_type (trunk): default_route_type_nonleaf (default: default)
  No private non-default CCOpt properties
For power domain auto-default:
  Buffers:     {CLKBUFX20 CLKBUFX16 CLKBUFX12 CLKBUFX8 CLKBUFX6 CLKBUFX4 CLKBUFX3 CLKBUFX2}
  Inverters:   {INVX20 INVX16 INVX12 INVX8 INVX6 INVX4 INVX3 INVX2 INVX1 INVXL}
  Unblocked area available for placement of any clock cells in power_domain auto-default: 61541.190um^2
Top Routing info:
  Route-type name: default_route_type_nonleaf; Top/bottom preferred layer name: Metal4/Metal3; 
  Unshielded; Mask Constraint: 0; Source: route_type.
Trunk Routing info:
  Route-type name: default_route_type_nonleaf; Top/bottom preferred layer name: Metal4/Metal3; 
  Unshielded; Preferred extra space: 1; Mask Constraint: 0; Source: route_type.
Leaf Routing info:
  Route-type name: default_route_type_leaf; Top/bottom preferred layer name: Metal4/Metal3; 
  Unshielded; Preferred extra space: 1; Mask Constraint: 0; Source: route_type.
For timing_corner nbit_stack_delayCorner:both, late and power domain auto-default:
  Slew time target (leaf):    0.100ns
  Slew time target (trunk):   0.100ns
  Slew time target (top):     0.100ns (Note: no nets are considered top nets in this clock tree)
  Buffer unit delay: 0.070ns
  Buffer max distance: 741.754um
Fastest wire driving cells and distances:
  Buffer    : {lib_cell:CLKBUFX20, fastest_considered_half_corner=nbit_stack_delayCorner:both.late, optimalDrivingDistance=741.754um, saturatedSlew=0.084ns, speed=6622.803um per ns, cellArea=11.066um^2 per 1000um}
  Inverter  : {lib_cell:INVX20, fastest_considered_half_corner=nbit_stack_delayCorner:both.late, optimalDrivingDistance=607.273um, saturatedSlew=0.083ns, speed=8228.631um per ns, cellArea=10.700um^2 per 1000um}


Logic Sizing Table:

----------------------------------------------------------
Cell    Instance count    Source    Eligible library cells
----------------------------------------------------------
  (empty table)
----------------------------------------------------------


Clock tree balancer configuration for skew_group clk/common:
  Sources:                     pin clk
  Total number of sinks:       3444
  Delay constrained sinks:     3444
  Constrains:                  default
  Non-leaf sinks:              0
  Ignore pins:                 0
 Timing corner nbit_stack_delayCorner:both.late:
  Skew target:                 0.730ns
Primary reporting skew groups are:
skew_group clk/common with 3444 clock sinks

Clock DAG stats initial state:
  cell counts      : b=0, i=0, icg=0, dcg=0, l=0, total=0
  sink counts      : regular=3444, enable_latch=0, load_capacitance=0, antenna=0, node_sink=0, total=3444
  misc counts      : r=1, pp=0
  cell areas       : b=0.000um^2, i=0.000um^2, icg=0.000um^2, dcg=0.000um^2, l=0.000um^2, total=0.000um^2
  hp wire lengths  : top=0.000um, trunk=0.000um, leaf=0.000um, total=0.000um
No ideal or dont_touch nets found in the clock tree
No dont_touch hnets found in the clock tree
No dont_touch hpins found in the clock network.
Checking for illegal sizes of clock logic instances...
Checking for illegal sizes of clock logic instances done. (took cpu=0:00:00.0 real=0:00:00.0)
Validating CTS configuration done. (took cpu=0:00:00.4 real=0:00:00.4)
CCOpt configuration status: all checks passed.
Adding exclusion drivers to pins that are effective_sink_type exclude...
    Adding exclusion drivers (these will be instances of the smallest area library cells).
  No exclusion drivers are needed.
Adding exclusion drivers to pins that are effective_sink_type exclude done.
Antenna diode management...
  Found 0 antenna diodes in the clock trees.
  
Antenna diode management done.
Adding driver cells for primary IOs...
  
  ----------------------------------------------------------------------------------------------
  CCOpt reported the following when adding drivers below input ports and above output ports     
  ----------------------------------------------------------------------------------------------
    (empty table)
  ----------------------------------------------------------------------------------------------
  
  
Adding driver cells for primary IOs done.
Adding driver cell for primary IO roots...
Adding driver cell for primary IO roots done.
Maximizing clock DAG abstraction...
  Removing clock DAG drivers
Maximizing clock DAG abstraction done.
CCOpt::Phase::PreparingToBalance done. (took cpu=0:00:00.8 real=0:00:00.8)
Synthesizing clock trees...
  Preparing To Balance...
  Leaving CCOpt scope - Cleaning up placement interface...
  Leaving CCOpt scope - Cleaning up placement interface done. (took cpu=0:00:00.0 real=0:00:00.0)
  Leaving CCOpt scope - Initializing placement interface...
  Leaving CCOpt scope - Initializing placement interface done. (took cpu=0:00:00.0 real=0:00:00.0)
  Merging duplicate siblings in DAG...
    Clock DAG stats before merging:
      cell counts      : b=0, i=0, icg=0, dcg=0, l=0, total=0
      sink counts      : regular=3444, enable_latch=0, load_capacitance=0, antenna=0, node_sink=0, total=3444
      misc counts      : r=1, pp=0
      cell areas       : b=0.000um^2, i=0.000um^2, icg=0.000um^2, dcg=0.000um^2, l=0.000um^2, total=0.000um^2
      hp wire lengths  : top=0.000um, trunk=0.000um, leaf=0.000um, total=0.000um
    Resynthesising clock tree into netlist...
      Reset timing graph...
Ignoring AAE DB Resetting ...
      Reset timing graph done.
    Resynthesising clock tree into netlist done.
    Merging duplicate clock dag driver clones in DAG...
    Merging duplicate clock dag driver clones in DAG done.
    
    Disconnecting clock tree from netlist...
    Disconnecting clock tree from netlist done.
  Merging duplicate siblings in DAG done.
  Applying movement limits...
  Applying movement limits done.
  Preparing To Balance done. (took cpu=0:00:00.0 real=0:00:00.0)
  CCOpt::Phase::Construction...
  Stage::Clustering...
  Clustering...
    Initialize for clustering...
    Clock DAG stats before clustering:
      cell counts      : b=0, i=0, icg=0, dcg=0, l=0, total=0
      sink counts      : regular=3444, enable_latch=0, load_capacitance=0, antenna=0, node_sink=0, total=3444
      misc counts      : r=1, pp=0
      cell areas       : b=0.000um^2, i=0.000um^2, icg=0.000um^2, dcg=0.000um^2, l=0.000um^2, total=0.000um^2
      hp wire lengths  : top=0.000um, trunk=0.000um, leaf=0.000um, total=0.000um
    Computing max distances from locked parents...
      Computing distance_from_locked_parent_restrictions for 0 nodes driven by 0 locked parents
    Computing max distances from locked parents done.
    Computing optimal clock node locations...
    : ...20% ...40% ...60% ...80% ...100% 
    Computing optimal clock node locations done. (took cpu=0:00:00.0 real=0:00:00.0)
    Initialize for clustering done. (took cpu=0:00:00.0 real=0:00:00.0)
    Bottom-up phase...
    Clustering bottom-up starting from leaves...
      Clustering clock_tree clk...
      Clustering clock_tree clk done.
    Clustering bottom-up starting from leaves done.
    Rebuilding the clock tree after clustering...
    Rebuilding the clock tree after clustering done.
    Clock DAG stats after bottom-up phase:
      cell counts      : b=35, i=0, icg=0, dcg=0, l=0, total=35
      sink counts      : regular=3444, enable_latch=0, load_capacitance=0, antenna=0, node_sink=0, total=3444
      misc counts      : r=1, pp=0
      cell areas       : b=283.176um^2, i=0.000um^2, icg=0.000um^2, dcg=0.000um^2, l=0.000um^2, total=283.176um^2
      hp wire lengths  : top=0.000um, trunk=0.000um, leaf=3017.085um, total=3017.085um
    Clock DAG library cell distribution after bottom-up phase {count}:
       Bufs: CLKBUFX20: 32 CLKBUFX16: 3 
    Bottom-up phase done. (took cpu=0:00:00.6 real=0:00:00.6)
    Legalizing clock trees...
    Resynthesising clock tree into netlist...
      Reset timing graph...
Ignoring AAE DB Resetting ...
      Reset timing graph done.
    Resynthesising clock tree into netlist done.
    Commiting net attributes....
    Commiting net attributes. done.
    Leaving CCOpt scope - ClockRefiner...
    Performing a single pass refine place with checks partially disabled for clock sinks and datapath.
*** Starting refinePlace (0:00:58.4 mem=2518.0M) ***
Total net bbox length = 2.166e+05 (1.110e+05 1.056e+05) (ext = 1.820e+03)
Move report: Detail placement moves 469 insts, mean move: 0.96 um, max move: 3.91 um 
	Max move on inst (memory_reg[223][3]): (125.80, 205.77) --> (128.00, 207.48)
	Runtime: CPU: 0:00:00.2 REAL: 0:00:00.0 MEM: 2508.0MB
Summary Report:
Instances move: 469 (out of 24481 movable)
Instances flipped: 0
Mean displacement: 0.96 um
Max displacement: 3.91 um (Instance: memory_reg[223][3]) (125.8, 205.77) -> (128, 207.48)
	Length: 18 sites, height: 1 rows, site name: CoreSite, cell type: DFFRHQX1
Total net bbox length = 2.169e+05 (1.112e+05 1.057e+05) (ext = 1.820e+03)
Runtime: CPU: 0:00:00.2 REAL: 0:00:00.0 MEM: 2508.0MB
*** Finished refinePlace (0:00:58.6 mem=2508.0M) ***
    ClockRefiner summary
    All clock instances: Moved 71, flipped 29 and cell swapped 0 (out of a total of 3479).
    The largest move was 3.91 um for memory_reg[240][3].
    Leaving CCOpt scope - ClockRefiner done. (took cpu=0:00:00.3 real=0:00:00.3)
    Disconnecting clock tree from netlist...
    Disconnecting clock tree from netlist done.
    Leaving CCOpt scope - Cleaning up placement interface...
    Leaving CCOpt scope - Cleaning up placement interface done. (took cpu=0:00:00.0 real=0:00:00.0)
    Leaving CCOpt scope - Initializing placement interface...
    Leaving CCOpt scope - Initializing placement interface done. (took cpu=0:00:00.0 real=0:00:00.0)
    Clock tree timing engine global stage delay update for nbit_stack_delayCorner:both.late...
    Clock tree timing engine global stage delay update for nbit_stack_delayCorner:both.late done. (took cpu=0:00:00.0 real=0:00:00.0)
    
    Clock tree legalization - Histogram:
    ====================================
    
    --------------------------------
    Movement (um)    Number of cells
    --------------------------------
      (empty table)
    --------------------------------
    
    
    Clock tree legalization - There are no Movements:
    =================================================
    
    ---------------------------------------------
    Movement (um)    Desired     Achieved    Node
                     location    location    
    ---------------------------------------------
      (empty table)
    ---------------------------------------------
    
    Legalizing clock trees done. (took cpu=0:00:00.4 real=0:00:00.4)
    Clock DAG stats after 'Clustering':
      cell counts      : b=35, i=0, icg=0, dcg=0, l=0, total=35
      sink counts      : regular=3444, enable_latch=0, load_capacitance=0, antenna=0, node_sink=0, total=3444
      misc counts      : r=1, pp=0
      cell areas       : b=283.176um^2, i=0.000um^2, icg=0.000um^2, dcg=0.000um^2, l=0.000um^2, total=283.176um^2
      cell capacitance : b=0.077pF, i=0.000pF, icg=0.000pF, dcg=0.000pF, l=0.000pF, total=0.077pF
      sink capacitance : total=0.809pF, avg=0.000pF, sd=0.000pF, min=0.000pF, max=0.000pF
      wire capacitance : top=0.000pF, trunk=0.077pF, leaf=0.947pF, total=1.023pF
      wire lengths     : top=0.000um, trunk=1120.990um, leaf=12539.057um, total=13660.047um
      hp wire lengths  : top=0.000um, trunk=0.000um, leaf=3025.915um, total=3025.915um
    Clock DAG net violations after 'Clustering': none
    Clock DAG primary half-corner transition distribution after 'Clustering':
      Trunk : target=0.100ns count=1 avg=0.021ns sd=0.000ns min=0.021ns max=0.021ns {1 <= 0.060ns, 0 <= 0.080ns, 0 <= 0.090ns, 0 <= 0.095ns, 0 <= 0.100ns}
      Leaf  : target=0.100ns count=35 avg=0.055ns sd=0.002ns min=0.052ns max=0.060ns {35 <= 0.060ns, 0 <= 0.080ns, 0 <= 0.090ns, 0 <= 0.095ns, 0 <= 0.100ns}
    Clock DAG library cell distribution after 'Clustering' {count}:
       Bufs: CLKBUFX20: 32 CLKBUFX16: 3 
    Primary reporting skew groups after 'Clustering':
      skew_group clk/common: insertion delay [min=0.068, max=0.085, avg=0.079, sd=0.005], skew [0.017 vs 0.730], 100% {0.068, 0.085} (wid=0.015 ws=0.012) (gid=0.072 gs=0.007)
    Skew group summary after 'Clustering':
      skew_group clk/common: insertion delay [min=0.068, max=0.085, avg=0.079, sd=0.005], skew [0.017 vs 0.730], 100% {0.068, 0.085} (wid=0.015 ws=0.012) (gid=0.072 gs=0.007)
    Legalizer API calls during this step: 455 succeeded with high effort: 455 succeeded with medium effort: 0 succeeded with low effort: 0 succeeded with basic effort: 0 succeeded with basic unbounded effort: 0
  Clustering done. (took cpu=0:00:01.0 real=0:00:01.0)
  Looking for fanout violations...
  Looking for fanout violations done.
  CongRepair After Initial Clustering...
  Reset timing graph...
Ignoring AAE DB Resetting ...
  Reset timing graph done.
  Leaving CCOpt scope - Early Global Route...
  Clock implementation routing...
Net route status summary:
  Clock:        36 (unrouted=36, trialRouted=0, noStatus=0, routed=0, fixed=0, [crossesIlmBoundary=0, tooFewTerms=0, (crossesIlmBoundary AND tooFewTerms=0)])
  Non-clock: 24460 (unrouted=2, trialRouted=24458, noStatus=0, routed=0, fixed=0, [crossesIlmBoundary=0, tooFewTerms=2, (crossesIlmBoundary AND tooFewTerms=0)])
    Routing using eGR only...
      Early Global Route - eGR only step...
(ccopt eGR): There are 36 nets to be routed. 0 nets have skip routing designation.
(ccopt eGR): There are 36 nets for routing of which 36 have one or more fixed wires.
**WARN: (IMPPSP-1003):	Found use of 'setRouteMode -earlyGlobalMaxRouteLayer'. This will continue to work in this release; however, it is recommended to use 'setDesignMode -topRoutingLayer' instead.
(ccopt eGR): Start to route 36 all nets
**WARN: (IMPPSP-1003):	Found use of 'setRouteMode -earlyGlobalMaxRouteLayer'. This will continue to work in this release; however, it is recommended to use 'setDesignMode -topRoutingLayer' instead.
[NR-eGR] Num Prerouted Nets = 0  Num Prerouted Wires = 0
[NR-eGR] Read 24494 nets ( ignored 24458 )
[NR-eGR] Connected 0 must-join pins/ports
[NR-eGR] There are 36 clock nets ( 36 with NDR ).
[NR-eGR] Layer group 1: route 36 net(s) in layer range [3, 4]
[NR-eGR] Early Global Route overflow of layer group 1: 0.00% H + 0.00% V. EstWL: 1.310715e+04um
[NR-eGR] Create a new net group with 10 nets and layer range [3, 5]
[NR-eGR] Layer group 2: route 10 net(s) in layer range [3, 5]
[NR-eGR] Early Global Route overflow of layer group 2: 0.00% H + 0.00% V. EstWL: 1.718721e+04um
[NR-eGR] Create a new net group with 10 nets and layer range [2, 5]
[NR-eGR] Layer group 3: route 10 net(s) in layer range [2, 5]
[NR-eGR] Early Global Route overflow of layer group 3: 0.00% H + 0.00% V. EstWL: 2.542086e+04um
[NR-eGR] Overflow after Early Global Route 0.00% H + 0.00% V
[NR-eGR]                  Length (um)    Vias 
[NR-eGR] -------------------------------------
[NR-eGR]  Metal1   (1H)             0   72423 
[NR-eGR]  Metal2   (2V)         83066   92072 
[NR-eGR]  Metal3   (3H)        113988    8640 
[NR-eGR]  Metal4   (4V)         62947    2036 
[NR-eGR]  Metal5   (5H)         29421       0 
[NR-eGR]  Metal6   (6V)             0       0 
[NR-eGR]  Metal7   (7H)             0       0 
[NR-eGR]  Metal8   (8V)             0       0 
[NR-eGR]  Metal9   (9H)             0       0 
[NR-eGR]  Metal10  (10V)            0       0 
[NR-eGR]  Metal11  (11H)            0       0 
[NR-eGR] -------------------------------------
[NR-eGR]           Total       289421  175171 
[NR-eGR] --------------------------------------------------------------------------
[NR-eGR] Total half perimeter of net bounding box: 216927um
[NR-eGR] Total length: 289421um, number of vias: 175171
[NR-eGR] --------------------------------------------------------------------------
[NR-eGR] Total eGR-routed clock nets wire length: 13604um, number of vias: 9104
[NR-eGR] --------------------------------------------------------------------------
[NR-eGR] Report for selected net(s) only.
[NR-eGR]                  Length (um)  Vias 
[NR-eGR] -----------------------------------
[NR-eGR]  Metal1   (1H)             0  3515 
[NR-eGR]  Metal2   (2V)          3480  4063 
[NR-eGR]  Metal3   (3H)          6159  1500 
[NR-eGR]  Metal4   (4V)          3507    26 
[NR-eGR]  Metal5   (5H)           458     0 
[NR-eGR]  Metal6   (6V)             0     0 
[NR-eGR]  Metal7   (7H)             0     0 
[NR-eGR]  Metal8   (8V)             0     0 
[NR-eGR]  Metal9   (9H)             0     0 
[NR-eGR]  Metal10  (10V)            0     0 
[NR-eGR]  Metal11  (11H)            0     0 
[NR-eGR] -----------------------------------
[NR-eGR]           Total        13604  9104 
[NR-eGR] --------------------------------------------------------------------------
[NR-eGR] Total half perimeter of net bounding box: 3441um
[NR-eGR] Total length: 13604um, number of vias: 9104
[NR-eGR] --------------------------------------------------------------------------
[NR-eGR] Total routed clock nets wire length: 13604um, number of vias: 9104
[NR-eGR] --------------------------------------------------------------------------
[NR-eGR] Finished Early Global Route kernel ( CPU: 0.11 sec, Real: 0.11 sec, Curr Mem: 2523.03 MB )
**WARN: (IMPPSP-1003):	Found use of 'setRouteMode -earlyGlobalMaxRouteLayer'. This will continue to work in this release; however, it is recommended to use 'setDesignMode -topRoutingLayer' instead.
**WARN: (IMPPSP-1003):	Found use of 'setRouteMode -earlyGlobalMinRouteLayer'. This will continue to work in this release; however, it is recommended to use 'setDesignMode -bottomRoutingLayer' instead.
**WARN: (IMPPSP-1003):	Found use of 'setRouteMode -earlyGlobalMaxRouteLayer'. This will continue to work in this release; however, it is recommended to use 'setDesignMode -topRoutingLayer' instead.
      Early Global Route - eGR only step done. (took cpu=0:00:00.1 real=0:00:00.1)
    Routing using eGR only done.
Net route status summary:
  Clock:        36 (unrouted=0, trialRouted=0, noStatus=0, routed=36, fixed=0, [crossesIlmBoundary=0, tooFewTerms=0, (crossesIlmBoundary AND tooFewTerms=0)])
  Non-clock: 24460 (unrouted=2, trialRouted=24458, noStatus=0, routed=0, fixed=0, [crossesIlmBoundary=0, tooFewTerms=2, (crossesIlmBoundary AND tooFewTerms=0)])

CCOPT: Done with clock implementation routing.

  Clock implementation routing done.
  CCOpt: Starting congestion repair using flow wrapper...
    Congestion Repair...
*** IncrReplace #1 [begin] (CTS #1 / ccopt_design #1) : totSession cpu/real = 0:00:59.0/0:02:20.1 (0.4), mem = 2523.0M
Info: Disable timing driven in postCTS congRepair.

Starting congRepair ...
[NR-eGR] Num Prerouted Nets = 36  Num Prerouted Wires = 8715
[NR-eGR] Read 24494 nets ( ignored 36 )
[NR-eGR] Layer group 1: route 24458 net(s) in layer range [2, 5]
[NR-eGR] Early Global Route overflow of layer group 1: 0.00% H + 0.01% V. EstWL: 2.623140e+05um
[NR-eGR] Overflow after Early Global Route 0.00% H + 0.01% V
Early Global Route congestion estimation runtime: 0.10 seconds, mem = 2544.2M
Local HotSpot Analysis: normalized max congestion hotspot area = 0.00, normalized total congestion hotspot area = 0.00 (area is in unit of 4 std-cell row bins)
Skipped repairing congestion.
[NR-eGR]                  Length (um)    Vias 
[NR-eGR] -------------------------------------
[NR-eGR]  Metal1   (1H)             0   72423 
[NR-eGR]  Metal2   (2V)         79914   91329 
[NR-eGR]  Metal3   (3H)        106714    9654 
[NR-eGR]  Metal4   (4V)         65877    2646 
[NR-eGR]  Metal5   (5H)         36759       0 
[NR-eGR]  Metal6   (6V)             0       0 
[NR-eGR]  Metal7   (7H)             0       0 
[NR-eGR]  Metal8   (8V)             0       0 
[NR-eGR]  Metal9   (9H)             0       0 
[NR-eGR]  Metal10  (10V)            0       0 
[NR-eGR]  Metal11  (11H)            0       0 
[NR-eGR] -------------------------------------
[NR-eGR]           Total       289264  176052 
[NR-eGR] --------------------------------------------------------------------------
[NR-eGR] Total half perimeter of net bounding box: 216927um
[NR-eGR] Total length: 289264um, number of vias: 176052
[NR-eGR] --------------------------------------------------------------------------
[NR-eGR] Total eGR-routed clock nets wire length: 0um, number of vias: 0
[NR-eGR] --------------------------------------------------------------------------
Early Global Route wiring runtime: 0.14 seconds, mem = 2551.2M
Tdgp not successfully inited but do clear! skip clearing
End of congRepair (cpu=0:00:00.3, real=0:00:00.0)
*** IncrReplace #1 [finish] (CTS #1 / ccopt_design #1) : cpu/real = 0:00:00.3/0:00:00.3 (1.0), totSession cpu/real = 0:00:59.2/0:02:20.3 (0.4), mem = 2551.2M
    Congestion Repair done. (took cpu=0:00:00.3 real=0:00:00.3)
  CCOpt: Starting congestion repair using flow wrapper done.
  Leaving CCOpt scope - Early Global Route done. (took cpu=0:00:00.5 real=0:00:00.5)
  Leaving CCOpt scope - extractRC...
  Updating RC parasitics by calling: "extractRC -noRouteCheck"...
Extraction called for design 'nbit_stack' of instances=26511 and nets=24496 using extraction engine 'preRoute' .
**WARN: (IMPEXT-3530):	The process node is not set. Use the command setDesignMode -process <process node> prior to extraction for maximum accuracy and optimal automatic threshold setting.
Type 'man IMPEXT-3530' for more detail.
PreRoute RC Extraction called for design nbit_stack.
RC Extraction called in multi-corner(1) mode.
RCMode: PreRoute
      RC Corner Indexes            0   
Capacitance Scaling Factor   : 1.00000 
Resistance Scaling Factor    : 1.00000 
Clock Cap. Scaling Factor    : 1.00000 
Clock Res. Scaling Factor    : 1.00000 
Shrink Factor                : 1.00000
PreRoute extraction is honoring NDR/Shielding/ExtraSpace for clock nets.
Using Quantus QRC technology file ...
Updating RC grid for preRoute extraction ...
Initializing multi-corner resistance tables ...
PreRoute RC Extraction DONE (CPU Time: 0:00:00.1  Real Time: 0:00:00.0  MEM: 2551.195M)
  Updating RC parasitics by calling: "extractRC -noRouteCheck" done.
  Leaving CCOpt scope - extractRC done. (took cpu=0:00:00.1 real=0:00:00.1)
  Clock tree timing engine global stage delay update for nbit_stack_delayCorner:both.late...
  Clock tree timing engine global stage delay update for nbit_stack_delayCorner:both.late done. (took cpu=0:00:00.0 real=0:00:00.0)
  Clock DAG stats after clustering cong repair call:
    cell counts      : b=35, i=0, icg=0, dcg=0, l=0, total=35
    sink counts      : regular=3444, enable_latch=0, load_capacitance=0, antenna=0, node_sink=0, total=3444
    misc counts      : r=1, pp=0
    cell areas       : b=283.176um^2, i=0.000um^2, icg=0.000um^2, dcg=0.000um^2, l=0.000um^2, total=283.176um^2
    cell capacitance : b=0.077pF, i=0.000pF, icg=0.000pF, dcg=0.000pF, l=0.000pF, total=0.077pF
    sink capacitance : total=0.809pF, avg=0.000pF, sd=0.000pF, min=0.000pF, max=0.000pF
    wire capacitance : top=0.000pF, trunk=0.077pF, leaf=0.948pF, total=1.025pF
    wire lengths     : top=0.000um, trunk=1120.990um, leaf=12539.057um, total=13660.047um
    hp wire lengths  : top=0.000um, trunk=0.000um, leaf=3025.915um, total=3025.915um
  Clock DAG net violations after clustering cong repair call: none
  Clock DAG primary half-corner transition distribution after clustering cong repair call:
    Trunk : target=0.100ns count=1 avg=0.021ns sd=0.000ns min=0.021ns max=0.021ns {1 <= 0.060ns, 0 <= 0.080ns, 0 <= 0.090ns, 0 <= 0.095ns, 0 <= 0.100ns}
    Leaf  : target=0.100ns count=35 avg=0.055ns sd=0.002ns min=0.052ns max=0.060ns {35 <= 0.060ns, 0 <= 0.080ns, 0 <= 0.090ns, 0 <= 0.095ns, 0 <= 0.100ns}
  Clock DAG library cell distribution after clustering cong repair call {count}:
     Bufs: CLKBUFX20: 32 CLKBUFX16: 3 
  Primary reporting skew groups after clustering cong repair call:
    skew_group clk/common: insertion delay [min=0.068, max=0.085, avg=0.079, sd=0.005], skew [0.017 vs 0.730], 100% {0.068, 0.085} (wid=0.015 ws=0.012) (gid=0.072 gs=0.006)
  Skew group summary after clustering cong repair call:
    skew_group clk/common: insertion delay [min=0.068, max=0.085, avg=0.079, sd=0.005], skew [0.017 vs 0.730], 100% {0.068, 0.085} (wid=0.015 ws=0.012) (gid=0.072 gs=0.006)
  CongRepair After Initial Clustering done. (took cpu=0:00:00.6 real=0:00:00.6)
  Stage::Clustering done. (took cpu=0:00:01.7 real=0:00:01.7)
  Stage::DRV Fixing...
  Fixing clock tree slew time and max cap violations...
    Fixing clock tree overload: ...20% ...40% ...60% ...80% ...100% 
    Clock DAG stats after 'Fixing clock tree slew time and max cap violations':
      cell counts      : b=35, i=0, icg=0, dcg=0, l=0, total=35
      sink counts      : regular=3444, enable_latch=0, load_capacitance=0, antenna=0, node_sink=0, total=3444
      misc counts      : r=1, pp=0
      cell areas       : b=283.176um^2, i=0.000um^2, icg=0.000um^2, dcg=0.000um^2, l=0.000um^2, total=283.176um^2
      cell capacitance : b=0.077pF, i=0.000pF, icg=0.000pF, dcg=0.000pF, l=0.000pF, total=0.077pF
      sink capacitance : total=0.809pF, avg=0.000pF, sd=0.000pF, min=0.000pF, max=0.000pF
      wire capacitance : top=0.000pF, trunk=0.077pF, leaf=0.948pF, total=1.025pF
      wire lengths     : top=0.000um, trunk=1120.990um, leaf=12539.057um, total=13660.047um
      hp wire lengths  : top=0.000um, trunk=0.000um, leaf=3025.915um, total=3025.915um
    Clock DAG net violations after 'Fixing clock tree slew time and max cap violations': none
    Clock DAG primary half-corner transition distribution after 'Fixing clock tree slew time and max cap violations':
      Trunk : target=0.100ns count=1 avg=0.021ns sd=0.000ns min=0.021ns max=0.021ns {1 <= 0.060ns, 0 <= 0.080ns, 0 <= 0.090ns, 0 <= 0.095ns, 0 <= 0.100ns}
      Leaf  : target=0.100ns count=35 avg=0.055ns sd=0.002ns min=0.052ns max=0.060ns {35 <= 0.060ns, 0 <= 0.080ns, 0 <= 0.090ns, 0 <= 0.095ns, 0 <= 0.100ns}
    Clock DAG library cell distribution after 'Fixing clock tree slew time and max cap violations' {count}:
       Bufs: CLKBUFX20: 32 CLKBUFX16: 3 
    Primary reporting skew groups after 'Fixing clock tree slew time and max cap violations':
      skew_group clk/common: insertion delay [min=0.068, max=0.085], skew [0.017 vs 0.730]
    Skew group summary after 'Fixing clock tree slew time and max cap violations':
      skew_group clk/common: insertion delay [min=0.068, max=0.085], skew [0.017 vs 0.730]
    Legalizer API calls during this step: 0 succeeded with high effort: 0 succeeded with medium effort: 0 succeeded with low effort: 0 succeeded with basic effort: 0 succeeded with basic unbounded effort: 0
  Fixing clock tree slew time and max cap violations done. (took cpu=0:00:00.0 real=0:00:00.0)
  Fixing clock tree slew time and max cap violations - detailed pass...
    Fixing clock tree overload: ...20% ...40% ...60% ...80% ...100% 
    Clock DAG stats after 'Fixing clock tree slew time and max cap violations - detailed pass':
      cell counts      : b=35, i=0, icg=0, dcg=0, l=0, total=35
      sink counts      : regular=3444, enable_latch=0, load_capacitance=0, antenna=0, node_sink=0, total=3444
      misc counts      : r=1, pp=0
      cell areas       : b=283.176um^2, i=0.000um^2, icg=0.000um^2, dcg=0.000um^2, l=0.000um^2, total=283.176um^2
      cell capacitance : b=0.077pF, i=0.000pF, icg=0.000pF, dcg=0.000pF, l=0.000pF, total=0.077pF
      sink capacitance : total=0.809pF, avg=0.000pF, sd=0.000pF, min=0.000pF, max=0.000pF
      wire capacitance : top=0.000pF, trunk=0.077pF, leaf=0.948pF, total=1.025pF
      wire lengths     : top=0.000um, trunk=1120.990um, leaf=12539.057um, total=13660.047um
      hp wire lengths  : top=0.000um, trunk=0.000um, leaf=3025.915um, total=3025.915um
    Clock DAG net violations after 'Fixing clock tree slew time and max cap violations - detailed pass': none
    Clock DAG primary half-corner transition distribution after 'Fixing clock tree slew time and max cap violations - detailed pass':
      Trunk : target=0.100ns count=1 avg=0.021ns sd=0.000ns min=0.021ns max=0.021ns {1 <= 0.060ns, 0 <= 0.080ns, 0 <= 0.090ns, 0 <= 0.095ns, 0 <= 0.100ns}
      Leaf  : target=0.100ns count=35 avg=0.055ns sd=0.002ns min=0.052ns max=0.060ns {35 <= 0.060ns, 0 <= 0.080ns, 0 <= 0.090ns, 0 <= 0.095ns, 0 <= 0.100ns}
    Clock DAG library cell distribution after 'Fixing clock tree slew time and max cap violations - detailed pass' {count}:
       Bufs: CLKBUFX20: 32 CLKBUFX16: 3 
    Primary reporting skew groups after 'Fixing clock tree slew time and max cap violations - detailed pass':
      skew_group clk/common: insertion delay [min=0.068, max=0.085, avg=0.079, sd=0.005], skew [0.017 vs 0.730], 100% {0.068, 0.085} (wid=0.015 ws=0.012) (gid=0.072 gs=0.006)
    Skew group summary after 'Fixing clock tree slew time and max cap violations - detailed pass':
      skew_group clk/common: insertion delay [min=0.068, max=0.085, avg=0.079, sd=0.005], skew [0.017 vs 0.730], 100% {0.068, 0.085} (wid=0.015 ws=0.012) (gid=0.072 gs=0.006)
    Legalizer API calls during this step: 0 succeeded with high effort: 0 succeeded with medium effort: 0 succeeded with low effort: 0 succeeded with basic effort: 0 succeeded with basic unbounded effort: 0
  Fixing clock tree slew time and max cap violations - detailed pass done. (took cpu=0:00:00.0 real=0:00:00.0)
  Stage::DRV Fixing done. (took cpu=0:00:00.0 real=0:00:00.0)
  Stage::Insertion Delay Reduction...
  Removing unnecessary root buffering...
    Clock DAG stats after 'Removing unnecessary root buffering':
      cell counts      : b=35, i=0, icg=0, dcg=0, l=0, total=35
      sink counts      : regular=3444, enable_latch=0, load_capacitance=0, antenna=0, node_sink=0, total=3444
      misc counts      : r=1, pp=0
      cell areas       : b=283.176um^2, i=0.000um^2, icg=0.000um^2, dcg=0.000um^2, l=0.000um^2, total=283.176um^2
      cell capacitance : b=0.077pF, i=0.000pF, icg=0.000pF, dcg=0.000pF, l=0.000pF, total=0.077pF
      sink capacitance : total=0.809pF, avg=0.000pF, sd=0.000pF, min=0.000pF, max=0.000pF
      wire capacitance : top=0.000pF, trunk=0.077pF, leaf=0.948pF, total=1.025pF
      wire lengths     : top=0.000um, trunk=1120.990um, leaf=12539.057um, total=13660.047um
      hp wire lengths  : top=0.000um, trunk=0.000um, leaf=3025.915um, total=3025.915um
    Clock DAG net violations after 'Removing unnecessary root buffering': none
    Clock DAG primary half-corner transition distribution after 'Removing unnecessary root buffering':
      Trunk : target=0.100ns count=1 avg=0.021ns sd=0.000ns min=0.021ns max=0.021ns {1 <= 0.060ns, 0 <= 0.080ns, 0 <= 0.090ns, 0 <= 0.095ns, 0 <= 0.100ns}
      Leaf  : target=0.100ns count=35 avg=0.055ns sd=0.002ns min=0.052ns max=0.060ns {35 <= 0.060ns, 0 <= 0.080ns, 0 <= 0.090ns, 0 <= 0.095ns, 0 <= 0.100ns}
    Clock DAG library cell distribution after 'Removing unnecessary root buffering' {count}:
       Bufs: CLKBUFX20: 32 CLKBUFX16: 3 
    Primary reporting skew groups after 'Removing unnecessary root buffering':
      skew_group clk/common: insertion delay [min=0.068, max=0.085], skew [0.017 vs 0.730]
    Skew group summary after 'Removing unnecessary root buffering':
      skew_group clk/common: insertion delay [min=0.068, max=0.085], skew [0.017 vs 0.730]
    Legalizer API calls during this step: 0 succeeded with high effort: 0 succeeded with medium effort: 0 succeeded with low effort: 0 succeeded with basic effort: 0 succeeded with basic unbounded effort: 0
  Removing unnecessary root buffering done. (took cpu=0:00:00.0 real=0:00:00.0)
  Removing unconstrained drivers...
    Clock DAG stats after 'Removing unconstrained drivers':
      cell counts      : b=35, i=0, icg=0, dcg=0, l=0, total=35
      sink counts      : regular=3444, enable_latch=0, load_capacitance=0, antenna=0, node_sink=0, total=3444
      misc counts      : r=1, pp=0
      cell areas       : b=283.176um^2, i=0.000um^2, icg=0.000um^2, dcg=0.000um^2, l=0.000um^2, total=283.176um^2
      cell capacitance : b=0.077pF, i=0.000pF, icg=0.000pF, dcg=0.000pF, l=0.000pF, total=0.077pF
      sink capacitance : total=0.809pF, avg=0.000pF, sd=0.000pF, min=0.000pF, max=0.000pF
      wire capacitance : top=0.000pF, trunk=0.077pF, leaf=0.948pF, total=1.025pF
      wire lengths     : top=0.000um, trunk=1120.990um, leaf=12539.057um, total=13660.047um
      hp wire lengths  : top=0.000um, trunk=0.000um, leaf=3025.915um, total=3025.915um
    Clock DAG net violations after 'Removing unconstrained drivers': none
    Clock DAG primary half-corner transition distribution after 'Removing unconstrained drivers':
      Trunk : target=0.100ns count=1 avg=0.021ns sd=0.000ns min=0.021ns max=0.021ns {1 <= 0.060ns, 0 <= 0.080ns, 0 <= 0.090ns, 0 <= 0.095ns, 0 <= 0.100ns}
      Leaf  : target=0.100ns count=35 avg=0.055ns sd=0.002ns min=0.052ns max=0.060ns {35 <= 0.060ns, 0 <= 0.080ns, 0 <= 0.090ns, 0 <= 0.095ns, 0 <= 0.100ns}
    Clock DAG library cell distribution after 'Removing unconstrained drivers' {count}:
       Bufs: CLKBUFX20: 32 CLKBUFX16: 3 
    Primary reporting skew groups after 'Removing unconstrained drivers':
      skew_group clk/common: insertion delay [min=0.068, max=0.085], skew [0.017 vs 0.730]
    Skew group summary after 'Removing unconstrained drivers':
      skew_group clk/common: insertion delay [min=0.068, max=0.085], skew [0.017 vs 0.730]
    Legalizer API calls during this step: 0 succeeded with high effort: 0 succeeded with medium effort: 0 succeeded with low effort: 0 succeeded with basic effort: 0 succeeded with basic unbounded effort: 0
  Removing unconstrained drivers done. (took cpu=0:00:00.0 real=0:00:00.0)
  Reducing insertion delay 1...
    Clock DAG stats after 'Reducing insertion delay 1':
      cell counts      : b=35, i=0, icg=0, dcg=0, l=0, total=35
      sink counts      : regular=3444, enable_latch=0, load_capacitance=0, antenna=0, node_sink=0, total=3444
      misc counts      : r=1, pp=0
      cell areas       : b=283.176um^2, i=0.000um^2, icg=0.000um^2, dcg=0.000um^2, l=0.000um^2, total=283.176um^2
      cell capacitance : b=0.077pF, i=0.000pF, icg=0.000pF, dcg=0.000pF, l=0.000pF, total=0.077pF
      sink capacitance : total=0.809pF, avg=0.000pF, sd=0.000pF, min=0.000pF, max=0.000pF
      wire capacitance : top=0.000pF, trunk=0.077pF, leaf=0.948pF, total=1.025pF
      wire lengths     : top=0.000um, trunk=1120.990um, leaf=12539.057um, total=13660.047um
      hp wire lengths  : top=0.000um, trunk=0.000um, leaf=3025.915um, total=3025.915um
    Clock DAG net violations after 'Reducing insertion delay 1': none
    Clock DAG primary half-corner transition distribution after 'Reducing insertion delay 1':
      Trunk : target=0.100ns count=1 avg=0.021ns sd=0.000ns min=0.021ns max=0.021ns {1 <= 0.060ns, 0 <= 0.080ns, 0 <= 0.090ns, 0 <= 0.095ns, 0 <= 0.100ns}
      Leaf  : target=0.100ns count=35 avg=0.055ns sd=0.002ns min=0.052ns max=0.060ns {35 <= 0.060ns, 0 <= 0.080ns, 0 <= 0.090ns, 0 <= 0.095ns, 0 <= 0.100ns}
    Clock DAG library cell distribution after 'Reducing insertion delay 1' {count}:
       Bufs: CLKBUFX20: 32 CLKBUFX16: 3 
    Primary reporting skew groups after 'Reducing insertion delay 1':
      skew_group clk/common: insertion delay [min=0.068, max=0.085], skew [0.017 vs 0.730]
    Skew group summary after 'Reducing insertion delay 1':
      skew_group clk/common: insertion delay [min=0.068, max=0.085], skew [0.017 vs 0.730]
    Legalizer API calls during this step: 8 succeeded with high effort: 8 succeeded with medium effort: 0 succeeded with low effort: 0 succeeded with basic effort: 0 succeeded with basic unbounded effort: 0
  Reducing insertion delay 1 done. (took cpu=0:00:00.2 real=0:00:00.2)
  Removing longest path buffering...
    Clock DAG stats after 'Removing longest path buffering':
      cell counts      : b=35, i=0, icg=0, dcg=0, l=0, total=35
      sink counts      : regular=3444, enable_latch=0, load_capacitance=0, antenna=0, node_sink=0, total=3444
      misc counts      : r=1, pp=0
      cell areas       : b=283.176um^2, i=0.000um^2, icg=0.000um^2, dcg=0.000um^2, l=0.000um^2, total=283.176um^2
      cell capacitance : b=0.077pF, i=0.000pF, icg=0.000pF, dcg=0.000pF, l=0.000pF, total=0.077pF
      sink capacitance : total=0.809pF, avg=0.000pF, sd=0.000pF, min=0.000pF, max=0.000pF
      wire capacitance : top=0.000pF, trunk=0.077pF, leaf=0.948pF, total=1.025pF
      wire lengths     : top=0.000um, trunk=1120.990um, leaf=12539.057um, total=13660.047um
      hp wire lengths  : top=0.000um, trunk=0.000um, leaf=3025.915um, total=3025.915um
    Clock DAG net violations after 'Removing longest path buffering': none
    Clock DAG primary half-corner transition distribution after 'Removing longest path buffering':
      Trunk : target=0.100ns count=1 avg=0.021ns sd=0.000ns min=0.021ns max=0.021ns {1 <= 0.060ns, 0 <= 0.080ns, 0 <= 0.090ns, 0 <= 0.095ns, 0 <= 0.100ns}
      Leaf  : target=0.100ns count=35 avg=0.055ns sd=0.002ns min=0.052ns max=0.060ns {35 <= 0.060ns, 0 <= 0.080ns, 0 <= 0.090ns, 0 <= 0.095ns, 0 <= 0.100ns}
    Clock DAG library cell distribution after 'Removing longest path buffering' {count}:
       Bufs: CLKBUFX20: 32 CLKBUFX16: 3 
    Primary reporting skew groups after 'Removing longest path buffering':
      skew_group clk/common: insertion delay [min=0.068, max=0.085], skew [0.017 vs 0.730]
    Skew group summary after 'Removing longest path buffering':
      skew_group clk/common: insertion delay [min=0.068, max=0.085], skew [0.017 vs 0.730]
    Legalizer API calls during this step: 0 succeeded with high effort: 0 succeeded with medium effort: 0 succeeded with low effort: 0 succeeded with basic effort: 0 succeeded with basic unbounded effort: 0
  Removing longest path buffering done. (took cpu=0:00:00.0 real=0:00:00.0)
  Reducing insertion delay 2...
    Clock DAG stats after 'Reducing insertion delay 2':
      cell counts      : b=35, i=0, icg=0, dcg=0, l=0, total=35
      sink counts      : regular=3444, enable_latch=0, load_capacitance=0, antenna=0, node_sink=0, total=3444
      misc counts      : r=1, pp=0
      cell areas       : b=283.176um^2, i=0.000um^2, icg=0.000um^2, dcg=0.000um^2, l=0.000um^2, total=283.176um^2
      cell capacitance : b=0.077pF, i=0.000pF, icg=0.000pF, dcg=0.000pF, l=0.000pF, total=0.077pF
      sink capacitance : total=0.809pF, avg=0.000pF, sd=0.000pF, min=0.000pF, max=0.000pF
      wire capacitance : top=0.000pF, trunk=0.077pF, leaf=0.948pF, total=1.025pF
      wire lengths     : top=0.000um, trunk=1120.990um, leaf=12539.057um, total=13660.047um
      hp wire lengths  : top=0.000um, trunk=0.000um, leaf=3025.915um, total=3025.915um
    Clock DAG net violations after 'Reducing insertion delay 2': none
    Clock DAG primary half-corner transition distribution after 'Reducing insertion delay 2':
      Trunk : target=0.100ns count=1 avg=0.021ns sd=0.000ns min=0.021ns max=0.021ns {1 <= 0.060ns, 0 <= 0.080ns, 0 <= 0.090ns, 0 <= 0.095ns, 0 <= 0.100ns}
      Leaf  : target=0.100ns count=35 avg=0.055ns sd=0.002ns min=0.052ns max=0.060ns {35 <= 0.060ns, 0 <= 0.080ns, 0 <= 0.090ns, 0 <= 0.095ns, 0 <= 0.100ns}
    Clock DAG library cell distribution after 'Reducing insertion delay 2' {count}:
       Bufs: CLKBUFX20: 32 CLKBUFX16: 3 
    Primary reporting skew groups after 'Reducing insertion delay 2':
      skew_group clk/common: insertion delay [min=0.068, max=0.085, avg=0.079, sd=0.005], skew [0.017 vs 0.730], 100% {0.068, 0.085} (wid=0.015 ws=0.012) (gid=0.072 gs=0.006)
    Skew group summary after 'Reducing insertion delay 2':
      skew_group clk/common: insertion delay [min=0.068, max=0.085, avg=0.079, sd=0.005], skew [0.017 vs 0.730], 100% {0.068, 0.085} (wid=0.015 ws=0.012) (gid=0.072 gs=0.006)
    Legalizer API calls during this step: 36 succeeded with high effort: 36 succeeded with medium effort: 0 succeeded with low effort: 0 succeeded with basic effort: 0 succeeded with basic unbounded effort: 0
  Reducing insertion delay 2 done. (took cpu=0:00:00.1 real=0:00:00.1)
  Stage::Insertion Delay Reduction done. (took cpu=0:00:00.4 real=0:00:00.4)
  CCOpt::Phase::Construction done. (took cpu=0:00:02.1 real=0:00:02.1)
  CCOpt::Phase::Implementation...
  Stage::Reducing Power...
  Improving clock tree routing...
    Iteration 1...
    Iteration 1 done.
    Clock DAG stats after 'Improving clock tree routing':
      cell counts      : b=35, i=0, icg=0, dcg=0, l=0, total=35
      sink counts      : regular=3444, enable_latch=0, load_capacitance=0, antenna=0, node_sink=0, total=3444
      misc counts      : r=1, pp=0
      cell areas       : b=283.176um^2, i=0.000um^2, icg=0.000um^2, dcg=0.000um^2, l=0.000um^2, total=283.176um^2
      cell capacitance : b=0.077pF, i=0.000pF, icg=0.000pF, dcg=0.000pF, l=0.000pF, total=0.077pF
      sink capacitance : total=0.809pF, avg=0.000pF, sd=0.000pF, min=0.000pF, max=0.000pF
      wire capacitance : top=0.000pF, trunk=0.077pF, leaf=0.948pF, total=1.025pF
      wire lengths     : top=0.000um, trunk=1120.990um, leaf=12539.057um, total=13660.047um
      hp wire lengths  : top=0.000um, trunk=0.000um, leaf=3025.915um, total=3025.915um
    Clock DAG net violations after 'Improving clock tree routing': none
    Clock DAG primary half-corner transition distribution after 'Improving clock tree routing':
      Trunk : target=0.100ns count=1 avg=0.021ns sd=0.000ns min=0.021ns max=0.021ns {1 <= 0.060ns, 0 <= 0.080ns, 0 <= 0.090ns, 0 <= 0.095ns, 0 <= 0.100ns}
      Leaf  : target=0.100ns count=35 avg=0.055ns sd=0.002ns min=0.052ns max=0.060ns {35 <= 0.060ns, 0 <= 0.080ns, 0 <= 0.090ns, 0 <= 0.095ns, 0 <= 0.100ns}
    Clock DAG library cell distribution after 'Improving clock tree routing' {count}:
       Bufs: CLKBUFX20: 32 CLKBUFX16: 3 
    Primary reporting skew groups after 'Improving clock tree routing':
      skew_group clk/common: insertion delay [min=0.068, max=0.085], skew [0.017 vs 0.730]
    Skew group summary after 'Improving clock tree routing':
      skew_group clk/common: insertion delay [min=0.068, max=0.085], skew [0.017 vs 0.730]
    Legalizer API calls during this step: 0 succeeded with high effort: 0 succeeded with medium effort: 0 succeeded with low effort: 0 succeeded with basic effort: 0 succeeded with basic unbounded effort: 0
  Improving clock tree routing done. (took cpu=0:00:00.0 real=0:00:00.0)
  Reducing clock tree power 1...
    Resizing gates:     ...20% ...40% ...60% ...80% ...Legalizing clock trees...
    Legalizing clock trees done. (took cpu=0:00:00.0 real=0:00:00.0)
    100% 
    Clock DAG stats after reducing clock tree power 1 iteration 1:
      cell counts      : b=35, i=0, icg=0, dcg=0, l=0, total=35
      sink counts      : regular=3444, enable_latch=0, load_capacitance=0, antenna=0, node_sink=0, total=3444
      misc counts      : r=1, pp=0
      cell areas       : b=208.278um^2, i=0.000um^2, icg=0.000um^2, dcg=0.000um^2, l=0.000um^2, total=208.278um^2
      cell capacitance : b=0.054pF, i=0.000pF, icg=0.000pF, dcg=0.000pF, l=0.000pF, total=0.054pF
      sink capacitance : total=0.809pF, avg=0.000pF, sd=0.000pF, min=0.000pF, max=0.000pF
      wire capacitance : top=0.000pF, trunk=0.077pF, leaf=0.948pF, total=1.026pF
      wire lengths     : top=0.000um, trunk=1128.884um, leaf=12537.575um, total=13666.459um
      hp wire lengths  : top=0.000um, trunk=0.000um, leaf=3025.915um, total=3025.915um
    Clock DAG net violations after reducing clock tree power 1 iteration 1: none
    Clock DAG primary half-corner transition distribution after reducing clock tree power 1 iteration 1:
      Trunk : target=0.100ns count=1 avg=0.018ns sd=0.000ns min=0.018ns max=0.018ns {1 <= 0.060ns, 0 <= 0.080ns, 0 <= 0.090ns, 0 <= 0.095ns, 0 <= 0.100ns}
      Leaf  : target=0.100ns count=35 avg=0.070ns sd=0.007ns min=0.053ns max=0.080ns {1 <= 0.060ns, 33 <= 0.080ns, 1 <= 0.090ns, 0 <= 0.095ns, 0 <= 0.100ns}
    Clock DAG library cell distribution after reducing clock tree power 1 iteration 1 {count}:
       Bufs: CLKBUFX20: 1 CLKBUFX16: 15 CLKBUFX12: 19 
    Primary reporting skew groups after reducing clock tree power 1 iteration 1:
      skew_group clk/common: insertion delay [min=0.075, max=0.089], skew [0.014 vs 0.730]
    Skew group summary after reducing clock tree power 1 iteration 1:
      skew_group clk/common: insertion delay [min=0.075, max=0.089], skew [0.014 vs 0.730]
    Resizing gates:     ...20% ...40% ...60% ...80% ...Legalizing clock trees...
    Legalizing clock trees done. (took cpu=0:00:00.0 real=0:00:00.0)
    100% 
    Clock DAG stats after reducing clock tree power 1 iteration 2:
      cell counts      : b=35, i=0, icg=0, dcg=0, l=0, total=35
      sink counts      : regular=3444, enable_latch=0, load_capacitance=0, antenna=0, node_sink=0, total=3444
      misc counts      : r=1, pp=0
      cell areas       : b=206.568um^2, i=0.000um^2, icg=0.000um^2, dcg=0.000um^2, l=0.000um^2, total=206.568um^2
      cell capacitance : b=0.054pF, i=0.000pF, icg=0.000pF, dcg=0.000pF, l=0.000pF, total=0.054pF
      sink capacitance : total=0.809pF, avg=0.000pF, sd=0.000pF, min=0.000pF, max=0.000pF
      wire capacitance : top=0.000pF, trunk=0.077pF, leaf=0.948pF, total=1.026pF
      wire lengths     : top=0.000um, trunk=1129.779um, leaf=12538.325um, total=13668.104um
      hp wire lengths  : top=0.000um, trunk=0.000um, leaf=3025.915um, total=3025.915um
    Clock DAG net violations after reducing clock tree power 1 iteration 2: none
    Clock DAG primary half-corner transition distribution after reducing clock tree power 1 iteration 2:
      Trunk : target=0.100ns count=1 avg=0.018ns sd=0.000ns min=0.018ns max=0.018ns {1 <= 0.060ns, 0 <= 0.080ns, 0 <= 0.090ns, 0 <= 0.095ns, 0 <= 0.100ns}
      Leaf  : target=0.100ns count=35 avg=0.070ns sd=0.007ns min=0.053ns max=0.080ns {1 <= 0.060ns, 33 <= 0.080ns, 1 <= 0.090ns, 0 <= 0.095ns, 0 <= 0.100ns}
    Clock DAG library cell distribution after reducing clock tree power 1 iteration 2 {count}:
       Bufs: CLKBUFX20: 1 CLKBUFX16: 14 CLKBUFX12: 20 
    Primary reporting skew groups after reducing clock tree power 1 iteration 2:
      skew_group clk/common: insertion delay [min=0.075, max=0.089], skew [0.014 vs 0.730]
    Skew group summary after reducing clock tree power 1 iteration 2:
      skew_group clk/common: insertion delay [min=0.075, max=0.089], skew [0.014 vs 0.730]
    Resizing gates:     ...20% ...40% ...60% ...80% ...Legalizing clock trees...
    Legalizing clock trees done. (took cpu=0:00:00.0 real=0:00:00.0)
    100% 
    Clock DAG stats after 'Reducing clock tree power 1':
      cell counts      : b=35, i=0, icg=0, dcg=0, l=0, total=35
      sink counts      : regular=3444, enable_latch=0, load_capacitance=0, antenna=0, node_sink=0, total=3444
      misc counts      : r=1, pp=0
      cell areas       : b=206.568um^2, i=0.000um^2, icg=0.000um^2, dcg=0.000um^2, l=0.000um^2, total=206.568um^2
      cell capacitance : b=0.054pF, i=0.000pF, icg=0.000pF, dcg=0.000pF, l=0.000pF, total=0.054pF
      sink capacitance : total=0.809pF, avg=0.000pF, sd=0.000pF, min=0.000pF, max=0.000pF
      wire capacitance : top=0.000pF, trunk=0.077pF, leaf=0.948pF, total=1.026pF
      wire lengths     : top=0.000um, trunk=1129.779um, leaf=12538.325um, total=13668.104um
      hp wire lengths  : top=0.000um, trunk=0.000um, leaf=3025.915um, total=3025.915um
    Clock DAG net violations after 'Reducing clock tree power 1': none
    Clock DAG primary half-corner transition distribution after 'Reducing clock tree power 1':
      Trunk : target=0.100ns count=1 avg=0.018ns sd=0.000ns min=0.018ns max=0.018ns {1 <= 0.060ns, 0 <= 0.080ns, 0 <= 0.090ns, 0 <= 0.095ns, 0 <= 0.100ns}
      Leaf  : target=0.100ns count=35 avg=0.070ns sd=0.007ns min=0.053ns max=0.080ns {1 <= 0.060ns, 33 <= 0.080ns, 1 <= 0.090ns, 0 <= 0.095ns, 0 <= 0.100ns}
    Clock DAG library cell distribution after 'Reducing clock tree power 1' {count}:
       Bufs: CLKBUFX20: 1 CLKBUFX16: 14 CLKBUFX12: 20 
    Primary reporting skew groups after 'Reducing clock tree power 1':
      skew_group clk/common: insertion delay [min=0.075, max=0.089], skew [0.014 vs 0.730]
    Skew group summary after 'Reducing clock tree power 1':
      skew_group clk/common: insertion delay [min=0.075, max=0.089], skew [0.014 vs 0.730]
    Legalizer API calls during this step: 296 succeeded with high effort: 296 succeeded with medium effort: 0 succeeded with low effort: 0 succeeded with basic effort: 0 succeeded with basic unbounded effort: 0
  Reducing clock tree power 1 done. (took cpu=0:00:00.7 real=0:00:00.7)
  Reducing clock tree power 2...
    Clock DAG stats after 'Reducing clock tree power 2':
      cell counts      : b=35, i=0, icg=0, dcg=0, l=0, total=35
      sink counts      : regular=3444, enable_latch=0, load_capacitance=0, antenna=0, node_sink=0, total=3444
      misc counts      : r=1, pp=0
      cell areas       : b=206.568um^2, i=0.000um^2, icg=0.000um^2, dcg=0.000um^2, l=0.000um^2, total=206.568um^2
      cell capacitance : b=0.054pF, i=0.000pF, icg=0.000pF, dcg=0.000pF, l=0.000pF, total=0.054pF
      sink capacitance : total=0.809pF, avg=0.000pF, sd=0.000pF, min=0.000pF, max=0.000pF
      wire capacitance : top=0.000pF, trunk=0.077pF, leaf=0.948pF, total=1.026pF
      wire lengths     : top=0.000um, trunk=1129.779um, leaf=12538.325um, total=13668.104um
      hp wire lengths  : top=0.000um, trunk=0.000um, leaf=3025.915um, total=3025.915um
    Clock DAG net violations after 'Reducing clock tree power 2': none
    Clock DAG primary half-corner transition distribution after 'Reducing clock tree power 2':
      Trunk : target=0.100ns count=1 avg=0.018ns sd=0.000ns min=0.018ns max=0.018ns {1 <= 0.060ns, 0 <= 0.080ns, 0 <= 0.090ns, 0 <= 0.095ns, 0 <= 0.100ns}
      Leaf  : target=0.100ns count=35 avg=0.070ns sd=0.007ns min=0.053ns max=0.080ns {1 <= 0.060ns, 33 <= 0.080ns, 1 <= 0.090ns, 0 <= 0.095ns, 0 <= 0.100ns}
    Clock DAG library cell distribution after 'Reducing clock tree power 2' {count}:
       Bufs: CLKBUFX20: 1 CLKBUFX16: 14 CLKBUFX12: 20 
    Primary reporting skew groups after 'Reducing clock tree power 2':
      skew_group clk/common: insertion delay [min=0.075, max=0.089, avg=0.083, sd=0.004], skew [0.014 vs 0.730], 100% {0.075, 0.089} (wid=0.014 ws=0.011) (gid=0.078 gs=0.008)
    Skew group summary after 'Reducing clock tree power 2':
      skew_group clk/common: insertion delay [min=0.075, max=0.089, avg=0.083, sd=0.004], skew [0.014 vs 0.730], 100% {0.075, 0.089} (wid=0.014 ws=0.011) (gid=0.078 gs=0.008)
    Legalizer API calls during this step: 0 succeeded with high effort: 0 succeeded with medium effort: 0 succeeded with low effort: 0 succeeded with basic effort: 0 succeeded with basic unbounded effort: 0
  Reducing clock tree power 2 done. (took cpu=0:00:00.0 real=0:00:00.0)
  Stage::Reducing Power done. (took cpu=0:00:00.7 real=0:00:00.7)
  Stage::Balancing...
  Approximately balancing fragments step...
    Resolve constraints - Approximately balancing fragments...
    Resolving skew group constraints...
      Solving LP: 1 skew groups; 2 fragments, 2 fraglets and 3 vertices; 25 variables and 66 constraints; tolerance 1
    Resolving skew group constraints done.
    Resolve constraints - Approximately balancing fragments done. (took cpu=0:00:00.1 real=0:00:00.1)
    Estimate delay to be added in balancing - Approximately balancing fragments...
    Trial balancer estimated the amount of delay to be added in balancing: 0.000ns
    Estimate delay to be added in balancing - Approximately balancing fragments done. (took cpu=0:00:00.0 real=0:00:00.0)
    Approximately balancing fragments...
      Moving gates to improve sub-tree skew...
        Tried: 37 Succeeded: 0
        Topology Tried: 0 Succeeded: 0
        0 Succeeded with SS ratio
        0 Succeeded with Lollipop: 0 with tier one, 0 with tier two. 
        Total reducing skew: 0 Average reducing skew for 0 nets : 0
        Clock DAG stats after 'Moving gates to improve sub-tree skew':
          cell counts      : b=35, i=0, icg=0, dcg=0, l=0, total=35
          sink counts      : regular=3444, enable_latch=0, load_capacitance=0, antenna=0, node_sink=0, total=3444
          misc counts      : r=1, pp=0
          cell areas       : b=206.568um^2, i=0.000um^2, icg=0.000um^2, dcg=0.000um^2, l=0.000um^2, total=206.568um^2
          cell capacitance : b=0.054pF, i=0.000pF, icg=0.000pF, dcg=0.000pF, l=0.000pF, total=0.054pF
          sink capacitance : total=0.809pF, avg=0.000pF, sd=0.000pF, min=0.000pF, max=0.000pF
          wire capacitance : top=0.000pF, trunk=0.077pF, leaf=0.948pF, total=1.026pF
          wire lengths     : top=0.000um, trunk=1129.779um, leaf=12538.325um, total=13668.104um
          hp wire lengths  : top=0.000um, trunk=0.000um, leaf=3025.915um, total=3025.915um
        Clock DAG net violations after 'Moving gates to improve sub-tree skew': none
        Clock DAG primary half-corner transition distribution after 'Moving gates to improve sub-tree skew':
          Trunk : target=0.100ns count=1 avg=0.018ns sd=0.000ns min=0.018ns max=0.018ns {1 <= 0.060ns, 0 <= 0.080ns, 0 <= 0.090ns, 0 <= 0.095ns, 0 <= 0.100ns}
          Leaf  : target=0.100ns count=35 avg=0.070ns sd=0.007ns min=0.053ns max=0.080ns {1 <= 0.060ns, 33 <= 0.080ns, 1 <= 0.090ns, 0 <= 0.095ns, 0 <= 0.100ns}
        Clock DAG library cell distribution after 'Moving gates to improve sub-tree skew' {count}:
           Bufs: CLKBUFX20: 1 CLKBUFX16: 14 CLKBUFX12: 20 
        Legalizer API calls during this step: 0 succeeded with high effort: 0 succeeded with medium effort: 0 succeeded with low effort: 0 succeeded with basic effort: 0 succeeded with basic unbounded effort: 0
      Moving gates to improve sub-tree skew done. (took cpu=0:00:00.0 real=0:00:00.0)
      Approximately balancing fragments bottom up...
        bottom up balancing: ...20% ...40% ...60% ...80% ...100% 
        Clock DAG stats after 'Approximately balancing fragments bottom up':
          cell counts      : b=35, i=0, icg=0, dcg=0, l=0, total=35
          sink counts      : regular=3444, enable_latch=0, load_capacitance=0, antenna=0, node_sink=0, total=3444
          misc counts      : r=1, pp=0
          cell areas       : b=206.568um^2, i=0.000um^2, icg=0.000um^2, dcg=0.000um^2, l=0.000um^2, total=206.568um^2
          cell capacitance : b=0.054pF, i=0.000pF, icg=0.000pF, dcg=0.000pF, l=0.000pF, total=0.054pF
          sink capacitance : total=0.809pF, avg=0.000pF, sd=0.000pF, min=0.000pF, max=0.000pF
          wire capacitance : top=0.000pF, trunk=0.077pF, leaf=0.948pF, total=1.026pF
          wire lengths     : top=0.000um, trunk=1129.779um, leaf=12538.325um, total=13668.104um
          hp wire lengths  : top=0.000um, trunk=0.000um, leaf=3025.915um, total=3025.915um
        Clock DAG net violations after 'Approximately balancing fragments bottom up': none
        Clock DAG primary half-corner transition distribution after 'Approximately balancing fragments bottom up':
          Trunk : target=0.100ns count=1 avg=0.018ns sd=0.000ns min=0.018ns max=0.018ns {1 <= 0.060ns, 0 <= 0.080ns, 0 <= 0.090ns, 0 <= 0.095ns, 0 <= 0.100ns}
          Leaf  : target=0.100ns count=35 avg=0.070ns sd=0.007ns min=0.053ns max=0.080ns {1 <= 0.060ns, 33 <= 0.080ns, 1 <= 0.090ns, 0 <= 0.095ns, 0 <= 0.100ns}
        Clock DAG library cell distribution after 'Approximately balancing fragments bottom up' {count}:
           Bufs: CLKBUFX20: 1 CLKBUFX16: 14 CLKBUFX12: 20 
        Legalizer API calls during this step: 17 succeeded with high effort: 17 succeeded with medium effort: 0 succeeded with low effort: 0 succeeded with basic effort: 0 succeeded with basic unbounded effort: 0
      Approximately balancing fragments bottom up done. (took cpu=0:00:00.2 real=0:00:00.2)
      Approximately balancing fragments, wire and cell delays...
      Approximately balancing fragments, wire and cell delays, iteration 1...
        Clock DAG stats after Approximately balancing fragments, wire and cell delays, iteration 1:
          cell counts      : b=35, i=0, icg=0, dcg=0, l=0, total=35
          sink counts      : regular=3444, enable_latch=0, load_capacitance=0, antenna=0, node_sink=0, total=3444
          misc counts      : r=1, pp=0
          cell areas       : b=206.568um^2, i=0.000um^2, icg=0.000um^2, dcg=0.000um^2, l=0.000um^2, total=206.568um^2
          cell capacitance : b=0.054pF, i=0.000pF, icg=0.000pF, dcg=0.000pF, l=0.000pF, total=0.054pF
          sink capacitance : total=0.809pF, avg=0.000pF, sd=0.000pF, min=0.000pF, max=0.000pF
          wire capacitance : top=0.000pF, trunk=0.077pF, leaf=0.948pF, total=1.026pF
          wire lengths     : top=0.000um, trunk=1129.779um, leaf=12538.325um, total=13668.104um
          hp wire lengths  : top=0.000um, trunk=0.000um, leaf=3025.915um, total=3025.915um
        Clock DAG net violations after Approximately balancing fragments, wire and cell delays, iteration 1: none
        Clock DAG primary half-corner transition distribution after Approximately balancing fragments, wire and cell delays, iteration 1:
          Trunk : target=0.100ns count=1 avg=0.018ns sd=0.000ns min=0.018ns max=0.018ns {1 <= 0.060ns, 0 <= 0.080ns, 0 <= 0.090ns, 0 <= 0.095ns, 0 <= 0.100ns}
          Leaf  : target=0.100ns count=35 avg=0.070ns sd=0.007ns min=0.053ns max=0.080ns {1 <= 0.060ns, 33 <= 0.080ns, 1 <= 0.090ns, 0 <= 0.095ns, 0 <= 0.100ns}
        Clock DAG library cell distribution after Approximately balancing fragments, wire and cell delays, iteration 1 {count}:
           Bufs: CLKBUFX20: 1 CLKBUFX16: 14 CLKBUFX12: 20 
      Approximately balancing fragments, wire and cell delays, iteration 1 done.
      Approximately balancing fragments, wire and cell delays done. (took cpu=0:00:00.0 real=0:00:00.0)
    Approximately balancing fragments done.
    Clock DAG stats after 'Approximately balancing fragments step':
      cell counts      : b=35, i=0, icg=0, dcg=0, l=0, total=35
      sink counts      : regular=3444, enable_latch=0, load_capacitance=0, antenna=0, node_sink=0, total=3444
      misc counts      : r=1, pp=0
      cell areas       : b=206.568um^2, i=0.000um^2, icg=0.000um^2, dcg=0.000um^2, l=0.000um^2, total=206.568um^2
      cell capacitance : b=0.054pF, i=0.000pF, icg=0.000pF, dcg=0.000pF, l=0.000pF, total=0.054pF
      sink capacitance : total=0.809pF, avg=0.000pF, sd=0.000pF, min=0.000pF, max=0.000pF
      wire capacitance : top=0.000pF, trunk=0.077pF, leaf=0.948pF, total=1.026pF
      wire lengths     : top=0.000um, trunk=1129.779um, leaf=12538.325um, total=13668.104um
      hp wire lengths  : top=0.000um, trunk=0.000um, leaf=3025.915um, total=3025.915um
    Clock DAG net violations after 'Approximately balancing fragments step': none
    Clock DAG primary half-corner transition distribution after 'Approximately balancing fragments step':
      Trunk : target=0.100ns count=1 avg=0.018ns sd=0.000ns min=0.018ns max=0.018ns {1 <= 0.060ns, 0 <= 0.080ns, 0 <= 0.090ns, 0 <= 0.095ns, 0 <= 0.100ns}
      Leaf  : target=0.100ns count=35 avg=0.070ns sd=0.007ns min=0.053ns max=0.080ns {1 <= 0.060ns, 33 <= 0.080ns, 1 <= 0.090ns, 0 <= 0.095ns, 0 <= 0.100ns}
    Clock DAG library cell distribution after 'Approximately balancing fragments step' {count}:
       Bufs: CLKBUFX20: 1 CLKBUFX16: 14 CLKBUFX12: 20 
    Legalizer API calls during this step: 17 succeeded with high effort: 17 succeeded with medium effort: 0 succeeded with low effort: 0 succeeded with basic effort: 0 succeeded with basic unbounded effort: 0
  Approximately balancing fragments step done. (took cpu=0:00:00.3 real=0:00:00.3)
  Clock DAG stats after Approximately balancing fragments:
    cell counts      : b=35, i=0, icg=0, dcg=0, l=0, total=35
    sink counts      : regular=3444, enable_latch=0, load_capacitance=0, antenna=0, node_sink=0, total=3444
    misc counts      : r=1, pp=0
    cell areas       : b=206.568um^2, i=0.000um^2, icg=0.000um^2, dcg=0.000um^2, l=0.000um^2, total=206.568um^2
    cell capacitance : b=0.054pF, i=0.000pF, icg=0.000pF, dcg=0.000pF, l=0.000pF, total=0.054pF
    sink capacitance : total=0.809pF, avg=0.000pF, sd=0.000pF, min=0.000pF, max=0.000pF
    wire capacitance : top=0.000pF, trunk=0.077pF, leaf=0.948pF, total=1.026pF
    wire lengths     : top=0.000um, trunk=1129.779um, leaf=12538.325um, total=13668.104um
    hp wire lengths  : top=0.000um, trunk=0.000um, leaf=3025.915um, total=3025.915um
  Clock DAG net violations after Approximately balancing fragments: none
  Clock DAG primary half-corner transition distribution after Approximately balancing fragments:
    Trunk : target=0.100ns count=1 avg=0.018ns sd=0.000ns min=0.018ns max=0.018ns {1 <= 0.060ns, 0 <= 0.080ns, 0 <= 0.090ns, 0 <= 0.095ns, 0 <= 0.100ns}
    Leaf  : target=0.100ns count=35 avg=0.070ns sd=0.007ns min=0.053ns max=0.080ns {1 <= 0.060ns, 33 <= 0.080ns, 1 <= 0.090ns, 0 <= 0.095ns, 0 <= 0.100ns}
  Clock DAG library cell distribution after Approximately balancing fragments {count}:
     Bufs: CLKBUFX20: 1 CLKBUFX16: 14 CLKBUFX12: 20 
  Primary reporting skew groups after Approximately balancing fragments:
    skew_group clk/common: insertion delay [min=0.075, max=0.089], skew [0.014 vs 0.730]
  Skew group summary after Approximately balancing fragments:
    skew_group clk/common: insertion delay [min=0.075, max=0.089], skew [0.014 vs 0.730]
  Improving fragments clock skew...
    Clock DAG stats after 'Improving fragments clock skew':
      cell counts      : b=35, i=0, icg=0, dcg=0, l=0, total=35
      sink counts      : regular=3444, enable_latch=0, load_capacitance=0, antenna=0, node_sink=0, total=3444
      misc counts      : r=1, pp=0
      cell areas       : b=206.568um^2, i=0.000um^2, icg=0.000um^2, dcg=0.000um^2, l=0.000um^2, total=206.568um^2
      cell capacitance : b=0.054pF, i=0.000pF, icg=0.000pF, dcg=0.000pF, l=0.000pF, total=0.054pF
      sink capacitance : total=0.809pF, avg=0.000pF, sd=0.000pF, min=0.000pF, max=0.000pF
      wire capacitance : top=0.000pF, trunk=0.077pF, leaf=0.948pF, total=1.026pF
      wire lengths     : top=0.000um, trunk=1129.779um, leaf=12538.325um, total=13668.104um
      hp wire lengths  : top=0.000um, trunk=0.000um, leaf=3025.915um, total=3025.915um
    Clock DAG net violations after 'Improving fragments clock skew': none
    Clock DAG primary half-corner transition distribution after 'Improving fragments clock skew':
      Trunk : target=0.100ns count=1 avg=0.018ns sd=0.000ns min=0.018ns max=0.018ns {1 <= 0.060ns, 0 <= 0.080ns, 0 <= 0.090ns, 0 <= 0.095ns, 0 <= 0.100ns}
      Leaf  : target=0.100ns count=35 avg=0.070ns sd=0.007ns min=0.053ns max=0.080ns {1 <= 0.060ns, 33 <= 0.080ns, 1 <= 0.090ns, 0 <= 0.095ns, 0 <= 0.100ns}
    Clock DAG library cell distribution after 'Improving fragments clock skew' {count}:
       Bufs: CLKBUFX20: 1 CLKBUFX16: 14 CLKBUFX12: 20 
    Primary reporting skew groups after 'Improving fragments clock skew':
      skew_group clk/common: insertion delay [min=0.075, max=0.089], skew [0.014 vs 0.730]
    Skew group summary after 'Improving fragments clock skew':
      skew_group clk/common: insertion delay [min=0.075, max=0.089], skew [0.014 vs 0.730]
    Legalizer API calls during this step: 0 succeeded with high effort: 0 succeeded with medium effort: 0 succeeded with low effort: 0 succeeded with basic effort: 0 succeeded with basic unbounded effort: 0
  Improving fragments clock skew done. (took cpu=0:00:00.0 real=0:00:00.0)
  Approximately balancing step...
    Resolve constraints - Approximately balancing...
    Resolving skew group constraints...
      Solving LP: 1 skew groups; 2 fragments, 2 fraglets and 3 vertices; 25 variables and 66 constraints; tolerance 1
    Resolving skew group constraints done.
    Resolve constraints - Approximately balancing done. (took cpu=0:00:00.0 real=0:00:00.0)
    Approximately balancing...
      Approximately balancing, wire and cell delays...
      Approximately balancing, wire and cell delays, iteration 1...
        Clock DAG stats after Approximately balancing, wire and cell delays, iteration 1:
          cell counts      : b=35, i=0, icg=0, dcg=0, l=0, total=35
          sink counts      : regular=3444, enable_latch=0, load_capacitance=0, antenna=0, node_sink=0, total=3444
          misc counts      : r=1, pp=0
          cell areas       : b=206.568um^2, i=0.000um^2, icg=0.000um^2, dcg=0.000um^2, l=0.000um^2, total=206.568um^2
          cell capacitance : b=0.054pF, i=0.000pF, icg=0.000pF, dcg=0.000pF, l=0.000pF, total=0.054pF
          sink capacitance : total=0.809pF, avg=0.000pF, sd=0.000pF, min=0.000pF, max=0.000pF
          wire capacitance : top=0.000pF, trunk=0.077pF, leaf=0.948pF, total=1.026pF
          wire lengths     : top=0.000um, trunk=1129.779um, leaf=12538.325um, total=13668.104um
          hp wire lengths  : top=0.000um, trunk=0.000um, leaf=3025.915um, total=3025.915um
        Clock DAG net violations after Approximately balancing, wire and cell delays, iteration 1: none
        Clock DAG primary half-corner transition distribution after Approximately balancing, wire and cell delays, iteration 1:
          Trunk : target=0.100ns count=1 avg=0.018ns sd=0.000ns min=0.018ns max=0.018ns {1 <= 0.060ns, 0 <= 0.080ns, 0 <= 0.090ns, 0 <= 0.095ns, 0 <= 0.100ns}
          Leaf  : target=0.100ns count=35 avg=0.070ns sd=0.007ns min=0.053ns max=0.080ns {1 <= 0.060ns, 33 <= 0.080ns, 1 <= 0.090ns, 0 <= 0.095ns, 0 <= 0.100ns}
        Clock DAG library cell distribution after Approximately balancing, wire and cell delays, iteration 1 {count}:
           Bufs: CLKBUFX20: 1 CLKBUFX16: 14 CLKBUFX12: 20 
      Approximately balancing, wire and cell delays, iteration 1 done.
      Approximately balancing, wire and cell delays done. (took cpu=0:00:00.0 real=0:00:00.0)
    Approximately balancing done.
    Clock DAG stats after 'Approximately balancing step':
      cell counts      : b=35, i=0, icg=0, dcg=0, l=0, total=35
      sink counts      : regular=3444, enable_latch=0, load_capacitance=0, antenna=0, node_sink=0, total=3444
      misc counts      : r=1, pp=0
      cell areas       : b=206.568um^2, i=0.000um^2, icg=0.000um^2, dcg=0.000um^2, l=0.000um^2, total=206.568um^2
      cell capacitance : b=0.054pF, i=0.000pF, icg=0.000pF, dcg=0.000pF, l=0.000pF, total=0.054pF
      sink capacitance : total=0.809pF, avg=0.000pF, sd=0.000pF, min=0.000pF, max=0.000pF
      wire capacitance : top=0.000pF, trunk=0.077pF, leaf=0.948pF, total=1.026pF
      wire lengths     : top=0.000um, trunk=1129.779um, leaf=12538.325um, total=13668.104um
      hp wire lengths  : top=0.000um, trunk=0.000um, leaf=3025.915um, total=3025.915um
    Clock DAG net violations after 'Approximately balancing step': none
    Clock DAG primary half-corner transition distribution after 'Approximately balancing step':
      Trunk : target=0.100ns count=1 avg=0.018ns sd=0.000ns min=0.018ns max=0.018ns {1 <= 0.060ns, 0 <= 0.080ns, 0 <= 0.090ns, 0 <= 0.095ns, 0 <= 0.100ns}
      Leaf  : target=0.100ns count=35 avg=0.070ns sd=0.007ns min=0.053ns max=0.080ns {1 <= 0.060ns, 33 <= 0.080ns, 1 <= 0.090ns, 0 <= 0.095ns, 0 <= 0.100ns}
    Clock DAG library cell distribution after 'Approximately balancing step' {count}:
       Bufs: CLKBUFX20: 1 CLKBUFX16: 14 CLKBUFX12: 20 
    Primary reporting skew groups after 'Approximately balancing step':
      skew_group clk/common: insertion delay [min=0.075, max=0.089], skew [0.014 vs 0.730]
    Skew group summary after 'Approximately balancing step':
      skew_group clk/common: insertion delay [min=0.075, max=0.089], skew [0.014 vs 0.730]
    Legalizer API calls during this step: 0 succeeded with high effort: 0 succeeded with medium effort: 0 succeeded with low effort: 0 succeeded with basic effort: 0 succeeded with basic unbounded effort: 0
  Approximately balancing step done. (took cpu=0:00:00.1 real=0:00:00.1)
  Fixing clock tree overload...
    Fixing clock tree overload: ...20% ...40% ...60% ...80% ...100% 
    Clock DAG stats after 'Fixing clock tree overload':
      cell counts      : b=35, i=0, icg=0, dcg=0, l=0, total=35
      sink counts      : regular=3444, enable_latch=0, load_capacitance=0, antenna=0, node_sink=0, total=3444
      misc counts      : r=1, pp=0
      cell areas       : b=206.568um^2, i=0.000um^2, icg=0.000um^2, dcg=0.000um^2, l=0.000um^2, total=206.568um^2
      cell capacitance : b=0.054pF, i=0.000pF, icg=0.000pF, dcg=0.000pF, l=0.000pF, total=0.054pF
      sink capacitance : total=0.809pF, avg=0.000pF, sd=0.000pF, min=0.000pF, max=0.000pF
      wire capacitance : top=0.000pF, trunk=0.077pF, leaf=0.948pF, total=1.026pF
      wire lengths     : top=0.000um, trunk=1129.779um, leaf=12538.325um, total=13668.104um
      hp wire lengths  : top=0.000um, trunk=0.000um, leaf=3025.915um, total=3025.915um
    Clock DAG net violations after 'Fixing clock tree overload': none
    Clock DAG primary half-corner transition distribution after 'Fixing clock tree overload':
      Trunk : target=0.100ns count=1 avg=0.018ns sd=0.000ns min=0.018ns max=0.018ns {1 <= 0.060ns, 0 <= 0.080ns, 0 <= 0.090ns, 0 <= 0.095ns, 0 <= 0.100ns}
      Leaf  : target=0.100ns count=35 avg=0.070ns sd=0.007ns min=0.053ns max=0.080ns {1 <= 0.060ns, 33 <= 0.080ns, 1 <= 0.090ns, 0 <= 0.095ns, 0 <= 0.100ns}
    Clock DAG library cell distribution after 'Fixing clock tree overload' {count}:
       Bufs: CLKBUFX20: 1 CLKBUFX16: 14 CLKBUFX12: 20 
    Primary reporting skew groups after 'Fixing clock tree overload':
      skew_group clk/common: insertion delay [min=0.075, max=0.089], skew [0.014 vs 0.730]
    Skew group summary after 'Fixing clock tree overload':
      skew_group clk/common: insertion delay [min=0.075, max=0.089], skew [0.014 vs 0.730]
    Legalizer API calls during this step: 0 succeeded with high effort: 0 succeeded with medium effort: 0 succeeded with low effort: 0 succeeded with basic effort: 0 succeeded with basic unbounded effort: 0
  Fixing clock tree overload done. (took cpu=0:00:00.0 real=0:00:00.0)
  Approximately balancing paths...
    Added 0 buffers.
    Clock DAG stats after 'Approximately balancing paths':
      cell counts      : b=35, i=0, icg=0, dcg=0, l=0, total=35
      sink counts      : regular=3444, enable_latch=0, load_capacitance=0, antenna=0, node_sink=0, total=3444
      misc counts      : r=1, pp=0
      cell areas       : b=206.568um^2, i=0.000um^2, icg=0.000um^2, dcg=0.000um^2, l=0.000um^2, total=206.568um^2
      cell capacitance : b=0.054pF, i=0.000pF, icg=0.000pF, dcg=0.000pF, l=0.000pF, total=0.054pF
      sink capacitance : total=0.809pF, avg=0.000pF, sd=0.000pF, min=0.000pF, max=0.000pF
      wire capacitance : top=0.000pF, trunk=0.077pF, leaf=0.948pF, total=1.026pF
      wire lengths     : top=0.000um, trunk=1129.779um, leaf=12538.325um, total=13668.104um
      hp wire lengths  : top=0.000um, trunk=0.000um, leaf=3025.915um, total=3025.915um
    Clock DAG net violations after 'Approximately balancing paths': none
    Clock DAG primary half-corner transition distribution after 'Approximately balancing paths':
      Trunk : target=0.100ns count=1 avg=0.018ns sd=0.000ns min=0.018ns max=0.018ns {1 <= 0.060ns, 0 <= 0.080ns, 0 <= 0.090ns, 0 <= 0.095ns, 0 <= 0.100ns}
      Leaf  : target=0.100ns count=35 avg=0.070ns sd=0.007ns min=0.053ns max=0.080ns {1 <= 0.060ns, 33 <= 0.080ns, 1 <= 0.090ns, 0 <= 0.095ns, 0 <= 0.100ns}
    Clock DAG library cell distribution after 'Approximately balancing paths' {count}:
       Bufs: CLKBUFX20: 1 CLKBUFX16: 14 CLKBUFX12: 20 
    Primary reporting skew groups after 'Approximately balancing paths':
      skew_group clk/common: insertion delay [min=0.075, max=0.089, avg=0.083, sd=0.004], skew [0.014 vs 0.730], 100% {0.075, 0.089} (wid=0.014 ws=0.011) (gid=0.078 gs=0.008)
    Skew group summary after 'Approximately balancing paths':
      skew_group clk/common: insertion delay [min=0.075, max=0.089, avg=0.083, sd=0.004], skew [0.014 vs 0.730], 100% {0.075, 0.089} (wid=0.014 ws=0.011) (gid=0.078 gs=0.008)
    Legalizer API calls during this step: 0 succeeded with high effort: 0 succeeded with medium effort: 0 succeeded with low effort: 0 succeeded with basic effort: 0 succeeded with basic unbounded effort: 0
  Approximately balancing paths done. (took cpu=0:00:00.0 real=0:00:00.0)
  Stage::Balancing done. (took cpu=0:00:00.5 real=0:00:00.5)
  Stage::Polishing...
  Clock tree timing engine global stage delay update for nbit_stack_delayCorner:both.late...
  Clock tree timing engine global stage delay update for nbit_stack_delayCorner:both.late done. (took cpu=0:00:00.0 real=0:00:00.0)
  Clock DAG stats before polishing:
    cell counts      : b=35, i=0, icg=0, dcg=0, l=0, total=35
    sink counts      : regular=3444, enable_latch=0, load_capacitance=0, antenna=0, node_sink=0, total=3444
    misc counts      : r=1, pp=0
    cell areas       : b=206.568um^2, i=0.000um^2, icg=0.000um^2, dcg=0.000um^2, l=0.000um^2, total=206.568um^2
    cell capacitance : b=0.054pF, i=0.000pF, icg=0.000pF, dcg=0.000pF, l=0.000pF, total=0.054pF
    sink capacitance : total=0.809pF, avg=0.000pF, sd=0.000pF, min=0.000pF, max=0.000pF
    wire capacitance : top=0.000pF, trunk=0.077pF, leaf=0.948pF, total=1.026pF
    wire lengths     : top=0.000um, trunk=1129.779um, leaf=12538.325um, total=13668.104um
    hp wire lengths  : top=0.000um, trunk=0.000um, leaf=3025.915um, total=3025.915um
  Clock DAG net violations before polishing: none
  Clock DAG primary half-corner transition distribution before polishing:
    Trunk : target=0.100ns count=1 avg=0.018ns sd=0.000ns min=0.018ns max=0.018ns {1 <= 0.060ns, 0 <= 0.080ns, 0 <= 0.090ns, 0 <= 0.095ns, 0 <= 0.100ns}
    Leaf  : target=0.100ns count=35 avg=0.070ns sd=0.008ns min=0.053ns max=0.080ns {1 <= 0.060ns, 32 <= 0.080ns, 2 <= 0.090ns, 0 <= 0.095ns, 0 <= 0.100ns}
  Clock DAG library cell distribution before polishing {count}:
     Bufs: CLKBUFX20: 1 CLKBUFX16: 14 CLKBUFX12: 20 
  Primary reporting skew groups before polishing:
    skew_group clk/common: insertion delay [min=0.075, max=0.088], skew [0.013 vs 0.730]
  Skew group summary before polishing:
    skew_group clk/common: insertion delay [min=0.075, max=0.088], skew [0.013 vs 0.730]
  Merging balancing drivers for power...
    Tried: 37 Succeeded: 0
    Clock DAG stats after 'Merging balancing drivers for power':
      cell counts      : b=35, i=0, icg=0, dcg=0, l=0, total=35
      sink counts      : regular=3444, enable_latch=0, load_capacitance=0, antenna=0, node_sink=0, total=3444
      misc counts      : r=1, pp=0
      cell areas       : b=206.568um^2, i=0.000um^2, icg=0.000um^2, dcg=0.000um^2, l=0.000um^2, total=206.568um^2
      cell capacitance : b=0.054pF, i=0.000pF, icg=0.000pF, dcg=0.000pF, l=0.000pF, total=0.054pF
      sink capacitance : total=0.809pF, avg=0.000pF, sd=0.000pF, min=0.000pF, max=0.000pF
      wire capacitance : top=0.000pF, trunk=0.077pF, leaf=0.948pF, total=1.026pF
      wire lengths     : top=0.000um, trunk=1129.779um, leaf=12538.325um, total=13668.104um
      hp wire lengths  : top=0.000um, trunk=0.000um, leaf=3025.915um, total=3025.915um
    Clock DAG net violations after 'Merging balancing drivers for power': none
    Clock DAG primary half-corner transition distribution after 'Merging balancing drivers for power':
      Trunk : target=0.100ns count=1 avg=0.018ns sd=0.000ns min=0.018ns max=0.018ns {1 <= 0.060ns, 0 <= 0.080ns, 0 <= 0.090ns, 0 <= 0.095ns, 0 <= 0.100ns}
      Leaf  : target=0.100ns count=35 avg=0.070ns sd=0.008ns min=0.053ns max=0.080ns {1 <= 0.060ns, 32 <= 0.080ns, 2 <= 0.090ns, 0 <= 0.095ns, 0 <= 0.100ns}
    Clock DAG library cell distribution after 'Merging balancing drivers for power' {count}:
       Bufs: CLKBUFX20: 1 CLKBUFX16: 14 CLKBUFX12: 20 
    Primary reporting skew groups after 'Merging balancing drivers for power':
      skew_group clk/common: insertion delay [min=0.075, max=0.088], skew [0.013 vs 0.730]
    Skew group summary after 'Merging balancing drivers for power':
      skew_group clk/common: insertion delay [min=0.075, max=0.088], skew [0.013 vs 0.730]
    Legalizer API calls during this step: 0 succeeded with high effort: 0 succeeded with medium effort: 0 succeeded with low effort: 0 succeeded with basic effort: 0 succeeded with basic unbounded effort: 0
  Merging balancing drivers for power done. (took cpu=0:00:00.0 real=0:00:00.0)
  Improving clock skew...
    Clock DAG stats after 'Improving clock skew':
      cell counts      : b=35, i=0, icg=0, dcg=0, l=0, total=35
      sink counts      : regular=3444, enable_latch=0, load_capacitance=0, antenna=0, node_sink=0, total=3444
      misc counts      : r=1, pp=0
      cell areas       : b=206.568um^2, i=0.000um^2, icg=0.000um^2, dcg=0.000um^2, l=0.000um^2, total=206.568um^2
      cell capacitance : b=0.054pF, i=0.000pF, icg=0.000pF, dcg=0.000pF, l=0.000pF, total=0.054pF
      sink capacitance : total=0.809pF, avg=0.000pF, sd=0.000pF, min=0.000pF, max=0.000pF
      wire capacitance : top=0.000pF, trunk=0.077pF, leaf=0.948pF, total=1.026pF
      wire lengths     : top=0.000um, trunk=1129.779um, leaf=12538.325um, total=13668.104um
      hp wire lengths  : top=0.000um, trunk=0.000um, leaf=3025.915um, total=3025.915um
    Clock DAG net violations after 'Improving clock skew': none
    Clock DAG primary half-corner transition distribution after 'Improving clock skew':
      Trunk : target=0.100ns count=1 avg=0.018ns sd=0.000ns min=0.018ns max=0.018ns {1 <= 0.060ns, 0 <= 0.080ns, 0 <= 0.090ns, 0 <= 0.095ns, 0 <= 0.100ns}
      Leaf  : target=0.100ns count=35 avg=0.070ns sd=0.008ns min=0.053ns max=0.080ns {1 <= 0.060ns, 32 <= 0.080ns, 2 <= 0.090ns, 0 <= 0.095ns, 0 <= 0.100ns}
    Clock DAG library cell distribution after 'Improving clock skew' {count}:
       Bufs: CLKBUFX20: 1 CLKBUFX16: 14 CLKBUFX12: 20 
    Primary reporting skew groups after 'Improving clock skew':
      skew_group clk/common: insertion delay [min=0.075, max=0.088, avg=0.083, sd=0.004], skew [0.013 vs 0.730], 100% {0.075, 0.088} (wid=0.014 ws=0.011) (gid=0.079 gs=0.009)
    Skew group summary after 'Improving clock skew':
      skew_group clk/common: insertion delay [min=0.075, max=0.088, avg=0.083, sd=0.004], skew [0.013 vs 0.730], 100% {0.075, 0.088} (wid=0.014 ws=0.011) (gid=0.079 gs=0.009)
    Legalizer API calls during this step: 0 succeeded with high effort: 0 succeeded with medium effort: 0 succeeded with low effort: 0 succeeded with basic effort: 0 succeeded with basic unbounded effort: 0
  Improving clock skew done. (took cpu=0:00:00.0 real=0:00:00.0)
  Moving gates to reduce wire capacitance...
    Modified slew target multipliers. Leaf=(1 to 0.9) Trunk=(1 to 0.95) Top=(1 to 0.95)
    Iteration 1...
      Artificially removing short and long paths...
        Legalizer API calls during this step: 0 succeeded with high effort: 0 succeeded with medium effort: 0 succeeded with low effort: 0 succeeded with basic effort: 0 succeeded with basic unbounded effort: 0
      Artificially removing short and long paths done. (took cpu=0:00:00.0 real=0:00:00.0)
      Moving gates to reduce wire capacitance - iteration 1: WireCapReduction...
        Legalizing clock trees...
        Legalizing clock trees done. (took cpu=0:00:00.0 real=0:00:00.0)
        Legalizer API calls during this step: 243 succeeded with high effort: 243 succeeded with medium effort: 0 succeeded with low effort: 0 succeeded with basic effort: 0 succeeded with basic unbounded effort: 0
      Moving gates to reduce wire capacitance - iteration 1: WireCapReduction done. (took cpu=0:00:00.1 real=0:00:00.1)
      Moving gates to reduce wire capacitance - iteration 1: MoveGates...
        Moving gates:         ...20% ...40% ...60% ...80% ...Legalizing clock trees...
        Legalizing clock trees done. (took cpu=0:00:00.0 real=0:00:00.0)
        100% 
        Legalizer API calls during this step: 490 succeeded with high effort: 490 succeeded with medium effort: 0 succeeded with low effort: 0 succeeded with basic effort: 0 succeeded with basic unbounded effort: 0
      Moving gates to reduce wire capacitance - iteration 1: MoveGates done. (took cpu=0:00:01.0 real=0:00:01.0)
    Iteration 1 done.
    Iteration 2...
      Artificially removing short and long paths...
        Legalizer API calls during this step: 0 succeeded with high effort: 0 succeeded with medium effort: 0 succeeded with low effort: 0 succeeded with basic effort: 0 succeeded with basic unbounded effort: 0
      Artificially removing short and long paths done. (took cpu=0:00:00.0 real=0:00:00.0)
      Moving gates to reduce wire capacitance - iteration 2: WireCapReduction...
        Legalizing clock trees...
        Legalizing clock trees done. (took cpu=0:00:00.0 real=0:00:00.0)
        Legalizer API calls during this step: 212 succeeded with high effort: 212 succeeded with medium effort: 0 succeeded with low effort: 0 succeeded with basic effort: 0 succeeded with basic unbounded effort: 0
      Moving gates to reduce wire capacitance - iteration 2: WireCapReduction done. (took cpu=0:00:00.2 real=0:00:00.2)
      Moving gates to reduce wire capacitance - iteration 2: MoveGates...
        Moving gates:         ...20% ...40% ...60% ...80% ...Legalizing clock trees...
        Legalizing clock trees done. (took cpu=0:00:00.0 real=0:00:00.0)
        100% 
        Legalizer API calls during this step: 490 succeeded with high effort: 490 succeeded with medium effort: 0 succeeded with low effort: 0 succeeded with basic effort: 0 succeeded with basic unbounded effort: 0
      Moving gates to reduce wire capacitance - iteration 2: MoveGates done. (took cpu=0:00:00.8 real=0:00:00.8)
    Iteration 2 done.
    Reverted slew target multipliers. Leaf=(0.9 to 1) Trunk=(0.95 to 1) Top=(0.95 to 1)
    Clock DAG stats after 'Moving gates to reduce wire capacitance':
      cell counts      : b=35, i=0, icg=0, dcg=0, l=0, total=35
      sink counts      : regular=3444, enable_latch=0, load_capacitance=0, antenna=0, node_sink=0, total=3444
      misc counts      : r=1, pp=0
      cell areas       : b=206.568um^2, i=0.000um^2, icg=0.000um^2, dcg=0.000um^2, l=0.000um^2, total=206.568um^2
      cell capacitance : b=0.054pF, i=0.000pF, icg=0.000pF, dcg=0.000pF, l=0.000pF, total=0.054pF
      sink capacitance : total=0.809pF, avg=0.000pF, sd=0.000pF, min=0.000pF, max=0.000pF
      wire capacitance : top=0.000pF, trunk=0.070pF, leaf=0.936pF, total=1.006pF
      wire lengths     : top=0.000um, trunk=1026.094um, leaf=12353.481um, total=13379.575um
      hp wire lengths  : top=0.000um, trunk=0.000um, leaf=3038.845um, total=3038.845um
    Clock DAG net violations after 'Moving gates to reduce wire capacitance': none
    Clock DAG primary half-corner transition distribution after 'Moving gates to reduce wire capacitance':
      Trunk : target=0.100ns count=1 avg=0.021ns sd=0.000ns min=0.021ns max=0.021ns {1 <= 0.060ns, 0 <= 0.080ns, 0 <= 0.090ns, 0 <= 0.095ns, 0 <= 0.100ns}
      Leaf  : target=0.100ns count=35 avg=0.070ns sd=0.008ns min=0.053ns max=0.080ns {2 <= 0.060ns, 33 <= 0.080ns, 0 <= 0.090ns, 0 <= 0.095ns, 0 <= 0.100ns}
    Clock DAG library cell distribution after 'Moving gates to reduce wire capacitance' {count}:
       Bufs: CLKBUFX20: 1 CLKBUFX16: 14 CLKBUFX12: 20 
    Primary reporting skew groups after 'Moving gates to reduce wire capacitance':
      skew_group clk/common: insertion delay [min=0.075, max=0.092, avg=0.084, sd=0.004], skew [0.017 vs 0.730], 100% {0.075, 0.092} (wid=0.015 ws=0.013) (gid=0.079 gs=0.011)
    Skew group summary after 'Moving gates to reduce wire capacitance':
      skew_group clk/common: insertion delay [min=0.075, max=0.092, avg=0.084, sd=0.004], skew [0.017 vs 0.730], 100% {0.075, 0.092} (wid=0.015 ws=0.013) (gid=0.079 gs=0.011)
    Legalizer API calls during this step: 1435 succeeded with high effort: 1435 succeeded with medium effort: 0 succeeded with low effort: 0 succeeded with basic effort: 0 succeeded with basic unbounded effort: 0
  Moving gates to reduce wire capacitance done. (took cpu=0:00:02.3 real=0:00:02.3)
  Reducing clock tree power 3...
    Artificially removing short and long paths...
      Legalizer API calls during this step: 0 succeeded with high effort: 0 succeeded with medium effort: 0 succeeded with low effort: 0 succeeded with basic effort: 0 succeeded with basic unbounded effort: 0
    Artificially removing short and long paths done. (took cpu=0:00:00.0 real=0:00:00.0)
    Initial gate capacitance is (rise=0.863pF fall=0.752pF).
    Resizing gates:     ...20% ...40% ...60% ...80% ...Legalizing clock trees...
    Legalizing clock trees done. (took cpu=0:00:00.0 real=0:00:00.0)
    100% 
    Stopping in iteration 1: unable to make further power recovery in this step.
    Iteration 1: gate capacitance is (rise=0.857pF fall=0.747pF).
    Clock DAG stats after 'Reducing clock tree power 3':
      cell counts      : b=35, i=0, icg=0, dcg=0, l=0, total=35
      sink counts      : regular=3444, enable_latch=0, load_capacitance=0, antenna=0, node_sink=0, total=3444
      misc counts      : r=1, pp=0
      cell areas       : b=184.680um^2, i=0.000um^2, icg=0.000um^2, dcg=0.000um^2, l=0.000um^2, total=184.680um^2
      cell capacitance : b=0.048pF, i=0.000pF, icg=0.000pF, dcg=0.000pF, l=0.000pF, total=0.048pF
      sink capacitance : total=0.809pF, avg=0.000pF, sd=0.000pF, min=0.000pF, max=0.000pF
      wire capacitance : top=0.000pF, trunk=0.071pF, leaf=0.937pF, total=1.008pF
      wire lengths     : top=0.000um, trunk=1038.170um, leaf=12368.000um, total=13406.170um
      hp wire lengths  : top=0.000um, trunk=0.000um, leaf=3038.845um, total=3038.845um
    Clock DAG net violations after 'Reducing clock tree power 3': none
    Clock DAG primary half-corner transition distribution after 'Reducing clock tree power 3':
      Trunk : target=0.100ns count=1 avg=0.018ns sd=0.000ns min=0.018ns max=0.018ns {1 <= 0.060ns, 0 <= 0.080ns, 0 <= 0.090ns, 0 <= 0.095ns, 0 <= 0.100ns}
      Leaf  : target=0.100ns count=35 avg=0.075ns sd=0.004ns min=0.061ns max=0.080ns {0 <= 0.060ns, 35 <= 0.080ns, 0 <= 0.090ns, 0 <= 0.095ns, 0 <= 0.100ns}
    Clock DAG library cell distribution after 'Reducing clock tree power 3' {count}:
       Bufs: CLKBUFX16: 3 CLKBUFX12: 32 
    Primary reporting skew groups after 'Reducing clock tree power 3':
      skew_group clk/common: insertion delay [min=0.075, max=0.090, avg=0.084, sd=0.004], skew [0.015 vs 0.730], 100% {0.075, 0.090} (wid=0.013 ws=0.011) (gid=0.079 gs=0.007)
    Skew group summary after 'Reducing clock tree power 3':
      skew_group clk/common: insertion delay [min=0.075, max=0.090, avg=0.084, sd=0.004], skew [0.015 vs 0.730], 100% {0.075, 0.090} (wid=0.013 ws=0.011) (gid=0.079 gs=0.007)
    Legalizer API calls during this step: 88 succeeded with high effort: 88 succeeded with medium effort: 0 succeeded with low effort: 0 succeeded with basic effort: 0 succeeded with basic unbounded effort: 0
  Reducing clock tree power 3 done. (took cpu=0:00:00.2 real=0:00:00.2)
  Improving insertion delay...
    Clock DAG stats after 'Improving insertion delay':
      cell counts      : b=35, i=0, icg=0, dcg=0, l=0, total=35
      sink counts      : regular=3444, enable_latch=0, load_capacitance=0, antenna=0, node_sink=0, total=3444
      misc counts      : r=1, pp=0
      cell areas       : b=184.680um^2, i=0.000um^2, icg=0.000um^2, dcg=0.000um^2, l=0.000um^2, total=184.680um^2
      cell capacitance : b=0.048pF, i=0.000pF, icg=0.000pF, dcg=0.000pF, l=0.000pF, total=0.048pF
      sink capacitance : total=0.809pF, avg=0.000pF, sd=0.000pF, min=0.000pF, max=0.000pF
      wire capacitance : top=0.000pF, trunk=0.071pF, leaf=0.937pF, total=1.008pF
      wire lengths     : top=0.000um, trunk=1038.170um, leaf=12368.000um, total=13406.170um
      hp wire lengths  : top=0.000um, trunk=0.000um, leaf=3038.845um, total=3038.845um
    Clock DAG net violations after 'Improving insertion delay': none
    Clock DAG primary half-corner transition distribution after 'Improving insertion delay':
      Trunk : target=0.100ns count=1 avg=0.018ns sd=0.000ns min=0.018ns max=0.018ns {1 <= 0.060ns, 0 <= 0.080ns, 0 <= 0.090ns, 0 <= 0.095ns, 0 <= 0.100ns}
      Leaf  : target=0.100ns count=35 avg=0.075ns sd=0.004ns min=0.061ns max=0.080ns {0 <= 0.060ns, 35 <= 0.080ns, 0 <= 0.090ns, 0 <= 0.095ns, 0 <= 0.100ns}
    Clock DAG library cell distribution after 'Improving insertion delay' {count}:
       Bufs: CLKBUFX16: 3 CLKBUFX12: 32 
    Primary reporting skew groups after 'Improving insertion delay':
      skew_group clk/common: insertion delay [min=0.075, max=0.090, avg=0.084, sd=0.004], skew [0.015 vs 0.730], 100% {0.075, 0.090} (wid=0.013 ws=0.011) (gid=0.079 gs=0.007)
    Skew group summary after 'Improving insertion delay':
      skew_group clk/common: insertion delay [min=0.075, max=0.090, avg=0.084, sd=0.004], skew [0.015 vs 0.730], 100% {0.075, 0.090} (wid=0.013 ws=0.011) (gid=0.079 gs=0.007)
    Legalizer API calls during this step: 0 succeeded with high effort: 0 succeeded with medium effort: 0 succeeded with low effort: 0 succeeded with basic effort: 0 succeeded with basic unbounded effort: 0
  Improving insertion delay done. (took cpu=0:00:00.0 real=0:00:00.0)
  Wire Opt OverFix...
    Wire Reduction extra effort...
      Modified slew target multipliers. Leaf=(1 to 0.95) Trunk=(1 to 1) Top=(1 to 1)
      Artificially removing short and long paths...
        Legalizer API calls during this step: 0 succeeded with high effort: 0 succeeded with medium effort: 0 succeeded with low effort: 0 succeeded with basic effort: 0 succeeded with basic unbounded effort: 0
      Artificially removing short and long paths done. (took cpu=0:00:00.0 real=0:00:00.0)
      Global shorten wires A0...
        Legalizer API calls during this step: 0 succeeded with high effort: 0 succeeded with medium effort: 0 succeeded with low effort: 0 succeeded with basic effort: 0 succeeded with basic unbounded effort: 0
      Global shorten wires A0 done. (took cpu=0:00:00.0 real=0:00:00.0)
      Move For Wirelength - core...
        Move for wirelength. considered=36, filtered=36, permitted=35, cannotCompute=1, computed=34, moveTooSmall=24, resolved=0, predictFail=10, currentlyIllegal=0, legalizationFail=2, legalizedMoveTooSmall=6, ignoredLeafDriver=0, worse=118, accepted=3
        Max accepted move=10.040um, total accepted move=22.990um, average move=7.663um
        Move for wirelength. considered=36, filtered=36, permitted=35, cannotCompute=2, computed=33, moveTooSmall=32, resolved=0, predictFail=11, currentlyIllegal=0, legalizationFail=2, legalizedMoveTooSmall=4, ignoredLeafDriver=0, worse=118, accepted=0
        Max accepted move=0.000um, total accepted move=0.000um
        Legalizer API calls during this step: 274 succeeded with high effort: 274 succeeded with medium effort: 0 succeeded with low effort: 0 succeeded with basic effort: 0 succeeded with basic unbounded effort: 0
      Move For Wirelength - core done. (took cpu=0:00:00.4 real=0:00:00.4)
      Global shorten wires A1...
        Legalizer API calls during this step: 0 succeeded with high effort: 0 succeeded with medium effort: 0 succeeded with low effort: 0 succeeded with basic effort: 0 succeeded with basic unbounded effort: 0
      Global shorten wires A1 done. (took cpu=0:00:00.0 real=0:00:00.0)
      Move For Wirelength - core...
        Move for wirelength. considered=36, filtered=36, permitted=35, cannotCompute=31, computed=4, moveTooSmall=73, resolved=0, predictFail=0, currentlyIllegal=0, legalizationFail=0, legalizedMoveTooSmall=0, ignoredLeafDriver=0, worse=4, accepted=0
        Max accepted move=0.000um, total accepted move=0.000um
        Legalizer API calls during this step: 4 succeeded with high effort: 4 succeeded with medium effort: 0 succeeded with low effort: 0 succeeded with basic effort: 0 succeeded with basic unbounded effort: 0
      Move For Wirelength - core done. (took cpu=0:00:00.0 real=0:00:00.0)
      Global shorten wires B...
        Legalizer API calls during this step: 175 succeeded with high effort: 175 succeeded with medium effort: 0 succeeded with low effort: 0 succeeded with basic effort: 0 succeeded with basic unbounded effort: 0
      Global shorten wires B done. (took cpu=0:00:00.1 real=0:00:00.1)
      Move For Wirelength - branch...
        Move for wirelength. considered=36, filtered=36, permitted=35, cannotCompute=0, computed=35, moveTooSmall=0, resolved=0, predictFail=0, currentlyIllegal=0, legalizationFail=1, legalizedMoveTooSmall=0, ignoredLeafDriver=0, worse=35, accepted=4
        Max accepted move=0.600um, total accepted move=1.400um, average move=0.350um
        Move for wirelength. considered=36, filtered=36, permitted=35, cannotCompute=31, computed=4, moveTooSmall=0, resolved=0, predictFail=68, currentlyIllegal=0, legalizationFail=0, legalizedMoveTooSmall=0, ignoredLeafDriver=0, worse=4, accepted=0
        Max accepted move=0.000um, total accepted move=0.000um
        Legalizer API calls during this step: 44 succeeded with high effort: 44 succeeded with medium effort: 0 succeeded with low effort: 0 succeeded with basic effort: 0 succeeded with basic unbounded effort: 0
      Move For Wirelength - branch done. (took cpu=0:00:00.1 real=0:00:00.1)
      Reverted slew target multipliers. Leaf=(0.95 to 1) Trunk=(1 to 1) Top=(1 to 1)
      Clock DAG stats after 'Wire Reduction extra effort':
        cell counts      : b=35, i=0, icg=0, dcg=0, l=0, total=35
        sink counts      : regular=3444, enable_latch=0, load_capacitance=0, antenna=0, node_sink=0, total=3444
        misc counts      : r=1, pp=0
        cell areas       : b=184.680um^2, i=0.000um^2, icg=0.000um^2, dcg=0.000um^2, l=0.000um^2, total=184.680um^2
        cell capacitance : b=0.048pF, i=0.000pF, icg=0.000pF, dcg=0.000pF, l=0.000pF, total=0.048pF
        sink capacitance : total=0.809pF, avg=0.000pF, sd=0.000pF, min=0.000pF, max=0.000pF
        wire capacitance : top=0.000pF, trunk=0.070pF, leaf=0.937pF, total=1.007pF
        wire lengths     : top=0.000um, trunk=1025.150um, leaf=12370.476um, total=13395.626um
        hp wire lengths  : top=0.000um, trunk=0.000um, leaf=3043.120um, total=3043.120um
      Clock DAG net violations after 'Wire Reduction extra effort': none
      Clock DAG primary half-corner transition distribution after 'Wire Reduction extra effort':
        Trunk : target=0.100ns count=1 avg=0.020ns sd=0.000ns min=0.020ns max=0.020ns {1 <= 0.060ns, 0 <= 0.080ns, 0 <= 0.090ns, 0 <= 0.095ns, 0 <= 0.100ns}
        Leaf  : target=0.100ns count=35 avg=0.075ns sd=0.004ns min=0.061ns max=0.080ns {0 <= 0.060ns, 35 <= 0.080ns, 0 <= 0.090ns, 0 <= 0.095ns, 0 <= 0.100ns}
      Clock DAG library cell distribution after 'Wire Reduction extra effort' {count}:
         Bufs: CLKBUFX16: 3 CLKBUFX12: 32 
      Primary reporting skew groups after 'Wire Reduction extra effort':
        skew_group clk/common: insertion delay [min=0.075, max=0.091, avg=0.085, sd=0.005], skew [0.017 vs 0.730], 100% {0.075, 0.091} (wid=0.015 ws=0.012) (gid=0.079 gs=0.007)
      Skew group summary after 'Wire Reduction extra effort':
        skew_group clk/common: insertion delay [min=0.075, max=0.091, avg=0.085, sd=0.005], skew [0.017 vs 0.730], 100% {0.075, 0.091} (wid=0.015 ws=0.012) (gid=0.079 gs=0.007)
      Legalizer API calls during this step: 497 succeeded with high effort: 497 succeeded with medium effort: 0 succeeded with low effort: 0 succeeded with basic effort: 0 succeeded with basic unbounded effort: 0
    Wire Reduction extra effort done. (took cpu=0:00:00.6 real=0:00:00.6)
    Optimizing orientation...
    FlipOpt...
    Disconnecting clock tree from netlist...
    Disconnecting clock tree from netlist done.
    Performing Single Threaded FlipOpt
    Optimizing orientation on clock cells...
      Orientation Wirelength Optimization: Attempted = 37 , Succeeded = 0 , Constraints Broken = 0 , CannotMove = 2 , Illegal = 35 , Other = 0
    Optimizing orientation on clock cells done.
    Resynthesising clock tree into netlist...
      Reset timing graph...
Ignoring AAE DB Resetting ...
      Reset timing graph done.
    Resynthesising clock tree into netlist done.
    FlipOpt done. (took cpu=0:00:00.0 real=0:00:00.0)
    Optimizing orientation done. (took cpu=0:00:00.0 real=0:00:00.0)
    Clock DAG stats after 'Wire Opt OverFix':
      cell counts      : b=35, i=0, icg=0, dcg=0, l=0, total=35
      sink counts      : regular=3444, enable_latch=0, load_capacitance=0, antenna=0, node_sink=0, total=3444
      misc counts      : r=1, pp=0
      cell areas       : b=184.680um^2, i=0.000um^2, icg=0.000um^2, dcg=0.000um^2, l=0.000um^2, total=184.680um^2
      cell capacitance : b=0.048pF, i=0.000pF, icg=0.000pF, dcg=0.000pF, l=0.000pF, total=0.048pF
      sink capacitance : total=0.809pF, avg=0.000pF, sd=0.000pF, min=0.000pF, max=0.000pF
      wire capacitance : top=0.000pF, trunk=0.070pF, leaf=0.937pF, total=1.007pF
      wire lengths     : top=0.000um, trunk=1025.150um, leaf=12370.476um, total=13395.626um
      hp wire lengths  : top=0.000um, trunk=0.000um, leaf=3043.120um, total=3043.120um
    Clock DAG net violations after 'Wire Opt OverFix': none
    Clock DAG primary half-corner transition distribution after 'Wire Opt OverFix':
      Trunk : target=0.100ns count=1 avg=0.020ns sd=0.000ns min=0.020ns max=0.020ns {1 <= 0.060ns, 0 <= 0.080ns, 0 <= 0.090ns, 0 <= 0.095ns, 0 <= 0.100ns}
      Leaf  : target=0.100ns count=35 avg=0.075ns sd=0.004ns min=0.061ns max=0.080ns {0 <= 0.060ns, 35 <= 0.080ns, 0 <= 0.090ns, 0 <= 0.095ns, 0 <= 0.100ns}
    Clock DAG library cell distribution after 'Wire Opt OverFix' {count}:
       Bufs: CLKBUFX16: 3 CLKBUFX12: 32 
    Primary reporting skew groups after 'Wire Opt OverFix':
      skew_group clk/common: insertion delay [min=0.075, max=0.091, avg=0.085, sd=0.005], skew [0.017 vs 0.730], 100% {0.075, 0.091} (wid=0.015 ws=0.012) (gid=0.079 gs=0.007)
    Skew group summary after 'Wire Opt OverFix':
      skew_group clk/common: insertion delay [min=0.075, max=0.091, avg=0.085, sd=0.005], skew [0.017 vs 0.730], 100% {0.075, 0.091} (wid=0.015 ws=0.012) (gid=0.079 gs=0.007)
    Legalizer API calls during this step: 497 succeeded with high effort: 497 succeeded with medium effort: 0 succeeded with low effort: 0 succeeded with basic effort: 0 succeeded with basic unbounded effort: 0
  Wire Opt OverFix done. (took cpu=0:00:00.7 real=0:00:00.7)
  Total capacitance is (rise=1.865pF fall=1.754pF), of which (rise=1.007pF fall=1.007pF) is wire, and (rise=0.857pF fall=0.747pF) is gate.
  Stage::Polishing done. (took cpu=0:00:03.3 real=0:00:03.3)
  Stage::Updating netlist...
  Reset timing graph...
Ignoring AAE DB Resetting ...
  Reset timing graph done.
  Setting non-default rules before calling refine place.
  Leaving CCOpt scope - Cleaning up placement interface...
  Leaving CCOpt scope - Cleaning up placement interface done. (took cpu=0:00:00.0 real=0:00:00.0)
  Leaving CCOpt scope - ClockRefiner...
  Soft fixed 35 clock instances.
  Performing Clock Only Refine Place.
*** Starting refinePlace (0:01:04 mem=2540.4M) ***
Total net bbox length = 2.169e+05 (1.112e+05 1.057e+05) (ext = 1.818e+03)
Move report: Detail placement moves 0 insts, mean move: 0.00 um, max move: 0.00 um 
	Runtime: CPU: 0:00:00.0 REAL: 0:00:00.0 MEM: 2540.4MB
Summary Report:
Instances move: 0 (out of 24481 movable)
Instances flipped: 0
Mean displacement: 0.00 um
Max displacement: 0.00 um 
Total net bbox length = 2.169e+05 (1.112e+05 1.057e+05) (ext = 1.818e+03)
Runtime: CPU: 0:00:00.0 REAL: 0:00:00.0 MEM: 2540.4MB
*** Finished refinePlace (0:01:04 mem=2540.4M) ***
  ClockRefiner summary
  All clock instances: Moved 0, flipped 0 and cell swapped 0 (out of a total of 3479).
  Restoring pStatusCts on 35 clock instances.
  Leaving CCOpt scope - ClockRefiner done. (took cpu=0:00:00.1 real=0:00:00.1)
  Stage::Updating netlist done. (took cpu=0:00:00.1 real=0:00:00.1)
  CCOpt::Phase::Implementation done. (took cpu=0:00:04.6 real=0:00:04.6)
  CCOpt::Phase::eGRPC...
  eGR Post Conditioning loop iteration 0...
    Clock implementation routing...
      Leaving CCOpt scope - Routing Tools...
Net route status summary:
  Clock:        36 (unrouted=36, trialRouted=0, noStatus=0, routed=0, fixed=0, [crossesIlmBoundary=0, tooFewTerms=0, (crossesIlmBoundary AND tooFewTerms=0)])
  Non-clock: 24460 (unrouted=2, trialRouted=24458, noStatus=0, routed=0, fixed=0, [crossesIlmBoundary=0, tooFewTerms=2, (crossesIlmBoundary AND tooFewTerms=0)])
      Routing using eGR only...
        Early Global Route - eGR only step...
(ccopt eGR): There are 36 nets to be routed. 0 nets have skip routing designation.
(ccopt eGR): There are 36 nets for routing of which 36 have one or more fixed wires.
**WARN: (IMPPSP-1003):	Found use of 'setRouteMode -earlyGlobalMinRouteLayer'. This will continue to work in this release; however, it is recommended to use 'setDesignMode -bottomRoutingLayer' instead.
**WARN: (IMPPSP-1003):	Found use of 'setRouteMode -earlyGlobalMaxRouteLayer'. This will continue to work in this release; however, it is recommended to use 'setDesignMode -topRoutingLayer' instead.
(ccopt eGR): Start to route 36 all nets
**WARN: (IMPPSP-1003):	Found use of 'setRouteMode -earlyGlobalMaxRouteLayer'. This will continue to work in this release; however, it is recommended to use 'setDesignMode -topRoutingLayer' instead.
[NR-eGR] Num Prerouted Nets = 0  Num Prerouted Wires = 0
[NR-eGR] Read 24494 nets ( ignored 24458 )
[NR-eGR] Connected 0 must-join pins/ports
[NR-eGR] There are 36 clock nets ( 36 with NDR ).
[NR-eGR] Layer group 1: route 36 net(s) in layer range [3, 4]
[NR-eGR] Early Global Route overflow of layer group 1: 0.00% H + 0.00% V. EstWL: 1.297206e+04um
[NR-eGR] Create a new net group with 11 nets and layer range [3, 5]
[NR-eGR] Layer group 2: route 11 net(s) in layer range [3, 5]
[NR-eGR] Early Global Route overflow of layer group 2: 0.00% H + 0.00% V. EstWL: 1.658871e+04um
[NR-eGR] Create a new net group with 11 nets and layer range [2, 5]
[NR-eGR] Layer group 3: route 11 net(s) in layer range [2, 5]
[NR-eGR] Early Global Route overflow of layer group 3: 0.00% H + 0.00% V. EstWL: 2.386134e+04um
[NR-eGR] Overflow after Early Global Route 0.00% H + 0.00% V
[NR-eGR]                  Length (um)    Vias 
[NR-eGR] -------------------------------------
[NR-eGR]  Metal1   (1H)             0   72423 
[NR-eGR]  Metal2   (2V)         79932   91323 
[NR-eGR]  Metal3   (3H)        107205    9671 
[NR-eGR]  Metal4   (4V)         65651    2620 
[NR-eGR]  Metal5   (5H)         36301       0 
[NR-eGR]  Metal6   (6V)             0       0 
[NR-eGR]  Metal7   (7H)             0       0 
[NR-eGR]  Metal8   (8V)             0       0 
[NR-eGR]  Metal9   (9H)             0       0 
[NR-eGR]  Metal10  (10V)            0       0 
[NR-eGR]  Metal11  (11H)            0       0 
[NR-eGR] -------------------------------------
[NR-eGR]           Total       289088  176037 
[NR-eGR] --------------------------------------------------------------------------
[NR-eGR] Total half perimeter of net bounding box: 216921um
[NR-eGR] Total length: 289088um, number of vias: 176037
[NR-eGR] --------------------------------------------------------------------------
[NR-eGR] Total eGR-routed clock nets wire length: 13429um, number of vias: 9089
[NR-eGR] --------------------------------------------------------------------------
[NR-eGR] Report for selected net(s) only.
[NR-eGR]                  Length (um)  Vias 
[NR-eGR] -----------------------------------
[NR-eGR]  Metal1   (1H)             0  3515 
[NR-eGR]  Metal2   (2V)          3499  4057 
[NR-eGR]  Metal3   (3H)          6650  1517 
[NR-eGR]  Metal4   (4V)          3281     0 
[NR-eGR]  Metal5   (5H)             0     0 
[NR-eGR]  Metal6   (6V)             0     0 
[NR-eGR]  Metal7   (7H)             0     0 
[NR-eGR]  Metal8   (8V)             0     0 
[NR-eGR]  Metal9   (9H)             0     0 
[NR-eGR]  Metal10  (10V)            0     0 
[NR-eGR]  Metal11  (11H)            0     0 
[NR-eGR] -----------------------------------
[NR-eGR]           Total        13429  9089 
[NR-eGR] --------------------------------------------------------------------------
[NR-eGR] Total half perimeter of net bounding box: 3435um
[NR-eGR] Total length: 13429um, number of vias: 9089
[NR-eGR] --------------------------------------------------------------------------
[NR-eGR] Total routed clock nets wire length: 13429um, number of vias: 9089
[NR-eGR] --------------------------------------------------------------------------
[NR-eGR] Finished Early Global Route kernel ( CPU: 0.10 sec, Real: 0.11 sec, Curr Mem: 2540.48 MB )
**WARN: (IMPPSP-1003):	Found use of 'setRouteMode -earlyGlobalMaxRouteLayer'. This will continue to work in this release; however, it is recommended to use 'setDesignMode -topRoutingLayer' instead.
**WARN: (IMPPSP-1003):	Found use of 'setRouteMode -earlyGlobalMinRouteLayer'. This will continue to work in this release; however, it is recommended to use 'setDesignMode -bottomRoutingLayer' instead.
**WARN: (IMPPSP-1003):	Found use of 'setRouteMode -earlyGlobalMaxRouteLayer'. This will continue to work in this release; however, it is recommended to use 'setDesignMode -topRoutingLayer' instead.
        Early Global Route - eGR only step done. (took cpu=0:00:00.1 real=0:00:00.1)
      Routing using eGR only done.
Net route status summary:
  Clock:        36 (unrouted=0, trialRouted=0, noStatus=0, routed=36, fixed=0, [crossesIlmBoundary=0, tooFewTerms=0, (crossesIlmBoundary AND tooFewTerms=0)])
  Non-clock: 24460 (unrouted=2, trialRouted=24458, noStatus=0, routed=0, fixed=0, [crossesIlmBoundary=0, tooFewTerms=2, (crossesIlmBoundary AND tooFewTerms=0)])

CCOPT: Done with clock implementation routing.

      Leaving CCOpt scope - Routing Tools done. (took cpu=0:00:00.2 real=0:00:00.2)
    Clock implementation routing done.
    Leaving CCOpt scope - extractRC...
    Updating RC parasitics by calling: "extractRC -noRouteCheck"...
Extraction called for design 'nbit_stack' of instances=26511 and nets=24496 using extraction engine 'preRoute' .
**WARN: (IMPEXT-3530):	The process node is not set. Use the command setDesignMode -process <process node> prior to extraction for maximum accuracy and optimal automatic threshold setting.
Type 'man IMPEXT-3530' for more detail.
PreRoute RC Extraction called for design nbit_stack.
RC Extraction called in multi-corner(1) mode.
RCMode: PreRoute
      RC Corner Indexes            0   
Capacitance Scaling Factor   : 1.00000 
Resistance Scaling Factor    : 1.00000 
Clock Cap. Scaling Factor    : 1.00000 
Clock Res. Scaling Factor    : 1.00000 
Shrink Factor                : 1.00000
PreRoute extraction is honoring NDR/Shielding/ExtraSpace for clock nets.
Using Quantus QRC technology file ...
Updating RC grid for preRoute extraction ...
Initializing multi-corner resistance tables ...
PreRoute RC Extraction DONE (CPU Time: 0:00:00.1  Real Time: 0:00:00.0  MEM: 2540.477M)
    Updating RC parasitics by calling: "extractRC -noRouteCheck" done.
    Leaving CCOpt scope - extractRC done. (took cpu=0:00:00.1 real=0:00:00.1)
    Leaving CCOpt scope - Initializing placement interface...
    Leaving CCOpt scope - Initializing placement interface done. (took cpu=0:00:00.0 real=0:00:00.0)
    Calling post conditioning for eGRPC...
      eGRPC...
        eGRPC active optimizations:
         - Move Down
         - Downsizing before DRV sizing
         - DRV fixing with sizing
         - Move to fanout
         - Cloning
        
        Currently running CTS, using active skew data
        Reset bufferability constraints...
        Resetting previous bufferability status on all nets so that eGRPC will attempt to fix all clock tree violations.
        Clock tree timing engine global stage delay update for nbit_stack_delayCorner:both.late...
        Clock tree timing engine global stage delay update for nbit_stack_delayCorner:both.late done. (took cpu=0:00:00.0 real=0:00:00.0)
        Reset bufferability constraints done. (took cpu=0:00:00.0 real=0:00:00.0)
        Clock DAG stats eGRPC initial state:
          cell counts      : b=35, i=0, icg=0, dcg=0, l=0, total=35
          sink counts      : regular=3444, enable_latch=0, load_capacitance=0, antenna=0, node_sink=0, total=3444
          misc counts      : r=1, pp=0
          cell areas       : b=184.680um^2, i=0.000um^2, icg=0.000um^2, dcg=0.000um^2, l=0.000um^2, total=184.680um^2
          cell capacitance : b=0.048pF, i=0.000pF, icg=0.000pF, dcg=0.000pF, l=0.000pF, total=0.048pF
          sink capacitance : total=0.809pF, avg=0.000pF, sd=0.000pF, min=0.000pF, max=0.000pF
          wire capacitance : top=0.000pF, trunk=0.072pF, leaf=0.944pF, total=1.016pF
          wire lengths     : top=0.000um, trunk=1036.335um, leaf=12392.855um, total=13429.190um
          hp wire lengths  : top=0.000um, trunk=0.000um, leaf=3043.120um, total=3043.120um
        Clock DAG net violations eGRPC initial state: none
        Clock DAG primary half-corner transition distribution eGRPC initial state:
          Trunk : target=0.100ns count=1 avg=0.016ns sd=0.000ns min=0.016ns max=0.016ns {1 <= 0.060ns, 0 <= 0.080ns, 0 <= 0.090ns, 0 <= 0.095ns, 0 <= 0.100ns}
          Leaf  : target=0.100ns count=35 avg=0.075ns sd=0.004ns min=0.061ns max=0.079ns {0 <= 0.060ns, 35 <= 0.080ns, 0 <= 0.090ns, 0 <= 0.095ns, 0 <= 0.100ns}
        Clock DAG library cell distribution eGRPC initial state {count}:
           Bufs: CLKBUFX16: 3 CLKBUFX12: 32 
        Primary reporting skew groups eGRPC initial state:
          skew_group clk/common: insertion delay [min=0.074, max=0.088, avg=0.082, sd=0.004], skew [0.014 vs 0.730], 100% {0.074, 0.088} (wid=0.012 ws=0.010) (gid=0.078 gs=0.007)
        Skew group summary eGRPC initial state:
          skew_group clk/common: insertion delay [min=0.074, max=0.088, avg=0.082, sd=0.004], skew [0.014 vs 0.730], 100% {0.074, 0.088} (wid=0.012 ws=0.010) (gid=0.078 gs=0.007)
        eGRPC Moving buffers...
          Violation analysis...
          Violation analysis done. (took cpu=0:00:00.0 real=0:00:00.0)
          Clock DAG stats after 'eGRPC Moving buffers':
            cell counts      : b=35, i=0, icg=0, dcg=0, l=0, total=35
            sink counts      : regular=3444, enable_latch=0, load_capacitance=0, antenna=0, node_sink=0, total=3444
            misc counts      : r=1, pp=0
            cell areas       : b=184.680um^2, i=0.000um^2, icg=0.000um^2, dcg=0.000um^2, l=0.000um^2, total=184.680um^2
            cell capacitance : b=0.048pF, i=0.000pF, icg=0.000pF, dcg=0.000pF, l=0.000pF, total=0.048pF
            sink capacitance : total=0.809pF, avg=0.000pF, sd=0.000pF, min=0.000pF, max=0.000pF
            wire capacitance : top=0.000pF, trunk=0.072pF, leaf=0.944pF, total=1.016pF
            wire lengths     : top=0.000um, trunk=1036.335um, leaf=12392.855um, total=13429.190um
            hp wire lengths  : top=0.000um, trunk=0.000um, leaf=3043.120um, total=3043.120um
          Clock DAG net violations after 'eGRPC Moving buffers': none
          Clock DAG primary half-corner transition distribution after 'eGRPC Moving buffers':
            Trunk : target=0.100ns count=1 avg=0.016ns sd=0.000ns min=0.016ns max=0.016ns {1 <= 0.060ns, 0 <= 0.080ns, 0 <= 0.090ns, 0 <= 0.095ns, 0 <= 0.100ns}
            Leaf  : target=0.100ns count=35 avg=0.075ns sd=0.004ns min=0.061ns max=0.079ns {0 <= 0.060ns, 35 <= 0.080ns, 0 <= 0.090ns, 0 <= 0.095ns, 0 <= 0.100ns}
          Clock DAG library cell distribution after 'eGRPC Moving buffers' {count}:
             Bufs: CLKBUFX16: 3 CLKBUFX12: 32 
          Primary reporting skew groups after 'eGRPC Moving buffers':
            skew_group clk/common: insertion delay [min=0.074, max=0.088], skew [0.014 vs 0.730]
          Skew group summary after 'eGRPC Moving buffers':
            skew_group clk/common: insertion delay [min=0.074, max=0.088], skew [0.014 vs 0.730]
          Legalizer API calls during this step: 0 succeeded with high effort: 0 succeeded with medium effort: 0 succeeded with low effort: 0 succeeded with basic effort: 0 succeeded with basic unbounded effort: 0
        eGRPC Moving buffers done. (took cpu=0:00:00.0 real=0:00:00.0)
        eGRPC Initial Pass of Downsizing Clock Tree cells...
          Artificially removing long paths...
            Legalizer API calls during this step: 0 succeeded with high effort: 0 succeeded with medium effort: 0 succeeded with low effort: 0 succeeded with basic effort: 0 succeeded with basic unbounded effort: 0
          Artificially removing long paths done. (took cpu=0:00:00.0 real=0:00:00.0)
          Modifying slew-target multiplier from 1 to 0.9
          Downsizing prefiltering...
          Downsizing prefiltering done.
          Downsizing: ...20% ...40% ...60% ...80% ...100% 
          DoDownSizing Summary : numSized = 3, numUnchanged = 21, numSkippedDueToOther = 0, numSkippedDueToCloseToSlewTarget = 0, numSkippedDueToCloseToSkewTarget = 12
          CCOpt-eGRPC Downsizing: considered: 24, tested: 0, violation detected: 0, violation ignored (due to small violation): 0, cannot run: 0, attempted: 24, unsuccessful: 0, sized: 3
          Downsizing prefiltering...
          Downsizing prefiltering done.
          Downsizing: ...20% ...40% ...60% ...80% ...100% 
          DoDownSizing Summary : numSized = 0, numUnchanged = 0, numSkippedDueToOther = 0, numSkippedDueToCloseToSlewTarget = 0, numSkippedDueToCloseToSkewTarget = 3
          CCOpt-eGRPC Downsizing: considered: 0, tested: 0, violation detected: 0, violation ignored (due to small violation): 0, cannot run: 0, attempted: 0, unsuccessful: 0, sized: 0
          Reverting slew-target multiplier from 0.9 to 1
          Clock DAG stats after 'eGRPC Initial Pass of Downsizing Clock Tree cells':
            cell counts      : b=35, i=0, icg=0, dcg=0, l=0, total=35
            sink counts      : regular=3444, enable_latch=0, load_capacitance=0, antenna=0, node_sink=0, total=3444
            misc counts      : r=1, pp=0
            cell areas       : b=179.550um^2, i=0.000um^2, icg=0.000um^2, dcg=0.000um^2, l=0.000um^2, total=179.550um^2
            cell capacitance : b=0.047pF, i=0.000pF, icg=0.000pF, dcg=0.000pF, l=0.000pF, total=0.047pF
            sink capacitance : total=0.809pF, avg=0.000pF, sd=0.000pF, min=0.000pF, max=0.000pF
            wire capacitance : top=0.000pF, trunk=0.072pF, leaf=0.944pF, total=1.016pF
            wire lengths     : top=0.000um, trunk=1036.335um, leaf=12392.855um, total=13429.190um
            hp wire lengths  : top=0.000um, trunk=0.000um, leaf=3043.120um, total=3043.120um
          Clock DAG net violations after 'eGRPC Initial Pass of Downsizing Clock Tree cells': none
          Clock DAG primary half-corner transition distribution after 'eGRPC Initial Pass of Downsizing Clock Tree cells':
            Trunk : target=0.100ns count=1 avg=0.015ns sd=0.000ns min=0.015ns max=0.015ns {1 <= 0.060ns, 0 <= 0.080ns, 0 <= 0.090ns, 0 <= 0.095ns, 0 <= 0.100ns}
            Leaf  : target=0.100ns count=35 avg=0.076ns sd=0.002ns min=0.071ns max=0.079ns {0 <= 0.060ns, 35 <= 0.080ns, 0 <= 0.090ns, 0 <= 0.095ns, 0 <= 0.100ns}
          Clock DAG library cell distribution after 'eGRPC Initial Pass of Downsizing Clock Tree cells' {count}:
             Bufs: CLKBUFX12: 35 
          Primary reporting skew groups after 'eGRPC Initial Pass of Downsizing Clock Tree cells':
            skew_group clk/common: insertion delay [min=0.074, max=0.088], skew [0.013 vs 0.730]
          Skew group summary after 'eGRPC Initial Pass of Downsizing Clock Tree cells':
            skew_group clk/common: insertion delay [min=0.074, max=0.088], skew [0.013 vs 0.730]
          Legalizer API calls during this step: 27 succeeded with high effort: 27 succeeded with medium effort: 0 succeeded with low effort: 0 succeeded with basic effort: 0 succeeded with basic unbounded effort: 0
        eGRPC Initial Pass of Downsizing Clock Tree cells done. (took cpu=0:00:00.1 real=0:00:00.1)
        eGRPC Fixing DRVs...
          Fixing clock tree DRVs: ...20% ...40% ...60% ...80% ...100% 
          CCOpt-eGRPC: considered: 36, tested: 36, violation detected: 0, violation ignored (due to small violation): 0, cannot run: 0, attempted: 0, unsuccessful: 0, sized: 0
          
          Statistics: Fix DRVs (cell sizing):
          ===================================
          
          Cell changes by Net Type:
          
          -------------------------------------------------------------------------------------------------
          Net Type    Attempted    Upsized     Downsized    Swapped Same Size    Total Changed    Not Sized
          -------------------------------------------------------------------------------------------------
          top                0            0           0            0                    0                0
          trunk              0            0           0            0                    0                0
          leaf               0            0           0            0                    0                0
          -------------------------------------------------------------------------------------------------
          Total              0            0           0            0                    0                0
          -------------------------------------------------------------------------------------------------
          
          Upsized: 0, Downsized: 0, Sized but same area: 0, Unchanged: 0, Area change: 0.000um^2 (0.000%)
          Max. move: 0.000um, Min. move: 0.000um, Avg. move: N/A
          
          Clock DAG stats after 'eGRPC Fixing DRVs':
            cell counts      : b=35, i=0, icg=0, dcg=0, l=0, total=35
            sink counts      : regular=3444, enable_latch=0, load_capacitance=0, antenna=0, node_sink=0, total=3444
            misc counts      : r=1, pp=0
            cell areas       : b=179.550um^2, i=0.000um^2, icg=0.000um^2, dcg=0.000um^2, l=0.000um^2, total=179.550um^2
            cell capacitance : b=0.047pF, i=0.000pF, icg=0.000pF, dcg=0.000pF, l=0.000pF, total=0.047pF
            sink capacitance : total=0.809pF, avg=0.000pF, sd=0.000pF, min=0.000pF, max=0.000pF
            wire capacitance : top=0.000pF, trunk=0.072pF, leaf=0.944pF, total=1.016pF
            wire lengths     : top=0.000um, trunk=1036.335um, leaf=12392.855um, total=13429.190um
            hp wire lengths  : top=0.000um, trunk=0.000um, leaf=3043.120um, total=3043.120um
          Clock DAG net violations after 'eGRPC Fixing DRVs': none
          Clock DAG primary half-corner transition distribution after 'eGRPC Fixing DRVs':
            Trunk : target=0.100ns count=1 avg=0.015ns sd=0.000ns min=0.015ns max=0.015ns {1 <= 0.060ns, 0 <= 0.080ns, 0 <= 0.090ns, 0 <= 0.095ns, 0 <= 0.100ns}
            Leaf  : target=0.100ns count=35 avg=0.076ns sd=0.002ns min=0.071ns max=0.079ns {0 <= 0.060ns, 35 <= 0.080ns, 0 <= 0.090ns, 0 <= 0.095ns, 0 <= 0.100ns}
          Clock DAG library cell distribution after 'eGRPC Fixing DRVs' {count}:
             Bufs: CLKBUFX12: 35 
          Primary reporting skew groups after 'eGRPC Fixing DRVs':
            skew_group clk/common: insertion delay [min=0.074, max=0.088], skew [0.013 vs 0.730]
          Skew group summary after 'eGRPC Fixing DRVs':
            skew_group clk/common: insertion delay [min=0.074, max=0.088], skew [0.013 vs 0.730]
          Legalizer API calls during this step: 0 succeeded with high effort: 0 succeeded with medium effort: 0 succeeded with low effort: 0 succeeded with basic effort: 0 succeeded with basic unbounded effort: 0
        eGRPC Fixing DRVs done. (took cpu=0:00:00.0 real=0:00:00.0)
        Reconnecting optimized routes...
        Reset timing graph...
Ignoring AAE DB Resetting ...
        Reset timing graph done.
        Reconnecting optimized routes done. (took cpu=0:00:00.0 real=0:00:00.0)
        Violation analysis...
        Violation analysis done. (took cpu=0:00:00.0 real=0:00:00.0)
        Reset timing graph...
Ignoring AAE DB Resetting ...
        Reset timing graph done.
        Clock DAG stats before routing clock trees:
          cell counts      : b=35, i=0, icg=0, dcg=0, l=0, total=35
          sink counts      : regular=3444, enable_latch=0, load_capacitance=0, antenna=0, node_sink=0, total=3444
          misc counts      : r=1, pp=0
          cell areas       : b=179.550um^2, i=0.000um^2, icg=0.000um^2, dcg=0.000um^2, l=0.000um^2, total=179.550um^2
          cell capacitance : b=0.047pF, i=0.000pF, icg=0.000pF, dcg=0.000pF, l=0.000pF, total=0.047pF
          sink capacitance : total=0.809pF, avg=0.000pF, sd=0.000pF, min=0.000pF, max=0.000pF
          wire capacitance : top=0.000pF, trunk=0.072pF, leaf=0.944pF, total=1.016pF
          wire lengths     : top=0.000um, trunk=1036.335um, leaf=12392.855um, total=13429.190um
          hp wire lengths  : top=0.000um, trunk=0.000um, leaf=3043.120um, total=3043.120um
        Clock DAG net violations before routing clock trees: none
        Clock DAG primary half-corner transition distribution before routing clock trees:
          Trunk : target=0.100ns count=1 avg=0.015ns sd=0.000ns min=0.015ns max=0.015ns {1 <= 0.060ns, 0 <= 0.080ns, 0 <= 0.090ns, 0 <= 0.095ns, 0 <= 0.100ns}
          Leaf  : target=0.100ns count=35 avg=0.076ns sd=0.002ns min=0.071ns max=0.079ns {0 <= 0.060ns, 35 <= 0.080ns, 0 <= 0.090ns, 0 <= 0.095ns, 0 <= 0.100ns}
        Clock DAG library cell distribution before routing clock trees {count}:
           Bufs: CLKBUFX12: 35 
        Primary reporting skew groups before routing clock trees:
          skew_group clk/common: insertion delay [min=0.074, max=0.088, avg=0.082, sd=0.004], skew [0.013 vs 0.730], 100% {0.074, 0.088} (wid=0.012 ws=0.010) (gid=0.077 gs=0.005)
        Skew group summary before routing clock trees:
          skew_group clk/common: insertion delay [min=0.074, max=0.088, avg=0.082, sd=0.004], skew [0.013 vs 0.730], 100% {0.074, 0.088} (wid=0.012 ws=0.010) (gid=0.077 gs=0.005)
      eGRPC done.
    Calling post conditioning for eGRPC done.
  eGR Post Conditioning loop iteration 0 done.
  Refine place not called during Post Conditioning. Calling it now the eGR->PC Loop is complete.
  Leaving CCOpt scope - Cleaning up placement interface...
  Leaving CCOpt scope - Cleaning up placement interface done. (took cpu=0:00:00.0 real=0:00:00.0)
  Leaving CCOpt scope - ClockRefiner...
  Soft fixed 35 clock instances.
  Performing Single Pass Refine Place.
*** Starting refinePlace (0:01:05 mem=2548.6M) ***
Total net bbox length = 2.169e+05 (1.112e+05 1.057e+05) (ext = 1.818e+03)
Move report: Detail placement moves 293 insts, mean move: 0.95 um, max move: 3.91 um 
	Max move on inst (g379786): (165.80, 147.63) --> (168.00, 149.34)
	Runtime: CPU: 0:00:00.2 REAL: 0:00:00.0 MEM: 2536.0MB
Summary Report:
Instances move: 293 (out of 24481 movable)
Instances flipped: 0
Mean displacement: 0.95 um
Max displacement: 3.91 um (Instance: g379786) (165.8, 147.63) -> (168, 149.34)
	Length: 3 sites, height: 1 rows, site name: CoreSite, cell type: NAND2X1
Total net bbox length = 2.171e+05 (1.113e+05 1.058e+05) (ext = 1.818e+03)
Runtime: CPU: 0:00:00.2 REAL: 0:00:00.0 MEM: 2536.0MB
*** Finished refinePlace (0:01:05 mem=2536.0M) ***
  ClockRefiner summary
  All clock instances: Moved 38, flipped 12 and cell swapped 0 (out of a total of 3479).
  The largest move was 2.91 um for sp_reg[29].
  Restoring pStatusCts on 35 clock instances.
  Leaving CCOpt scope - ClockRefiner done. (took cpu=0:00:00.3 real=0:00:00.3)
  CCOpt::Phase::eGRPC done. (took cpu=0:00:00.8 real=0:00:00.8)
  CCOpt::Phase::Routing...
  Clock implementation routing...
    Leaving CCOpt scope - Routing Tools...
Net route status summary:
  Clock:        36 (unrouted=0, trialRouted=0, noStatus=0, routed=36, fixed=0, [crossesIlmBoundary=0, tooFewTerms=0, (crossesIlmBoundary AND tooFewTerms=0)])
  Non-clock: 24460 (unrouted=2, trialRouted=24458, noStatus=0, routed=0, fixed=0, [crossesIlmBoundary=0, tooFewTerms=2, (crossesIlmBoundary AND tooFewTerms=0)])
    Routing using eGR in eGR->NR Step...
      Early Global Route - eGR->Nr High Frequency step...
(ccopt eGR): There are 36 nets to be routed. 0 nets have skip routing designation.
(ccopt eGR): There are 36 nets for routing of which 36 have one or more fixed wires.
**WARN: (IMPPSP-1003):	Found use of 'setRouteMode -earlyGlobalMinRouteLayer'. This will continue to work in this release; however, it is recommended to use 'setDesignMode -bottomRoutingLayer' instead.
**WARN: (IMPPSP-1003):	Found use of 'setRouteMode -earlyGlobalMaxRouteLayer'. This will continue to work in this release; however, it is recommended to use 'setDesignMode -topRoutingLayer' instead.
(ccopt eGR): Start to route 36 all nets
**WARN: (IMPPSP-1003):	Found use of 'setRouteMode -earlyGlobalMaxRouteLayer'. This will continue to work in this release; however, it is recommended to use 'setDesignMode -topRoutingLayer' instead.
[NR-eGR] Num Prerouted Nets = 0  Num Prerouted Wires = 0
[NR-eGR] Read 24494 nets ( ignored 24458 )
[NR-eGR] Connected 0 must-join pins/ports
[NR-eGR] There are 36 clock nets ( 36 with NDR ).
[NR-eGR] Layer group 1: route 36 net(s) in layer range [3, 4]
[NR-eGR] Early Global Route overflow of layer group 1: 0.00% H + 0.00% V. EstWL: 1.298232e+04um
[NR-eGR] Create a new net group with 11 nets and layer range [3, 5]
[NR-eGR] Layer group 2: route 11 net(s) in layer range [3, 5]
[NR-eGR] Early Global Route overflow of layer group 2: 0.00% H + 0.00% V. EstWL: 1.660239e+04um
[NR-eGR] Create a new net group with 11 nets and layer range [2, 5]
[NR-eGR] Layer group 3: route 11 net(s) in layer range [2, 5]
[NR-eGR] Early Global Route overflow of layer group 3: 0.00% H + 0.00% V. EstWL: 2.388015e+04um
[NR-eGR] Overflow after Early Global Route 0.00% H + 0.00% V
[NR-eGR]                  Length (um)    Vias 
[NR-eGR] -------------------------------------
[NR-eGR]  Metal1   (1H)             0   72423 
[NR-eGR]  Metal2   (2V)         79959   91317 
[NR-eGR]  Metal3   (3H)        107186    9654 
[NR-eGR]  Metal4   (4V)         65649    2620 
[NR-eGR]  Metal5   (5H)         36301       0 
[NR-eGR]  Metal6   (6V)             0       0 
[NR-eGR]  Metal7   (7H)             0       0 
[NR-eGR]  Metal8   (8V)             0       0 
[NR-eGR]  Metal9   (9H)             0       0 
[NR-eGR]  Metal10  (10V)            0       0 
[NR-eGR]  Metal11  (11H)            0       0 
[NR-eGR] -------------------------------------
[NR-eGR]           Total       289096  176014 
[NR-eGR] --------------------------------------------------------------------------
[NR-eGR] Total half perimeter of net bounding box: 217086um
[NR-eGR] Total length: 289096um, number of vias: 176014
[NR-eGR] --------------------------------------------------------------------------
[NR-eGR] Total eGR-routed clock nets wire length: 13437um, number of vias: 9066
[NR-eGR] --------------------------------------------------------------------------
[NR-eGR] Report for selected net(s) only.
[NR-eGR]                  Length (um)  Vias 
[NR-eGR] -----------------------------------
[NR-eGR]  Metal1   (1H)             0  3515 
[NR-eGR]  Metal2   (2V)          3526  4051 
[NR-eGR]  Metal3   (3H)          6631  1500 
[NR-eGR]  Metal4   (4V)          3279     0 
[NR-eGR]  Metal5   (5H)             0     0 
[NR-eGR]  Metal6   (6V)             0     0 
[NR-eGR]  Metal7   (7H)             0     0 
[NR-eGR]  Metal8   (8V)             0     0 
[NR-eGR]  Metal9   (9H)             0     0 
[NR-eGR]  Metal10  (10V)            0     0 
[NR-eGR]  Metal11  (11H)            0     0 
[NR-eGR] -----------------------------------
[NR-eGR]           Total        13437  9066 
[NR-eGR] --------------------------------------------------------------------------
[NR-eGR] Total half perimeter of net bounding box: 3435um
[NR-eGR] Total length: 13437um, number of vias: 9066
[NR-eGR] --------------------------------------------------------------------------
[NR-eGR] Total routed clock nets wire length: 13437um, number of vias: 9066
[NR-eGR] --------------------------------------------------------------------------
[NR-eGR] Finished Early Global Route kernel ( CPU: 0.12 sec, Real: 0.11 sec, Curr Mem: 2541.12 MB )
**WARN: (IMPPSP-1003):	Found use of 'setRouteMode -earlyGlobalMaxRouteLayer'. This will continue to work in this release; however, it is recommended to use 'setDesignMode -topRoutingLayer' instead.
**WARN: (IMPPSP-1003):	Found use of 'setRouteMode -earlyGlobalMinRouteLayer'. This will continue to work in this release; however, it is recommended to use 'setDesignMode -bottomRoutingLayer' instead.
**WARN: (IMPPSP-1003):	Found use of 'setRouteMode -earlyGlobalMaxRouteLayer'. This will continue to work in this release; however, it is recommended to use 'setDesignMode -topRoutingLayer' instead.
      Early Global Route - eGR->Nr High Frequency step done. (took cpu=0:00:00.1 real=0:00:00.1)
    Routing using eGR in eGR->NR Step done.
    Routing using NR in eGR->NR Step...

CCOPT: Preparing to route 36 clock nets with NanoRoute.
  All net are default rule.
  Preferred NanoRoute mode settings: Current
#WARNING (NRIF-91) Option setNanoRouteMode -routeTopRoutingLayer is obsolete. It will continue to work for the current release. To ensure compatibility with future releases, use option setDesignMode -topRoutingLayer instead.
#WARNING (NRIF-91) Option setNanoRouteMode -routeTopRoutingLayer is obsolete. It will continue to work for the current release. To ensure compatibility with future releases, use option setDesignMode -topRoutingLayer instead.
**WARN: (IMPTCM-77):	Option "-grouteExpUseNanoRoute2" for command setNanoRouteMode is obsolete and will be removed in a future release. The obsolete option still works in this release but to avoid this warning and to ensure compatibility with future releases, remove the obsolete option from your script.
**WARN: (EMS-27):	Message (IMPTCM-77) has exceeded the current message display limit of 1.
To increase the message display limit, refer to the product command reference manual.
      Clock detailed routing...
        NanoRoute...
% Begin globalDetailRoute (date=12/06 12:47:32, mem=1932.4M)

globalDetailRoute

#Start globalDetailRoute on Fri Dec  6 12:47:32 2024
#
#num needed restored net=0
#need_extraction net=0 (total=24496)
#NanoRoute Version 21.19-s058_1 NR231113-0413/21_19-UB
#
#Wire/Via statistics before line assignment ...
#Total number of nets with non-default rule or having extra spacing = 36
#Total wire length = 13437 um.
#Total half perimeter of net bounding box = 3454 um.
#Total wire length on LAYER Metal1 = 0 um.
#Total wire length on LAYER Metal2 = 3526 um.
#Total wire length on LAYER Metal3 = 6631 um.
#Total wire length on LAYER Metal4 = 3279 um.
#Total wire length on LAYER Metal5 = 0 um.
#Total wire length on LAYER Metal6 = 0 um.
#Total wire length on LAYER Metal7 = 0 um.
#Total wire length on LAYER Metal8 = 0 um.
#Total wire length on LAYER Metal9 = 0 um.
#Total wire length on LAYER Metal10 = 0 um.
#Total wire length on LAYER Metal11 = 0 um.
#Total number of vias = 9066
#Up-Via Summary (total 9066):
#           
#-----------------------
# Metal1           3515
# Metal2           4051
# Metal3           1500
#-----------------------
#                  9066 
#
#Start routing data preparation on Fri Dec  6 12:47:32 2024
#
#Minimum voltage of a net in the design = 0.000.
#Maximum voltage of a net in the design = 1.080.
#Voltage range [0.000 - 1.080] has 24494 nets.
#Voltage range [1.080 - 1.080] has 1 net.
#Voltage range [0.000 - 0.000] has 1 net.
#Build and mark too close pins for the same net.
#Initial pin access analysis.
#Detail pin access analysis.
# Metal1       H   Track-Pitch = 0.19000    Line-2-Via Pitch = 0.13000
# Metal2       V   Track-Pitch = 0.20000    Line-2-Via Pitch = 0.15000
# Metal3       H   Track-Pitch = 0.19000    Line-2-Via Pitch = 0.15000
# Metal4       V   Track-Pitch = 0.20000    Line-2-Via Pitch = 0.15000
# Metal5       H   Track-Pitch = 0.19000    Line-2-Via Pitch = 0.15000
# Metal6       V   Track-Pitch = 0.20000    Line-2-Via Pitch = 0.15000
# Metal7       H   Track-Pitch = 0.19000    Line-2-Via Pitch = 0.15000
# Metal8       V   Track-Pitch = 0.20000    Line-2-Via Pitch = 0.15000
# Metal9       H   Track-Pitch = 0.19000    Line-2-Via Pitch = 0.15000
# Metal10      V   Track-Pitch = 0.50000    Line-2-Via Pitch = 0.42000
# Metal11      H   Track-Pitch = 0.47500    Line-2-Via Pitch = 0.43000
#Bottom routing layer index=1(Metal1), bottom routing layer for shielding=1(Metal1), bottom shield layer=1(Metal1)
#shield_bottom_stripe_layer=1(Metal1), shield_top_stripe_layer=5(Metal5)
#pin_access_rlayer=2(Metal2)
#shield_top_dpt_rlayer=-1 top_rlayer=5 top_trim_metal_rlayer=-1 rlayer_lowest=1 bottom_rlayer=1
#enable_trim_layer_shield=F enable_dpt_layer_shield=F has_line_end_grid=F
#cpu time = 00:00:00, elapsed time = 00:00:00, memory = 1972.60 (MB), peak = 2003.97 (MB)
#Regenerating Ggrids automatically.
#Auto generating G-grids with size=15 tracks, using layer Metal3's pitch = 0.19000.
#Using automatically generated G-grids.
#Done routing data preparation.
#cpu time = 00:00:01, elapsed time = 00:00:01, memory = 1983.43 (MB), peak = 2003.97 (MB)
#Minimum voltage of a net in the design = 0.000.
#Maximum voltage of a net in the design = 1.080.
#Voltage range [0.000 - 1.080] has 24494 nets.
#Voltage range [1.080 - 1.080] has 1 net.
#Voltage range [0.000 - 0.000] has 1 net.
Updating RC grid for preRoute extraction ...
Initializing multi-corner resistance tables ...
#
#Distribution of nets:
#  
# #pin range           #net       %
#------------------------------------
#          2           18658 ( 76.2%)
#          3            3549 ( 14.5%)
#          4              71 (  0.3%)
#          5            1015 (  4.1%)
#          6             884 (  3.6%)
#          7              29 (  0.1%)
#          8              11 (  0.0%)
#          9              27 (  0.1%)
#  10  -  19              83 (  0.3%)
#  20  -  29              39 (  0.2%)
#  30  -  39              51 (  0.2%)
#  40  -  49               7 (  0.0%)
#  50  -  59               2 (  0.0%)
#  60  -  69               7 (  0.0%)
#  70  -  79              12 (  0.0%)
#  80  -  89               8 (  0.0%)
#  90  -  99              15 (  0.1%)
#  100 - 199              22 (  0.1%)
#  800 - 899               4 (  0.0%)
#     >=2000               0 (  0.0%)
#
#Total: 24496 nets, 24494 non-trivial nets
#                              #net       %
#-------------------------------------------
#  Fully global routed           36 ( 0.1%)
#  Clock                         36
#  Extra space                   36
#  Prefer layer range            36
#
#Nets in 1 layer range:
#  Bottom Pref.Layer    Top Pref.Layer       #net       %
#---------------------------------------------------------
#             Metal3           Metal4          36 (  0.1%)
#
#36 nets selected.
#
#Iteration 1.1: cpu:00:00:00, real:00:00:00, mem:2.0 GB, peak:2.0 GB
#Iteration 1.2: cpu:00:00:00, real:00:00:00, mem:2.0 GB, peak:2.0 GB
#Iteration 1.3: cpu:00:00:00, real:00:00:00, mem:2.0 GB, peak:2.0 GB
#Iteration 2.1: cpu:00:00:00, real:00:00:00, mem:2.0 GB, peak:2.0 GB
#Iteration 3.1: cpu:00:00:00, real:00:00:00, mem:2.0 GB, peak:2.0 GB
#
#Line Assignment statistics:
#Cpu time = 00:00:00
#Elapsed time = 00:00:00
#Increased memory = 3.27 (MB)
#Total memory = 1999.11 (MB)
#Peak memory = 2003.97 (MB)
#End Line Assignment: cpu:00:00:00, real:00:00:00, mem:2.0 GB, peak:2.0 GB
#
#Wire/Via statistics after line assignment ...
#Total number of nets with non-default rule or having extra spacing = 36
#Total wire length = 13560 um.
#Total half perimeter of net bounding box = 3454 um.
#Total wire length on LAYER Metal1 = 31 um.
#Total wire length on LAYER Metal2 = 3807 um.
#Total wire length on LAYER Metal3 = 6536 um.
#Total wire length on LAYER Metal4 = 3185 um.
#Total wire length on LAYER Metal5 = 0 um.
#Total wire length on LAYER Metal6 = 0 um.
#Total wire length on LAYER Metal7 = 0 um.
#Total wire length on LAYER Metal8 = 0 um.
#Total wire length on LAYER Metal9 = 0 um.
#Total wire length on LAYER Metal10 = 0 um.
#Total wire length on LAYER Metal11 = 0 um.
#Total number of vias = 8462
#Up-Via Summary (total 8462):
#           
#-----------------------
# Metal1           3515
# Metal2           3735
# Metal3           1212
#-----------------------
#                  8462 
#
#Routing data preparation, pin analysis, line assignment statistics:
#Cpu time = 00:00:01
#Elapsed time = 00:00:01
#Increased memory = 35.26 (MB)
#Total memory = 1997.80 (MB)
#Peak memory = 2003.97 (MB)
#Skip comparing routing design signature in db-snapshot flow
#Minimum voltage of a net in the design = 0.000.
#Maximum voltage of a net in the design = 1.080.
#Voltage range [0.000 - 1.080] has 24494 nets.
#Voltage range [1.080 - 1.080] has 1 net.
#Voltage range [0.000 - 0.000] has 1 net.
#Minimum voltage of a net in the design = 0.000.
#Maximum voltage of a net in the design = 1.080.
#Voltage range [0.000 - 1.080] has 24494 nets.
#Voltage range [1.080 - 1.080] has 1 net.
#Voltage range [0.000 - 0.000] has 1 net.
#Minimum voltage of a net in the design = 0.000.
#Maximum voltage of a net in the design = 1.080.
#Voltage range [0.000 - 1.080] has 24494 nets.
#Voltage range [1.080 - 1.080] has 1 net.
#Voltage range [0.000 - 0.000] has 1 net.
#Minimum voltage of a net in the design = 0.000.
#Maximum voltage of a net in the design = 1.080.
#Voltage range [0.000 - 1.080] has 24494 nets.
#Voltage range [1.080 - 1.080] has 1 net.
#Voltage range [0.000 - 0.000] has 1 net.
#
#Start Detail Routing..
#start initial detail routing ...
#   number of violations = 0
#cpu time = 00:00:06, elapsed time = 00:00:06, memory = 2003.90 (MB), peak = 2029.45 (MB)
#Complete Detail Routing.
#Total number of nets with non-default rule or having extra spacing = 36
#Total wire length = 14175 um.
#Total half perimeter of net bounding box = 3454 um.
#Total wire length on LAYER Metal1 = 1 um.
#Total wire length on LAYER Metal2 = 1986 um.
#Total wire length on LAYER Metal3 = 7611 um.
#Total wire length on LAYER Metal4 = 4577 um.
#Total wire length on LAYER Metal5 = 0 um.
#Total wire length on LAYER Metal6 = 0 um.
#Total wire length on LAYER Metal7 = 0 um.
#Total wire length on LAYER Metal8 = 0 um.
#Total wire length on LAYER Metal9 = 0 um.
#Total wire length on LAYER Metal10 = 0 um.
#Total wire length on LAYER Metal11 = 0 um.
#Total number of vias = 9101
#Up-Via Summary (total 9101):
#           
#-----------------------
# Metal1           3518
# Metal2           3371
# Metal3           2212
#-----------------------
#                  9101 
#
#Total number of DRC violations = 0
#Cpu time = 00:00:06
#Elapsed time = 00:00:06
#Increased memory = 6.10 (MB)
#Total memory = 2003.90 (MB)
#Peak memory = 2029.45 (MB)
#Skip updating routing design signature in db-snapshot flow
#detailRoute Statistics:
#Cpu time = 00:00:06
#Elapsed time = 00:00:06
#Increased memory = 6.10 (MB)
#Total memory = 2003.90 (MB)
#Peak memory = 2029.45 (MB)
#
#globalDetailRoute statistics:
#Cpu time = 00:00:07
#Elapsed time = 00:00:07
#Increased memory = 72.50 (MB)
#Total memory = 2004.89 (MB)
#Peak memory = 2029.45 (MB)
#Number of warnings = 0
#Total number of warnings = 3
#Number of fails = 0
#Total number of fails = 0
#Complete globalDetailRoute on Fri Dec  6 12:47:39 2024
#
% End globalDetailRoute (date=12/06 12:47:39, total cpu=0:00:06.9, real=0:00:07.0, peak res=2029.5M, current mem=2004.9M)
        NanoRoute done. (took cpu=0:00:06.9 real=0:00:06.9)
      Clock detailed routing done.
#WARNING (NRIF-91) Option setNanoRouteMode -routeTopRoutingLayer is obsolete. It will continue to work for the current release. To ensure compatibility with future releases, use option setDesignMode -topRoutingLayer instead.
Skipping check of guided vs. routed net lengths.
Set FIXED routing status on 36 net(s)
Set FIXED placed status on 35 instance(s)
      Route Remaining Unrouted Nets...
Running earlyGlobalRoute to complete any remaining unrouted nets.
[NR-eGR] Started Early Global Route kernel ( Curr Mem: 2624.91 MB )
[NR-eGR] Num Prerouted Nets = 36  Num Prerouted Wires = 8839
[NR-eGR] Read 24494 nets ( ignored 36 )
[NR-eGR] Layer group 1: route 24458 net(s) in layer range [2, 5]
[NR-eGR] Early Global Route overflow of layer group 1: 0.00% H + 0.01% V. EstWL: 2.625209e+05um
[NR-eGR] Overflow after Early Global Route 0.00% H + 0.00% V
[NR-eGR]                  Length (um)    Vias 
[NR-eGR] -------------------------------------
[NR-eGR]  Metal1   (1H)             0   72426 
[NR-eGR]  Metal2   (2V)         79879   91041 
[NR-eGR]  Metal3   (3H)        106641   10167 
[NR-eGR]  Metal4   (4V)         65570    2878 
[NR-eGR]  Metal5   (5H)         37963       0 
[NR-eGR]  Metal6   (6V)             0       0 
[NR-eGR]  Metal7   (7H)             0       0 
[NR-eGR]  Metal8   (8V)             0       0 
[NR-eGR]  Metal9   (9H)             0       0 
[NR-eGR]  Metal10  (10V)            0       0 
[NR-eGR]  Metal11  (11H)            0       0 
[NR-eGR] -------------------------------------
[NR-eGR]           Total       290054  176512 
[NR-eGR] --------------------------------------------------------------------------
[NR-eGR] Total half perimeter of net bounding box: 217086um
[NR-eGR] Total length: 290054um, number of vias: 176512
[NR-eGR] --------------------------------------------------------------------------
[NR-eGR] Total eGR-routed clock nets wire length: 0um, number of vias: 0
[NR-eGR] --------------------------------------------------------------------------
[NR-eGR] Finished Early Global Route kernel ( CPU: 0.24 sec, Real: 0.24 sec, Curr Mem: 2639.01 MB )
      Route Remaining Unrouted Nets done. (took cpu=0:00:00.2 real=0:00:00.2)
    Routing using NR in eGR->NR Step done.
Net route status summary:
  Clock:        36 (unrouted=0, trialRouted=0, noStatus=0, routed=0, fixed=36, [crossesIlmBoundary=0, tooFewTerms=0, (crossesIlmBoundary AND tooFewTerms=0)])
  Non-clock: 24460 (unrouted=2, trialRouted=24458, noStatus=0, routed=0, fixed=0, [crossesIlmBoundary=0, tooFewTerms=2, (crossesIlmBoundary AND tooFewTerms=0)])

CCOPT: Done with clock implementation routing.

    Leaving CCOpt scope - Routing Tools done. (took cpu=0:00:07.3 real=0:00:07.3)
  Clock implementation routing done.
  Leaving CCOpt scope - extractRC...
  Updating RC parasitics by calling: "extractRC -noRouteCheck"...
Extraction called for design 'nbit_stack' of instances=26511 and nets=24496 using extraction engine 'preRoute' .
**WARN: (IMPEXT-3530):	The process node is not set. Use the command setDesignMode -process <process node> prior to extraction for maximum accuracy and optimal automatic threshold setting.
Type 'man IMPEXT-3530' for more detail.
PreRoute RC Extraction called for design nbit_stack.
RC Extraction called in multi-corner(1) mode.
RCMode: PreRoute
      RC Corner Indexes            0   
Capacitance Scaling Factor   : 1.00000 
Resistance Scaling Factor    : 1.00000 
Clock Cap. Scaling Factor    : 1.00000 
Clock Res. Scaling Factor    : 1.00000 
Shrink Factor                : 1.00000
PreRoute extraction is honoring NDR/Shielding/ExtraSpace for clock nets.
Using Quantus QRC technology file ...
Updating RC grid for preRoute extraction ...
Initializing multi-corner resistance tables ...
PreRoute RC Extraction DONE (CPU Time: 0:00:00.1  Real Time: 0:00:00.0  MEM: 2628.008M)
  Updating RC parasitics by calling: "extractRC -noRouteCheck" done.
  Leaving CCOpt scope - extractRC done. (took cpu=0:00:00.1 real=0:00:00.1)
  Clock tree timing engine global stage delay update for nbit_stack_delayCorner:both.late...
  Clock tree timing engine global stage delay update for nbit_stack_delayCorner:both.late done. (took cpu=0:00:00.0 real=0:00:00.0)
  Clock DAG stats after routing clock trees:
    cell counts      : b=35, i=0, icg=0, dcg=0, l=0, total=35
    sink counts      : regular=3444, enable_latch=0, load_capacitance=0, antenna=0, node_sink=0, total=3444
    misc counts      : r=1, pp=0
    cell areas       : b=179.550um^2, i=0.000um^2, icg=0.000um^2, dcg=0.000um^2, l=0.000um^2, total=179.550um^2
    cell capacitance : b=0.047pF, i=0.000pF, icg=0.000pF, dcg=0.000pF, l=0.000pF, total=0.047pF
    sink capacitance : total=0.809pF, avg=0.000pF, sd=0.000pF, min=0.000pF, max=0.000pF
    wire capacitance : top=0.000pF, trunk=0.071pF, leaf=0.986pF, total=1.057pF
    wire lengths     : top=0.000um, trunk=1030.475um, leaf=13144.290um, total=14174.765um
    hp wire lengths  : top=0.000um, trunk=0.000um, leaf=3043.830um, total=3043.830um
  Clock DAG net violations after routing clock trees: none
  Clock DAG primary half-corner transition distribution after routing clock trees:
    Trunk : target=0.100ns count=1 avg=0.014ns sd=0.000ns min=0.014ns max=0.014ns {1 <= 0.060ns, 0 <= 0.080ns, 0 <= 0.090ns, 0 <= 0.095ns, 0 <= 0.100ns}
    Leaf  : target=0.100ns count=35 avg=0.077ns sd=0.002ns min=0.072ns max=0.081ns {0 <= 0.060ns, 32 <= 0.080ns, 3 <= 0.090ns, 0 <= 0.095ns, 0 <= 0.100ns}
  Clock DAG library cell distribution after routing clock trees {count}:
     Bufs: CLKBUFX12: 35 
  Primary reporting skew groups after routing clock trees:
    skew_group clk/common: insertion delay [min=0.076, max=0.088, avg=0.083, sd=0.003], skew [0.012 vs 0.730], 100% {0.076, 0.088} (wid=0.011 ws=0.009) (gid=0.079 gs=0.005)
  Skew group summary after routing clock trees:
    skew_group clk/common: insertion delay [min=0.076, max=0.088, avg=0.083, sd=0.003], skew [0.012 vs 0.730], 100% {0.076, 0.088} (wid=0.011 ws=0.009) (gid=0.079 gs=0.005)
  CCOpt::Phase::Routing done. (took cpu=0:00:07.5 real=0:00:07.5)
  CCOpt::Phase::PostConditioning...
  Leaving CCOpt scope - Initializing placement interface...
  Leaving CCOpt scope - Initializing placement interface done. (took cpu=0:00:00.0 real=0:00:00.0)
  PostConditioning...
    PostConditioning active optimizations:
     - DRV fixing with initial upsizing, sizing and buffering
     - Skew fixing with sizing
    
    Currently running CTS, using active skew data
    Reset bufferability constraints...
    Resetting previous bufferability status on all nets so that PostConditioning will attempt to fix all clock tree violations.
    Reset bufferability constraints done. (took cpu=0:00:00.0 real=0:00:00.0)
    PostConditioning Upsizing To Fix DRVs...
      Fixing clock tree DRVs with upsizing: ...20% ...40% ...60% ...80% ...100% 
      CCOpt-PostConditioning: considered: 36, tested: 36, violation detected: 0, violation ignored (due to small violation): 0, cannot run: 0, attempted: 0, unsuccessful: 0, sized: 0
      
      Statistics: Fix DRVs (initial upsizing):
      ========================================
      
      Cell changes by Net Type:
      
      -------------------------------------------------------------------------------------------------
      Net Type    Attempted    Upsized     Downsized    Swapped Same Size    Total Changed    Not Sized
      -------------------------------------------------------------------------------------------------
      top                0            0           0            0                    0                0
      trunk              0            0           0            0                    0                0
      leaf               0            0           0            0                    0                0
      -------------------------------------------------------------------------------------------------
      Total              0            0           0            0                    0                0
      -------------------------------------------------------------------------------------------------
      
      Upsized: 0, Downsized: 0, Sized but same area: 0, Unchanged: 0, Area change: 0.000um^2 (0.000%)
      Max. move: 0.000um, Min. move: 0.000um, Avg. move: N/A
      
      Clock DAG stats after 'PostConditioning Upsizing To Fix DRVs':
        cell counts      : b=35, i=0, icg=0, dcg=0, l=0, total=35
        sink counts      : regular=3444, enable_latch=0, load_capacitance=0, antenna=0, node_sink=0, total=3444
        misc counts      : r=1, pp=0
        cell areas       : b=179.550um^2, i=0.000um^2, icg=0.000um^2, dcg=0.000um^2, l=0.000um^2, total=179.550um^2
        cell capacitance : b=0.047pF, i=0.000pF, icg=0.000pF, dcg=0.000pF, l=0.000pF, total=0.047pF
        sink capacitance : total=0.809pF, avg=0.000pF, sd=0.000pF, min=0.000pF, max=0.000pF
        wire capacitance : top=0.000pF, trunk=0.071pF, leaf=0.986pF, total=1.057pF
        wire lengths     : top=0.000um, trunk=1030.475um, leaf=13144.290um, total=14174.765um
        hp wire lengths  : top=0.000um, trunk=0.000um, leaf=3043.830um, total=3043.830um
      Clock DAG net violations after 'PostConditioning Upsizing To Fix DRVs': none
      Clock DAG primary half-corner transition distribution after 'PostConditioning Upsizing To Fix DRVs':
        Trunk : target=0.100ns count=1 avg=0.014ns sd=0.000ns min=0.014ns max=0.014ns {1 <= 0.060ns, 0 <= 0.080ns, 0 <= 0.090ns, 0 <= 0.095ns, 0 <= 0.100ns}
        Leaf  : target=0.100ns count=35 avg=0.077ns sd=0.002ns min=0.072ns max=0.081ns {0 <= 0.060ns, 32 <= 0.080ns, 3 <= 0.090ns, 0 <= 0.095ns, 0 <= 0.100ns}
      Clock DAG library cell distribution after 'PostConditioning Upsizing To Fix DRVs' {count}:
         Bufs: CLKBUFX12: 35 
      Primary reporting skew groups after 'PostConditioning Upsizing To Fix DRVs':
        skew_group clk/common: insertion delay [min=0.076, max=0.088], skew [0.012 vs 0.730]
      Skew group summary after 'PostConditioning Upsizing To Fix DRVs':
        skew_group clk/common: insertion delay [min=0.076, max=0.088], skew [0.012 vs 0.730]
      Legalizer API calls during this step: 0 succeeded with high effort: 0 succeeded with medium effort: 0 succeeded with low effort: 0 succeeded with basic effort: 0 succeeded with basic unbounded effort: 0
    PostConditioning Upsizing To Fix DRVs done. (took cpu=0:00:00.0 real=0:00:00.0)
    Recomputing CTS skew targets...
    Resolving skew group constraints...
      Solving LP: 1 skew groups; 2 fragments, 2 fraglets and 3 vertices; 25 variables and 66 constraints; tolerance 1
    Resolving skew group constraints done.
    Recomputing CTS skew targets done. (took cpu=0:00:00.0 real=0:00:00.0)
    PostConditioning Fixing DRVs...
      Fixing clock tree DRVs: ...20% ...40% ...60% ...80% ...100% 
      CCOpt-PostConditioning: considered: 36, tested: 36, violation detected: 0, violation ignored (due to small violation): 0, cannot run: 0, attempted: 0, unsuccessful: 0, sized: 0
      
      Statistics: Fix DRVs (cell sizing):
      ===================================
      
      Cell changes by Net Type:
      
      -------------------------------------------------------------------------------------------------
      Net Type    Attempted    Upsized     Downsized    Swapped Same Size    Total Changed    Not Sized
      -------------------------------------------------------------------------------------------------
      top                0            0           0            0                    0                0
      trunk              0            0           0            0                    0                0
      leaf               0            0           0            0                    0                0
      -------------------------------------------------------------------------------------------------
      Total              0            0           0            0                    0                0
      -------------------------------------------------------------------------------------------------
      
      Upsized: 0, Downsized: 0, Sized but same area: 0, Unchanged: 0, Area change: 0.000um^2 (0.000%)
      Max. move: 0.000um, Min. move: 0.000um, Avg. move: N/A
      
      Clock DAG stats after 'PostConditioning Fixing DRVs':
        cell counts      : b=35, i=0, icg=0, dcg=0, l=0, total=35
        sink counts      : regular=3444, enable_latch=0, load_capacitance=0, antenna=0, node_sink=0, total=3444
        misc counts      : r=1, pp=0
        cell areas       : b=179.550um^2, i=0.000um^2, icg=0.000um^2, dcg=0.000um^2, l=0.000um^2, total=179.550um^2
        cell capacitance : b=0.047pF, i=0.000pF, icg=0.000pF, dcg=0.000pF, l=0.000pF, total=0.047pF
        sink capacitance : total=0.809pF, avg=0.000pF, sd=0.000pF, min=0.000pF, max=0.000pF
        wire capacitance : top=0.000pF, trunk=0.071pF, leaf=0.986pF, total=1.057pF
        wire lengths     : top=0.000um, trunk=1030.475um, leaf=13144.290um, total=14174.765um
        hp wire lengths  : top=0.000um, trunk=0.000um, leaf=3043.830um, total=3043.830um
      Clock DAG net violations after 'PostConditioning Fixing DRVs': none
      Clock DAG primary half-corner transition distribution after 'PostConditioning Fixing DRVs':
        Trunk : target=0.100ns count=1 avg=0.014ns sd=0.000ns min=0.014ns max=0.014ns {1 <= 0.060ns, 0 <= 0.080ns, 0 <= 0.090ns, 0 <= 0.095ns, 0 <= 0.100ns}
        Leaf  : target=0.100ns count=35 avg=0.077ns sd=0.002ns min=0.072ns max=0.081ns {0 <= 0.060ns, 32 <= 0.080ns, 3 <= 0.090ns, 0 <= 0.095ns, 0 <= 0.100ns}
      Clock DAG library cell distribution after 'PostConditioning Fixing DRVs' {count}:
         Bufs: CLKBUFX12: 35 
      Primary reporting skew groups after 'PostConditioning Fixing DRVs':
        skew_group clk/common: insertion delay [min=0.076, max=0.088], skew [0.012 vs 0.730]
      Skew group summary after 'PostConditioning Fixing DRVs':
        skew_group clk/common: insertion delay [min=0.076, max=0.088], skew [0.012 vs 0.730]
      Legalizer API calls during this step: 0 succeeded with high effort: 0 succeeded with medium effort: 0 succeeded with low effort: 0 succeeded with basic effort: 0 succeeded with basic unbounded effort: 0
    PostConditioning Fixing DRVs done. (took cpu=0:00:00.0 real=0:00:00.0)
    Buffering to fix DRVs...
    Fixing DRVs with route buffering pass 1. Quick buffering: enabled
    Rebuffering to fix clock tree DRVs: ...20% ...40% ...60% ...80% ...100% 
    Inserted 0 buffers and inverters.
    success count. Default: 0, QS: 0, QD: 0, FS: 0, MQS: 0
    CCOpt-PostConditioning: nets considered: 36, nets tested: 36, nets violation detected: 0, nets violation ignored (due to small violation): 0, nets cannot run: 0, nets attempted: 0, nets unsuccessful: 0, buffered: 0
    Clock DAG stats PostConditioning after re-buffering DRV fixing:
      cell counts      : b=35, i=0, icg=0, dcg=0, l=0, total=35
      sink counts      : regular=3444, enable_latch=0, load_capacitance=0, antenna=0, node_sink=0, total=3444
      misc counts      : r=1, pp=0
      cell areas       : b=179.550um^2, i=0.000um^2, icg=0.000um^2, dcg=0.000um^2, l=0.000um^2, total=179.550um^2
      cell capacitance : b=0.047pF, i=0.000pF, icg=0.000pF, dcg=0.000pF, l=0.000pF, total=0.047pF
      sink capacitance : total=0.809pF, avg=0.000pF, sd=0.000pF, min=0.000pF, max=0.000pF
      wire capacitance : top=0.000pF, trunk=0.071pF, leaf=0.986pF, total=1.057pF
      wire lengths     : top=0.000um, trunk=1030.475um, leaf=13144.290um, total=14174.765um
      hp wire lengths  : top=0.000um, trunk=0.000um, leaf=3043.830um, total=3043.830um
    Clock DAG net violations PostConditioning after re-buffering DRV fixing: none
    Clock DAG primary half-corner transition distribution PostConditioning after re-buffering DRV fixing:
      Trunk : target=0.100ns count=1 avg=0.014ns sd=0.000ns min=0.014ns max=0.014ns {1 <= 0.060ns, 0 <= 0.080ns, 0 <= 0.090ns, 0 <= 0.095ns, 0 <= 0.100ns}
      Leaf  : target=0.100ns count=35 avg=0.077ns sd=0.002ns min=0.072ns max=0.081ns {0 <= 0.060ns, 32 <= 0.080ns, 3 <= 0.090ns, 0 <= 0.095ns, 0 <= 0.100ns}
    Clock DAG library cell distribution PostConditioning after re-buffering DRV fixing {count}:
       Bufs: CLKBUFX12: 35 
    Primary reporting skew groups PostConditioning after re-buffering DRV fixing:
      skew_group clk/common: insertion delay [min=0.076, max=0.088, avg=0.083, sd=0.003], skew [0.012 vs 0.730], 100% {0.076, 0.088} (wid=0.011 ws=0.009) (gid=0.079 gs=0.005)
    Skew group summary PostConditioning after re-buffering DRV fixing:
      skew_group clk/common: insertion delay [min=0.076, max=0.088, avg=0.083, sd=0.003], skew [0.012 vs 0.730], 100% {0.076, 0.088} (wid=0.011 ws=0.009) (gid=0.079 gs=0.005)
    Buffering to fix DRVs done. (took cpu=0:00:00.0 real=0:00:00.0)
    PostConditioning Fixing Skew by cell sizing...
      Resized 0 clock insts to decrease delay.
      Resized 0 clock insts to increase delay.
      
      Statistics: Fix Skew (cell sizing):
      ===================================
      
      Cell changes by Net Type:
      
      -------------------------------------------------------------------------------------------------
      Net Type    Attempted    Upsized     Downsized    Swapped Same Size    Total Changed    Not Sized
      -------------------------------------------------------------------------------------------------
      top                0            0           0            0                    0                0
      trunk              0            0           0            0                    0                0
      leaf               0            0           0            0                    0                0
      -------------------------------------------------------------------------------------------------
      Total              0            0           0            0                    0                0
      -------------------------------------------------------------------------------------------------
      
      Upsized: 0, Downsized: 0, Sized but same area: 0, Unchanged: 0, Area change: 0.000um^2 (0.000%)
      Max. move: 0.000um, Min. move: 0.000um, Avg. move: N/A
      
      Clock DAG stats after 'PostConditioning Fixing Skew by cell sizing':
        cell counts      : b=35, i=0, icg=0, dcg=0, l=0, total=35
        sink counts      : regular=3444, enable_latch=0, load_capacitance=0, antenna=0, node_sink=0, total=3444
        misc counts      : r=1, pp=0
        cell areas       : b=179.550um^2, i=0.000um^2, icg=0.000um^2, dcg=0.000um^2, l=0.000um^2, total=179.550um^2
        cell capacitance : b=0.047pF, i=0.000pF, icg=0.000pF, dcg=0.000pF, l=0.000pF, total=0.047pF
        sink capacitance : total=0.809pF, avg=0.000pF, sd=0.000pF, min=0.000pF, max=0.000pF
        wire capacitance : top=0.000pF, trunk=0.071pF, leaf=0.986pF, total=1.057pF
        wire lengths     : top=0.000um, trunk=1030.475um, leaf=13144.290um, total=14174.765um
        hp wire lengths  : top=0.000um, trunk=0.000um, leaf=3043.830um, total=3043.830um
      Clock DAG net violations after 'PostConditioning Fixing Skew by cell sizing': none
      Clock DAG primary half-corner transition distribution after 'PostConditioning Fixing Skew by cell sizing':
        Trunk : target=0.100ns count=1 avg=0.014ns sd=0.000ns min=0.014ns max=0.014ns {1 <= 0.060ns, 0 <= 0.080ns, 0 <= 0.090ns, 0 <= 0.095ns, 0 <= 0.100ns}
        Leaf  : target=0.100ns count=35 avg=0.077ns sd=0.002ns min=0.072ns max=0.081ns {0 <= 0.060ns, 32 <= 0.080ns, 3 <= 0.090ns, 0 <= 0.095ns, 0 <= 0.100ns}
      Clock DAG library cell distribution after 'PostConditioning Fixing Skew by cell sizing' {count}:
         Bufs: CLKBUFX12: 35 
      Primary reporting skew groups after 'PostConditioning Fixing Skew by cell sizing':
        skew_group clk/common: insertion delay [min=0.076, max=0.088, avg=0.083, sd=0.003], skew [0.012 vs 0.730], 100% {0.076, 0.088} (wid=0.011 ws=0.009) (gid=0.079 gs=0.005)
      Skew group summary after 'PostConditioning Fixing Skew by cell sizing':
        skew_group clk/common: insertion delay [min=0.076, max=0.088, avg=0.083, sd=0.003], skew [0.012 vs 0.730], 100% {0.076, 0.088} (wid=0.011 ws=0.009) (gid=0.079 gs=0.005)
      Legalizer API calls during this step: 0 succeeded with high effort: 0 succeeded with medium effort: 0 succeeded with low effort: 0 succeeded with basic effort: 0 succeeded with basic unbounded effort: 0
    PostConditioning Fixing Skew by cell sizing done. (took cpu=0:00:00.0 real=0:00:00.0)
    Reconnecting optimized routes...
    Reset timing graph...
Ignoring AAE DB Resetting ...
    Reset timing graph done.
    Reconnecting optimized routes done. (took cpu=0:00:00.0 real=0:00:00.0)
Skipping refinePlace: no changes were made during DRV and/or skew fixing steps so it is unnecessary.
  PostConditioning done.
Net route status summary:
  Clock:        36 (unrouted=0, trialRouted=0, noStatus=0, routed=0, fixed=36, [crossesIlmBoundary=0, tooFewTerms=0, (crossesIlmBoundary AND tooFewTerms=0)])
  Non-clock: 24460 (unrouted=2, trialRouted=24458, noStatus=0, routed=0, fixed=0, [crossesIlmBoundary=0, tooFewTerms=2, (crossesIlmBoundary AND tooFewTerms=0)])
  Update timing and DAG stats after post-conditioning...
  Update timing and DAG stats after post-conditioning done. (took cpu=0:00:00.0 real=0:00:00.0)
  Clock tree timing engine global stage delay update for nbit_stack_delayCorner:both.late...
  Clock tree timing engine global stage delay update for nbit_stack_delayCorner:both.late done. (took cpu=0:00:00.0 real=0:00:00.0)
  Clock DAG stats after post-conditioning:
    cell counts      : b=35, i=0, icg=0, dcg=0, l=0, total=35
    sink counts      : regular=3444, enable_latch=0, load_capacitance=0, antenna=0, node_sink=0, total=3444
    misc counts      : r=1, pp=0
    cell areas       : b=179.550um^2, i=0.000um^2, icg=0.000um^2, dcg=0.000um^2, l=0.000um^2, total=179.550um^2
    cell capacitance : b=0.047pF, i=0.000pF, icg=0.000pF, dcg=0.000pF, l=0.000pF, total=0.047pF
    sink capacitance : total=0.809pF, avg=0.000pF, sd=0.000pF, min=0.000pF, max=0.000pF
    wire capacitance : top=0.000pF, trunk=0.071pF, leaf=0.986pF, total=1.057pF
    wire lengths     : top=0.000um, trunk=1030.475um, leaf=13144.290um, total=14174.765um
    hp wire lengths  : top=0.000um, trunk=0.000um, leaf=3043.830um, total=3043.830um
  Clock DAG net violations after post-conditioning: none
  Clock DAG primary half-corner transition distribution after post-conditioning:
    Trunk : target=0.100ns count=1 avg=0.014ns sd=0.000ns min=0.014ns max=0.014ns {1 <= 0.060ns, 0 <= 0.080ns, 0 <= 0.090ns, 0 <= 0.095ns, 0 <= 0.100ns}
    Leaf  : target=0.100ns count=35 avg=0.077ns sd=0.002ns min=0.072ns max=0.081ns {0 <= 0.060ns, 32 <= 0.080ns, 3 <= 0.090ns, 0 <= 0.095ns, 0 <= 0.100ns}
  Clock DAG library cell distribution after post-conditioning {count}:
     Bufs: CLKBUFX12: 35 
  Primary reporting skew groups after post-conditioning:
    skew_group clk/common: insertion delay [min=0.076, max=0.088, avg=0.083, sd=0.003], skew [0.012 vs 0.730], 100% {0.076, 0.088} (wid=0.011 ws=0.009) (gid=0.079 gs=0.005)
  Skew group summary after post-conditioning:
    skew_group clk/common: insertion delay [min=0.076, max=0.088, avg=0.083, sd=0.003], skew [0.012 vs 0.730], 100% {0.076, 0.088} (wid=0.011 ws=0.009) (gid=0.079 gs=0.005)
  CCOpt::Phase::PostConditioning done. (took cpu=0:00:00.2 real=0:00:00.2)
  Post-balance tidy up or trial balance steps...
  
  Clock DAG stats at end of CTS:
  ==============================
  
  ---------------------------------------------------------
  Cell type                 Count    Area       Capacitance
  ---------------------------------------------------------
  Buffers                    35      179.550       0.047
  Inverters                   0        0.000       0.000
  Integrated Clock Gates      0        0.000       0.000
  Discrete Clock Gates        0        0.000       0.000
  Clock Logic                 0        0.000       0.000
  All                        35      179.550       0.047
  ---------------------------------------------------------
  
  
  Clock DAG sink counts at end of CTS:
  ====================================
  
  -------------------------
  Sink type           Count
  -------------------------
  Regular             3444
  Enable Latch           0
  Load Capacitance       0
  Antenna Diode          0
  Node Sink              0
  Total               3444
  -------------------------
  
  
  Clock DAG wire lengths at end of CTS:
  =====================================
  
  --------------------
  Type     Wire Length
  --------------------
  Top           0.000
  Trunk      1030.475
  Leaf      13144.290
  Total     14174.765
  --------------------
  
  
  Clock DAG hp wire lengths at end of CTS:
  ========================================
  
  -----------------------
  Type     hp Wire Length
  -----------------------
  Top            0.000
  Trunk          0.000
  Leaf        3043.830
  Total       3043.830
  -----------------------
  
  
  Clock DAG capacitances at end of CTS:
  =====================================
  
  --------------------------------
  Type     Gate     Wire     Total
  --------------------------------
  Top      0.000    0.000    0.000
  Trunk    0.047    0.071    0.118
  Leaf     0.809    0.986    1.796
  Total    0.856    1.057    1.913
  --------------------------------
  
  
  Clock DAG sink capacitances at end of CTS:
  ==========================================
  
  -----------------------------------------------
  Total    Average    Std. Dev.    Min      Max
  -----------------------------------------------
  0.809     0.000       0.000      0.000    0.000
  -----------------------------------------------
  
  
  Clock DAG net violations at end of CTS:
  =======================================
  
  None
  
  
  Clock DAG primary half-corner transition distribution at end of CTS:
  ====================================================================
  
  ---------------------------------------------------------------------------------------------------------------------------------------------------------------
  Net Type    Target    Count    Average    Std. Dev.    Min      Max      Distribution                                                               Over Target
  ---------------------------------------------------------------------------------------------------------------------------------------------------------------
  Trunk       0.100       1       0.014       0.000      0.014    0.014    {1 <= 0.060ns, 0 <= 0.080ns, 0 <= 0.090ns, 0 <= 0.095ns, 0 <= 0.100ns}          -
  Leaf        0.100      35       0.077       0.002      0.072    0.081    {0 <= 0.060ns, 32 <= 0.080ns, 3 <= 0.090ns, 0 <= 0.095ns, 0 <= 0.100ns}         -
  ---------------------------------------------------------------------------------------------------------------------------------------------------------------
  
  
  Clock DAG library cell distribution at end of CTS:
  ==================================================
  
  ------------------------------------------
  Name         Type      Inst     Inst Area 
                         Count    (um^2)
  ------------------------------------------
  CLKBUFX12    buffer     35       179.550
  ------------------------------------------
  
  
  Primary reporting skew groups summary at end of CTS:
  ====================================================
  
  ----------------------------------------------------------------------------------------------------------------------------------------------------------------------------
  Half-corner                         Skew Group    Min ID    Max ID    Skew     Skew target    Wire skew    Worst sink skew    Average ID    Std.Dev    Skew window occupancy
  ----------------------------------------------------------------------------------------------------------------------------------------------------------------------------
  nbit_stack_delayCorner:both.late    clk/common    0.076     0.088     0.012       0.730         0.009           0.002           0.083        0.003     100% {0.076, 0.088}
  ----------------------------------------------------------------------------------------------------------------------------------------------------------------------------
  
  
  Skew group summary at end of CTS:
  =================================
  
  ----------------------------------------------------------------------------------------------------------------------------------------------------------------------------
  Half-corner                         Skew Group    Min ID    Max ID    Skew     Skew target    Wire skew    Worst sink skew    Average ID    Std.Dev    Skew window occupancy
  ----------------------------------------------------------------------------------------------------------------------------------------------------------------------------
  nbit_stack_delayCorner:both.late    clk/common    0.076     0.088     0.012       0.730         0.009           0.002           0.083        0.003     100% {0.076, 0.088}
  ----------------------------------------------------------------------------------------------------------------------------------------------------------------------------
  
  
  Found a total of 0 clock tree pins with a slew violation.
  
  Post-balance tidy up or trial balance steps done. (took cpu=0:00:00.0 real=0:00:00.0)
Synthesizing clock trees done.
Tidy Up And Update Timing...
External - Set all clocks to propagated mode...
Innovus updating I/O latencies
AAE_INFO: opIsDesignInPostRouteState() is 0
#################################################################################
# Design Stage: PreRoute
# Design Name: nbit_stack
# Design Mode: 90nm
# Analysis Mode: MMMC Non-OCV 
# Parasitics Mode: No SPEF/RCDB 
# Signoff Settings: SI Off 
#################################################################################
Start delay calculation (fullDC) (1 T). (MEM=2706.55)
Total number of fetched objects 24494
AAE_INFO: Total number of nets for which stage creation was skipped for all views 0
End delay calculation. (MEM=2738.38 CPU=0:00:00.2 REAL=0:00:00.0)
End delay calculation (fullDC). (MEM=2738.38 CPU=0:00:00.5 REAL=0:00:01.0)
	Clock: clk, View: nbit_stack_view_hold, Ideal Latency: 0, Propagated Latency: 0.0817972
	 Executing: set_clock_latency -source -early -max -rise -0.0817972 [get_pins clk]
	Clock: clk, View: nbit_stack_view_hold, Ideal Latency: 0, Propagated Latency: 0.0817972
	 Executing: set_clock_latency -source -late -max -rise -0.0817972 [get_pins clk]
	Clock: clk, View: nbit_stack_view_hold, Ideal Latency: 0, Propagated Latency: 0.0841187
	 Executing: set_clock_latency -source -early -max -fall -0.0841187 [get_pins clk]
	Clock: clk, View: nbit_stack_view_hold, Ideal Latency: 0, Propagated Latency: 0.0841187
	 Executing: set_clock_latency -source -late -max -fall -0.0841187 [get_pins clk]
	Clock: clk, View: nbit_stack_view_setup, Ideal Latency: 0, Propagated Latency: 0.0825314
	 Executing: set_clock_latency -source -early -max -rise -0.0825314 [get_pins clk]
	Clock: clk, View: nbit_stack_view_setup, Ideal Latency: 0, Propagated Latency: 0.0825314
	 Executing: set_clock_latency -source -late -max -rise -0.0825314 [get_pins clk]
	Clock: clk, View: nbit_stack_view_setup, Ideal Latency: 0, Propagated Latency: 0.084781
	 Executing: set_clock_latency -source -early -max -fall -0.084781 [get_pins clk]
	Clock: clk, View: nbit_stack_view_setup, Ideal Latency: 0, Propagated Latency: 0.084781
	 Executing: set_clock_latency -source -late -max -fall -0.084781 [get_pins clk]
Setting all clocks to propagated mode.
External - Set all clocks to propagated mode done. (took cpu=0:00:01.3 real=0:00:01.3)
Clock DAG stats after update timingGraph:
  cell counts      : b=35, i=0, icg=0, dcg=0, l=0, total=35
  sink counts      : regular=3444, enable_latch=0, load_capacitance=0, antenna=0, node_sink=0, total=3444
  misc counts      : r=1, pp=0
  cell areas       : b=179.550um^2, i=0.000um^2, icg=0.000um^2, dcg=0.000um^2, l=0.000um^2, total=179.550um^2
  cell capacitance : b=0.047pF, i=0.000pF, icg=0.000pF, dcg=0.000pF, l=0.000pF, total=0.047pF
  sink capacitance : total=0.809pF, avg=0.000pF, sd=0.000pF, min=0.000pF, max=0.000pF
  wire capacitance : top=0.000pF, trunk=0.071pF, leaf=0.986pF, total=1.057pF
  wire lengths     : top=0.000um, trunk=1030.475um, leaf=13144.290um, total=14174.765um
  hp wire lengths  : top=0.000um, trunk=0.000um, leaf=3043.830um, total=3043.830um
Clock DAG net violations after update timingGraph: none
Clock DAG primary half-corner transition distribution after update timingGraph:
  Trunk : target=0.100ns count=1 avg=0.014ns sd=0.000ns min=0.014ns max=0.014ns {1 <= 0.060ns, 0 <= 0.080ns, 0 <= 0.090ns, 0 <= 0.095ns, 0 <= 0.100ns}
  Leaf  : target=0.100ns count=35 avg=0.077ns sd=0.002ns min=0.072ns max=0.081ns {0 <= 0.060ns, 32 <= 0.080ns, 3 <= 0.090ns, 0 <= 0.095ns, 0 <= 0.100ns}
Clock DAG library cell distribution after update timingGraph {count}:
   Bufs: CLKBUFX12: 35 
Primary reporting skew groups after update timingGraph:
  skew_group clk/common: insertion delay [min=0.076, max=0.088, avg=0.083, sd=0.003], skew [0.012 vs 0.730], 100% {0.076, 0.088} (wid=0.011 ws=0.009) (gid=0.079 gs=0.005)
Skew group summary after update timingGraph:
  skew_group clk/common: insertion delay [min=0.076, max=0.088, avg=0.083, sd=0.003], skew [0.012 vs 0.730], 100% {0.076, 0.088} (wid=0.011 ws=0.009) (gid=0.079 gs=0.005)
Logging CTS constraint violations...
  No violations found.
Logging CTS constraint violations done.
Tidy Up And Update Timing done. (took cpu=0:00:01.3 real=0:00:01.3)
Runtime done. (took cpu=0:00:17.5 real=0:00:17.5)
Runtime Summary
===============
Clock Runtime:  (41%) Core CTS           7.26 (Init 0.57, Construction 1.21, Implementation 4.53, eGRPC 0.35, PostConditioning 0.25, Other 0.36)
Clock Runtime:  (46%) CTS services       8.05 (RefinePlace 0.64, EarlyGlobalClock 0.36, NanoRoute 6.86, ExtractRC 0.19, TimingAnalysis 0.00)
Clock Runtime:  (12%) Other CTS          2.19 (Init 0.38, CongRepair/EGR-DP 0.50, TimingUpdate 1.31, Other 0.00)
Clock Runtime: (100%) Total             17.50

Leaving CCOpt scope - Cleaning up placement interface...
Leaving CCOpt scope - Cleaning up placement interface done. (took cpu=0:00:00.0 real=0:00:00.0)
*** CTS #1 [finish] (ccopt_design #1) : cpu/real = 0:00:17.4/0:00:17.4 (1.0), totSession cpu/real = 0:01:14.3/0:02:35.4 (0.5), mem = 2613.2M
Synthesizing clock trees with CCOpt done.
**WARN: (IMPSP-9025):	No scan chain specified/traced.
Type 'man IMPSP-9025' for more detail.
**optDesign ... cpu = 0:00:00, real = 0:00:00, mem = 1997.9M, totSessionCpu=0:01:14 **
GigaOpt running with 1 threads.
*** InitOpt #1 [begin] (ccopt_design #1) : totSession cpu/real = 0:01:14.3/0:02:35.4 (0.5), mem = 2609.2M
**INFO: setDesignMode -flowEffort standard -> setting 'setOptMode -allEndPoints true' for the duration of this command.
Need call spDPlaceInit before registerPrioInstLoc.
**optDesign ... cpu = 0:00:00, real = 0:00:00, mem = 2023.5M, totSessionCpu=0:01:15 **
*** optDesign -postCTS ***
DRC Margin: user margin 0.0; extra margin 0.2
Hold Target Slack: user slack 0
Setup Target Slack: user slack 0; extra slack 0.0
setUsefulSkewMode -ecoRoute false
No user sequential activity specified, applying default sequential activity of "0.2" for Dynamic Power reporting.
'set_default_switching_activity' finished successfully.
Multi-VT timing optimization disabled based on library information.
**WARN: (IMPOPT-3532):	No usable buffer has been found. It could be that there are no buffers defined
in the libraries or all buffers are set as dont-use. Ensure that all required
libraries have been loaded & check the dont-use settings for buffer cells.Type 'man IMPOPT-3532' for more detail.
Start to check current routing status for nets...
All nets are already routed correctly.
End to check current routing status for nets (mem=2635.3M)

Footprint cell information for calculating maxBufDist
*info: There are 0 candidate Buffer cell
*info: There are 1 candidate Inverter cell
**WARN: (IMPOPT-3535):	OptDesign command could not find any buffers which could be used for optimization. It could be that
a) There are no buffers in libraries (Ensure that all required libraries have been loaded) OR 
b) All buffers are set as dont use (Check the dont use settings for buffer cells within the libraries).
Type 'man IMPOPT-3535' for more detail.

Compute RC Scale Done ...
Starting delay calculation for Setup views
AAE_INFO: opIsDesignInPostRouteState() is 0
#################################################################################
# Design Stage: PreRoute
# Design Name: nbit_stack
# Design Mode: 90nm
# Analysis Mode: MMMC Non-OCV 
# Parasitics Mode: No SPEF/RCDB 
# Signoff Settings: SI Off 
#################################################################################
Calculate delays in Single mode...
Start delay calculation (fullDC) (1 T). (MEM=2754.58)
Total number of fetched objects 24494
AAE_INFO: Total number of nets for which stage creation was skipped for all views 0
End delay calculation. (MEM=2750.09 CPU=0:00:00.7 REAL=0:00:01.0)
End delay calculation (fullDC). (MEM=2750.09 CPU=0:00:00.9 REAL=0:00:01.0)
*** Done Building Timing Graph (cpu=0:00:01.2 real=0:00:01.0 totSessionCpu=0:01:16 mem=2750.1M)

------------------------------------------------------------------
             Initial Summary
------------------------------------------------------------------

Setup views included:
 nbit_stack_view_setup 

+--------------------+---------+---------+---------+
|     Setup mode     |   all   | reg2reg | default |
+--------------------+---------+---------+---------+
|           WNS (ns):| -3.048  | -3.048  | -1.705  |
|           TNS (ns):| -3570.1 | -3570.1 | -2491.8 |
|    Violating Paths:|  3436   |  3436   |  3404   |
|          All Paths:|  3488   |  3444   |  3488   |
+--------------------+---------+---------+---------+

+----------------+-------------------------------+------------------+
|                |              Real             |       Total      |
|    DRVs        +------------------+------------+------------------|
|                |  Nr nets(terms)  | Worst Vio  |  Nr nets(terms)  |
+----------------+------------------+------------+------------------+
|   max_cap      |      0 (0)       |   0.000    |      0 (0)       |
|   max_tran     |    387 (8555)    |   -2.083   |    387 (8581)    |
|   max_fanout   |      0 (0)       |     0      |      0 (0)       |
|   max_length   |      0 (0)       |     0      |      0 (0)       |
+----------------+------------------+------------+------------------+

Density: 71.003%
------------------------------------------------------------------
**optDesign ... cpu = 0:00:02, real = 0:00:02, mem = 2092.8M, totSessionCpu=0:01:17 **
*** InitOpt #1 [finish] (ccopt_design #1) : cpu/real = 0:00:02.4/0:00:02.4 (1.0), totSession cpu/real = 0:01:16.7/0:02:37.8 (0.5), mem = 2704.1M
** INFO : this run is activating low effort ccoptDesign flow
OPTC: m1 20.0 20.0
#optDebug: fT-E <X 2 0 0 1>
-congRepairInPostCTS false                 # bool, default=false, private
GigaOpt Checkpoint: Internal congRefineRouteType -postCTS -congThreshold 0.001 -rescheduleForCongestion -resetVeryShortNets -resetShortNets -useSpineBased -rescheduleForAdherence -minSlack 330.0
Begin: GigaOpt Route Type Constraints Refinement
*** CongRefineRouteType #1 [begin] (ccopt_design #1) : totSession cpu/real = 0:01:17.0/0:02:38.1 (0.5), mem = 2705.1M
Updated routing constraints on 0 nets.
Bottom Preferred Layer:
+---------------+------------+----------+
|     Layer     |    CLK     |   Rule   |
+---------------+------------+----------+
| Metal3 (z=3)  |         36 | default  |
+---------------+------------+----------+
Via Pillar Rule:
    None
*** CongRefineRouteType #1 [finish] (ccopt_design #1) : cpu/real = 0:00:00.0/0:00:00.0 (1.0), totSession cpu/real = 0:01:17.0/0:02:38.2 (0.5), mem = 2705.1M
End: GigaOpt Route Type Constraints Refinement
*** SimplifyNetlist #1 [begin] (ccopt_design #1) : totSession cpu/real = 0:01:17.0/0:02:38.2 (0.5), mem = 2706.1M
Info: 36 nets with fixed/cover wires excluded.
Info: 36 clock nets excluded from IPO operation.
Usable buffer cells for single buffer setup transform:

Number of usable buffer cells above: 0

Netlist preparation processing... 
Removed 0 instance
*info: Marking 0 isolation instances dont touch
*info: Marking 0 level shifter instances dont touch
*** SimplifyNetlist #1 [finish] (ccopt_design #1) : cpu/real = 0:00:00.2/0:00:00.2 (1.0), totSession cpu/real = 0:01:17.2/0:02:38.4 (0.5), mem = 2722.3M
*** Starting optimizing excluded clock nets MEM= 2722.3M) ***
*info: No excluded clock nets to be optimized.
*** Finished optimizing excluded clock nets (CPU Time= 0:00:00.0  MEM= 2722.3M) ***
*** Starting optimizing excluded clock nets MEM= 2722.3M) ***
*info: No excluded clock nets to be optimized.
*** Finished optimizing excluded clock nets (CPU Time= 0:00:00.0  MEM= 2722.3M) ***
Info: Done creating the CCOpt slew target map.
Begin: GigaOpt high fanout net optimization
GigaOpt HFN: use maxLocalDensity 1.2
GigaOpt Checkpoint: Internal optDRV -useLevelizedBufferTreeOnly -auxMaxFanoutCountLimit 500 -largeScaleFixing -maxIter 1 -maxLocalDensity 1.2 -numThreads 1 -postCTS -preRouteDontEndWithRefinePlaceIncrSteinerRouteDC
*** DrvOpt #1 [begin] (ccopt_design #1) : totSession cpu/real = 0:01:17.3/0:02:38.4 (0.5), mem = 2722.3M
Info: 36 nets with fixed/cover wires excluded.
Info: 36 clock nets excluded from IPO operation.
+---------+---------+--------+---------+------------+--------+
| Density | Commits |  WNS   |   TNS   |    Real    |  Mem   |
+---------+---------+--------+---------+------------+--------+
|   71.00%|        -|  -3.048|-3570.130|   0:00:00.0| 2779.6M|
|   71.31%|      268|  -3.048|-3571.253|   0:00:01.0| 2810.2M|
+---------+---------+--------+---------+------------+--------+

*** Finish post-CTS High Fanout Net Fixing (cpu=0:00:00.4 real=0:00:01.0 mem=2810.2M) ***
*** DrvOpt #1 [finish] (ccopt_design #1) : cpu/real = 0:00:00.8/0:00:00.8 (1.0), totSession cpu/real = 0:01:18.0/0:02:39.2 (0.5), mem = 2727.1M
GigaOpt HFN: restore maxLocalDensity to 0.98
End: GigaOpt high fanout net optimization
Begin: GigaOpt DRV Optimization
GigaOpt Checkpoint: Internal optDRV -max_tran -max_cap -maxLocalDensity 0.98 -numThreads 1 -smallScaleFixing -maxIter 3 -setupTNSCostFactor 3.0 -postCTS
*** DrvOpt #2 [begin] (ccopt_design #1) : totSession cpu/real = 0:01:18.2/0:02:39.4 (0.5), mem = 2727.1M
Info: 36 nets with fixed/cover wires excluded.
Info: 36 clock nets excluded from IPO operation.
+-------------------------------------------------------------------------------------------------------------------------------------------------------+
|        max-tran       |        max-cap        |  max-fanout |  max-length |       setup       |        |        |        |       |          |         |
+-------------------------------------------------------------------------------------------------------------------------------------------------------+
| nets | terms|  wViol  | nets | terms|  wViol  | nets | terms| nets | terms|   WNS   |   TNS   |  #Buf  |  #Inv  | #Resize|Density|   Real   |   Mem   |
+-------------------------------------------------------------------------------------------------------------------------------------------------------+
|  1245| 11210|    -2.14|     0|     0|     0.00|     0|     0|     0|     0|    -3.05| -3571.25|       0|       0|       0| 71.31%|          |         |
|    65|   419|    -0.23|     0|     0|     0.00|     0|     0|     0|     0|    -2.03| -1835.49|       0|    2846|       0| 74.53%| 0:00:04.0|  2869.7M|
|    44|   367|    -0.13|     0|     0|     0.00|     0|     0|     0|     0|    -2.03| -1834.51|       0|      43|       0| 74.58%| 0:00:00.0|  2869.7M|
|    41|   352|    -0.13|     0|     0|     0.00|     0|     0|     0|     0|    -2.03| -1834.51|       0|       6|       0| 74.59%| 0:00:00.0|  2869.7M|
+-------------------------------------------------------------------------------------------------------------------------------------------------------+


=======================================================================
                Reasons for remaining drv violations
=======================================================================
*info: Total 41 net(s) have violations which can't be fixed by DRV optimization.

MultiBuffering failure reasons
------------------------------------------------
*info:    41 net(s): Could not be fixed because the gain is not enough.


*** Finish DRV Fixing (cpu=0:00:03.7 real=0:00:04.0 mem=2869.7M) ***

*** Starting refinePlace (0:01:22 mem=2823.7M) ***
Total net bbox length = 2.675e+05 (1.361e+05 1.314e+05) (ext = 1.783e+03)
Move report: Detail placement moves 6062 insts, mean move: 0.36 um, max move: 3.11 um 
	Max move on inst (FE_OFC2323_n_26134): (125.80, 214.32) --> (124.40, 212.61)
	Runtime: CPU: 0:00:00.3 REAL: 0:00:00.0 MEM: 2814.4MB
Summary Report:
Instances move: 6062 (out of 27609 movable)
Instances flipped: 0
Mean displacement: 0.36 um
Max displacement: 3.11 um (Instance: FE_OFC2323_n_26134) (125.8, 214.32) -> (124.4, 212.61)
	Length: 2 sites, height: 1 rows, site name: CoreSite, cell type: INVX1
Total net bbox length = 2.683e+05 (1.367e+05 1.316e+05) (ext = 1.785e+03)
Runtime: CPU: 0:00:00.3 REAL: 0:00:00.0 MEM: 2814.4MB
*** Finished refinePlace (0:01:23 mem=2814.4M) ***
*** maximum move = 3.11 um ***
*** Finished re-routing un-routed nets (2811.4M) ***

*** Finish Physical Update (cpu=0:00:00.5 real=0:00:00.0 mem=2828.4M) ***
*** DrvOpt #2 [finish] (ccopt_design #1) : cpu/real = 0:00:04.5/0:00:04.6 (1.0), totSession cpu/real = 0:01:22.8/0:02:43.9 (0.5), mem = 2744.3M
End: GigaOpt DRV Optimization
GigaOpt DRV: restore maxLocalDensity to 0.98
**optDesign ... cpu = 0:00:09, real = 0:00:09, mem = 2108.5M, totSessionCpu=0:01:23 **
Begin: GigaOpt Global Optimization
*info: use new DP (enabled)
GigaOpt Checkpoint: Internal globalOpt -maxLocalDensity 1.2 -numThreads 1 -postCTS -preRouteDontEndWithRefinePlaceIncrSteinerRouteDC -enableHighLayerOpt -maxIter 50 -maxIterForLEPG 50
Info: 36 nets with fixed/cover wires excluded.
Info: 36 clock nets excluded from IPO operation.
*** GlobalOpt #1 [begin] (ccopt_design #1) : totSession cpu/real = 0:01:22.8/0:02:44.0 (0.5), mem = 2744.3M
*info: 36 clock nets excluded
*info: 36 nets with fixed/cover wires excluded.
** GigaOpt Global Opt WNS Slack -2.028  TNS Slack -1834.509 
+--------+---------+---------+------------+--------+---------------------+---------+-----------------------------+
|  WNS   |   TNS   | Density |    Real    |  Mem   |     Worst View      |Pathgroup|          End Point          |
+--------+---------+---------+------------+--------+---------------------+---------+-----------------------------+
|  -2.028|-1834.509|   74.59%|   0:00:00.0| 2801.5M|nbit_stack_view_setup|  reg2reg| data_out_reg[2]/D           |
|  -2.028|-1823.806|   74.43%|   0:00:03.0| 2875.7M|nbit_stack_view_setup|  reg2reg| data_out_reg[2]/D           |
|  -2.028|-1823.806|   74.43%|   0:00:01.0| 2886.2M|nbit_stack_view_setup|  reg2reg| data_out_reg[2]/D           |
|  -2.028|-1823.806|   74.43%|   0:00:00.0| 2896.7M|nbit_stack_view_setup|  reg2reg| data_out_reg[2]/D           |
|  -2.028|-1823.806|   74.43%|   0:00:00.0| 2896.7M|nbit_stack_view_setup|  reg2reg| data_out_reg[2]/D           |
|  -2.028|-1752.964|   74.25%|   0:00:04.0| 2915.8M|nbit_stack_view_setup|  reg2reg| data_out_reg[2]/D           |
|  -2.028|-1752.964|   74.25%|   0:00:00.0| 2915.8M|nbit_stack_view_setup|  reg2reg| data_out_reg[2]/D           |
|  -2.028|-1752.964|   74.25%|   0:00:00.0| 2915.8M|nbit_stack_view_setup|  reg2reg| data_out_reg[2]/D           |
|  -2.028|-1752.964|   74.25%|   0:00:01.0| 2915.8M|nbit_stack_view_setup|  reg2reg| data_out_reg[2]/D           |
|  -1.853|-1673.437|   74.00%|   0:00:02.0| 2915.8M|nbit_stack_view_setup|  reg2reg| data_out_reg[0]/D           |
|  -1.853|-1673.437|   74.00%|   0:00:00.0| 2915.8M|nbit_stack_view_setup|  reg2reg| data_out_reg[0]/D           |
|  -1.853|-1673.437|   74.00%|   0:00:00.0| 2915.8M|nbit_stack_view_setup|  reg2reg| data_out_reg[0]/D           |
|  -1.853|-1673.437|   74.00%|   0:00:01.0| 2915.8M|nbit_stack_view_setup|  reg2reg| data_out_reg[0]/D           |
|  -1.839|-1666.995|   73.91%|   0:00:01.0| 2915.8M|nbit_stack_view_setup|  reg2reg| data_out_reg[2]/D           |
|  -1.839|-1666.995|   73.91%|   0:00:00.0| 2915.8M|nbit_stack_view_setup|  reg2reg| data_out_reg[2]/D           |
|  -1.839|-1666.995|   73.91%|   0:00:01.0| 2915.8M|nbit_stack_view_setup|  reg2reg| data_out_reg[2]/D           |
|  -1.839|-1666.995|   73.91%|   0:00:00.0| 2915.8M|nbit_stack_view_setup|  reg2reg| data_out_reg[2]/D           |
+--------+---------+---------+------------+--------+---------------------+---------+-----------------------------+

*** Finish post-CTS Global Setup Fixing (cpu=0:00:14.0 real=0:00:14.0 mem=2915.8M) ***

*** Finish post-CTS Setup Fixing (cpu=0:00:14.0 real=0:00:14.0 mem=2915.8M) ***
** GigaOpt Global Opt End WNS Slack -1.839  TNS Slack -1666.995 
*** GlobalOpt #1 [finish] (ccopt_design #1) : cpu/real = 0:00:14.4/0:00:14.4 (1.0), totSession cpu/real = 0:01:37.2/0:02:58.4 (0.5), mem = 2778.7M
End: GigaOpt Global Optimization
*** Timing NOT met, worst failing slack is -1.839
*** Check timing (0:00:00.0)
GigaOpt Checkpoint: Internal reclaim -numThreads 1 -postCTS -doRemoveUselessTerm -tgtSlackMult 3 -routeType -noRouteTypeResizePolish -noViewPrune -weedwhack -nonLegal -nativePathGroupFlow
Info: 36 nets with fixed/cover wires excluded.
Info: 36 clock nets excluded from IPO operation.
Begin: Area Reclaim Optimization
*** AreaOpt #1 [begin] (ccopt_design #1) : totSession cpu/real = 0:01:37.3/0:02:58.5 (0.5), mem = 2835.9M
Usable buffer cells for single buffer setup transform:

Number of usable buffer cells above: 0
Reclaim Optimization WNS Slack -1.839  TNS Slack -1666.995 Density 73.91
+---------+---------+--------+---------+------------+--------+
| Density | Commits |  WNS   |   TNS   |    Real    |  Mem   |
+---------+---------+--------+---------+------------+--------+
|   73.91%|        -|  -1.839|-1666.995|   0:00:00.0| 2837.9M|
|   73.91%|        0|  -1.839|-1666.995|   0:00:01.0| 2837.9M|
|   73.91%|        0|  -1.839|-1666.995|   0:00:00.0| 2837.9M|
|   73.83%|       59|  -1.839|-1666.939|   0:00:01.0| 2861.5M|
|   73.83%|        0|  -1.839|-1666.939|   0:00:00.0| 2861.5M|
|   73.83%|        0|  -1.839|-1666.939|   0:00:00.0| 2861.5M|
+---------+---------+--------+---------+------------+--------+
Reclaim Optimization End WNS Slack -1.839  TNS Slack -1666.939 Density 73.83

Number of times islegalLocAvaiable called = 0 skipped = 0, called in commitmove = 0, skipped in commitmove = 0
End: Core Area Reclaim Optimization (cpu = 0:00:01.8) (real = 0:00:02.0) **
*** AreaOpt #1 [finish] (ccopt_design #1) : cpu/real = 0:00:01.8/0:00:01.8 (1.0), totSession cpu/real = 0:01:39.2/0:03:00.3 (0.5), mem = 2861.5M
Executing incremental physical updates
Executing incremental physical updates
End: Area Reclaim Optimization (cpu=0:00:02, real=0:00:02, mem=2781.45M, totSessionCpu=0:01:39).
Begin: GigaOpt DRV Optimization
GigaOpt Checkpoint: Internal optDRV -max_tran -max_cap -maxLocalDensity 0.98 -numThreads 1 -smallScaleFixing -maxIter 3 -setupTNSCostFactor 3.0 -postCTS
*** DrvOpt #3 [begin] (ccopt_design #1) : totSession cpu/real = 0:01:39.3/0:03:00.5 (0.6), mem = 2781.4M
Info: 36 nets with fixed/cover wires excluded.
Info: 36 clock nets excluded from IPO operation.
+-------------------------------------------------------------------------------------------------------------------------------------------------------+
|        max-tran       |        max-cap        |  max-fanout |  max-length |       setup       |        |        |        |       |          |         |
+-------------------------------------------------------------------------------------------------------------------------------------------------------+
| nets | terms|  wViol  | nets | terms|  wViol  | nets | terms| nets | terms|   WNS   |   TNS   |  #Buf  |  #Inv  | #Resize|Density|   Real   |   Mem   |
+-------------------------------------------------------------------------------------------------------------------------------------------------------+
|    46|   388|    -0.13|     0|     0|     0.00|     0|     0|     0|     0|    -1.84| -1666.94|       0|       0|       0| 73.83%|          |         |
|    34|   235|    -0.13|     0|     0|     0.00|     0|     0|     0|     0|    -1.84| -1665.75|       0|      34|       0| 73.87%| 0:00:00.0|  2865.8M|
|    34|   235|    -0.13|     0|     0|     0.00|     0|     0|     0|     0|    -1.84| -1665.75|       0|       0|       0| 73.87%| 0:00:00.0|  2865.8M|
+-------------------------------------------------------------------------------------------------------------------------------------------------------+


=======================================================================
                Reasons for remaining drv violations
=======================================================================
*info: Total 34 net(s) have violations which can't be fixed by DRV optimization.

MultiBuffering failure reasons
------------------------------------------------
*info:    34 net(s): Could not be fixed because the gain is not enough.


*** Finish DRV Fixing (cpu=0:00:00.4 real=0:00:01.0 mem=2865.8M) ***

*** Starting refinePlace (0:01:40 mem=2865.8M) ***
Total net bbox length = 2.720e+05 (1.388e+05 1.332e+05) (ext = 1.790e+03)
Move report: Detail placement moves 1872 insts, mean move: 0.38 um, max move: 2.71 um 
	Max move on inst (FE_OFC4000_n): (169.40, 31.35) --> (170.40, 33.06)
	Runtime: CPU: 0:00:00.2 REAL: 0:00:00.0 MEM: 2855.4MB
Summary Report:
Instances move: 1872 (out of 26973 movable)
Instances flipped: 0
Mean displacement: 0.38 um
Max displacement: 2.71 um (Instance: FE_OFC4000_n) (169.4, 31.35) -> (170.4, 33.06)
	Length: 2 sites, height: 1 rows, site name: CoreSite, cell type: INVX1
Total net bbox length = 2.723e+05 (1.391e+05 1.332e+05) (ext = 1.790e+03)
Runtime: CPU: 0:00:00.3 REAL: 0:00:00.0 MEM: 2855.4MB
*** Finished refinePlace (0:01:40 mem=2855.4M) ***
*** maximum move = 2.71 um ***
*** Finished re-routing un-routed nets (2849.4M) ***

*** Finish Physical Update (cpu=0:00:00.5 real=0:00:00.0 mem=2865.4M) ***
*** DrvOpt #3 [finish] (ccopt_design #1) : cpu/real = 0:00:01.2/0:00:01.2 (1.0), totSession cpu/real = 0:01:40.5/0:03:01.7 (0.6), mem = 2784.3M
End: GigaOpt DRV Optimization
GigaOpt DRV: restore maxLocalDensity to 0.98

------------------------------------------------------------------
     Summary (cpu=0.02min real=0.02min mem=2784.3M)
------------------------------------------------------------------

Setup views included:
 nbit_stack_view_setup 

+--------------------+---------+---------+---------+
|     Setup mode     |   all   | reg2reg | default |
+--------------------+---------+---------+---------+
|           WNS (ns):| -1.839  | -1.839  | -0.948  |
|           TNS (ns):| -1665.8 | -1665.6 |-710.435 |
|    Violating Paths:|  3436   |  3436   |  3043   |
|          All Paths:|  3488   |  3444   |  3488   |
+--------------------+---------+---------+---------+

+----------------+-------------------------------+------------------+
|                |              Real             |       Total      |
|    DRVs        +------------------+------------+------------------|
|                |  Nr nets(terms)  | Worst Vio  |  Nr nets(terms)  |
+----------------+------------------+------------+------------------+
|   max_cap      |      0 (0)       |   0.000    |      0 (0)       |
|   max_tran     |     11 (78)      |   -0.071   |     11 (78)      |
|   max_fanout   |      0 (0)       |     0      |      0 (0)       |
|   max_length   |      0 (0)       |     0      |      0 (0)       |
+----------------+------------------+------------+------------------+

Density: 73.867%
Routing Overflow: 0.00% H and 0.00% V
------------------------------------------------------------------
**optDesign ... cpu = 0:00:26, real = 0:00:27, mem = 2142.2M, totSessionCpu=0:01:41 **

Active setup views:
 nbit_stack_view_setup
  Dominating endpoints: 0
  Dominating TNS: -0.000

Begin: GigaOpt Optimization in WNS mode
GigaOpt Checkpoint: Internal optTiming -maxLocalDensity 1.0 -maxLocalDensityForHardenOpt 0.92 -numThreads 1 -postCTS -wtns -integratedAreaOpt -pgMode all -ipoTgtSlackCoef 1.5 -effTgtSlackCoef 1 -nativePathGroupFlow -NDROptEffortAuto -usefulSkew -nonLegalPlaceEcoBumpRecoveryInWNSOpt
Info: 36 nets with fixed/cover wires excluded.
Info: 36 clock nets excluded from IPO operation.
*** WnsOpt #1 [begin] (ccopt_design #1) : totSession cpu/real = 0:01:40.8/0:03:02.0 (0.6), mem = 2822.6M
*info: 36 clock nets excluded
*info: 36 nets with fixed/cover wires excluded.
** GigaOpt Optimizer WNS Slack -1.839 TNS Slack -1665.750 Density 73.87
OptDebug: Start of Optimizer WNS Pass 0:
+----------+------+---------+
|Path Group|   WNS|      TNS|
+----------+------+---------+
|default   |-0.948| -710.379|
|reg2reg   |-1.839|-1665.623|
|HEPG      |-1.839|-1665.623|
|All Paths |-1.839|-1665.750|
+----------+------+---------+

CCOptDebug: Start of Optimizer WNS Pass 0: reg2reg* WNS -1.839ns TNS -1665.623ns; HEPG WNS -1.839ns TNS -1665.623ns; all paths WNS -1.839ns TNS -1665.750ns; Real time 0:00:45.0
Active Path Group: reg2reg  
+--------+---------+---------+---------+---------+------------+--------+---------------------+---------+-----------------------------+
|  WNS   | All WNS |   TNS   | All TNS | Density |    Real    |  Mem   |     Worst View      |Pathgroup|          End Point          |
+--------+---------+---------+---------+---------+------------+--------+---------------------+---------+-----------------------------+
|  -1.839|   -1.839|-1665.623|-1665.750|   73.87%|   0:00:00.0| 2841.7M|nbit_stack_view_setup|  reg2reg| data_out_reg[2]/D           |
|  -1.721|   -1.721|-1664.973|-1665.100|   73.91%|   0:00:00.0| 2885.9M|nbit_stack_view_setup|  reg2reg| data_out_reg[1]/D           |
|  -1.619|   -1.619|-1664.745|-1664.872|   73.98%|   0:00:01.0| 2885.9M|nbit_stack_view_setup|  reg2reg| data_out_reg[2]/D           |
|  -1.533|   -1.533|-1664.292|-1664.419|   74.15%|   0:00:00.0| 2885.9M|nbit_stack_view_setup|  reg2reg| data_out_reg[1]/D           |
|  -1.489|   -1.489|-1664.227|-1664.354|   74.18%|   0:00:01.0| 3006.9M|nbit_stack_view_setup|  reg2reg| data_out_reg[1]/D           |
|  -1.416|   -1.416|-1664.085|-1664.213|   74.22%|   0:00:01.0| 3006.9M|nbit_stack_view_setup|  reg2reg| data_out_reg[1]/D           |
|  -1.356|   -1.356|-1662.402|-1662.529|   74.28%|   0:00:00.0| 3006.9M|nbit_stack_view_setup|  reg2reg| data_out_reg[3]/D           |
|  -1.326|   -1.326|-1635.946|-1636.093|   74.34%|   0:00:02.0| 3006.9M|nbit_stack_view_setup|  reg2reg| data_out_reg[1]/D           |
|  -1.282|   -1.282|-1630.493|-1630.643|   74.40%|   0:00:02.0| 3265.9M|nbit_stack_view_setup|  reg2reg| data_out_reg[1]/D           |
|  -1.234|   -1.234|-1630.284|-1630.435|   74.51%|   0:00:02.0| 3265.9M|nbit_stack_view_setup|  reg2reg| data_out_reg[1]/D           |
|  -1.160|   -1.160|-1621.695|-1621.854|   74.60%|   0:00:02.0| 3265.9M|nbit_stack_view_setup|  reg2reg| data_out_reg[1]/D           |
|  -1.144|   -1.144|-1621.009|-1621.168|   74.73%|   0:00:03.0| 3285.0M|nbit_stack_view_setup|  reg2reg| data_out_reg[1]/D           |
|  -1.105|   -1.105|-1621.404|-1621.563|   74.79%|   0:00:01.0| 3285.0M|nbit_stack_view_setup|  reg2reg| data_out_reg[1]/D           |
|  -1.084|   -1.084|-1581.436|-1581.672|   74.89%|   0:00:03.0| 3285.0M|nbit_stack_view_setup|  reg2reg| data_out_reg[2]/D           |
|  -1.057|   -1.057|-1579.331|-1579.570|   74.96%|   0:00:02.0| 3285.0M|nbit_stack_view_setup|  reg2reg| data_out_reg[0]/D           |
|  -1.056|   -1.056|-1577.138|-1577.376|   75.06%|   0:00:02.0| 3285.0M|nbit_stack_view_setup|  reg2reg| data_out_reg[1]/D           |
|  -1.044|   -1.044|-1577.113|-1577.351|   75.09%|   0:00:01.0| 3285.0M|nbit_stack_view_setup|  reg2reg| data_out_reg[0]/D           |
|  -1.032|   -1.032|-1584.821|-1585.054|   75.14%|   0:00:01.0| 3285.0M|nbit_stack_view_setup|  reg2reg| data_out_reg[3]/D           |
|  -1.024|   -1.024|-1592.881|-1593.100|   75.21%|   0:00:02.0| 3285.0M|nbit_stack_view_setup|  reg2reg| data_out_reg[3]/D           |
|  -1.008|   -1.008|-1577.129|-1577.368|   75.25%|   0:00:01.0| 3285.0M|nbit_stack_view_setup|  reg2reg| data_out_reg[2]/D           |
|  -0.992|   -0.992|-1573.505|-1573.757|   75.29%|   0:00:03.0| 3285.0M|nbit_stack_view_setup|  reg2reg| data_out_reg[1]/D           |
|  -0.983|   -0.983|-1572.021|-1572.238|   75.35%|   0:00:02.0| 3285.0M|nbit_stack_view_setup|  reg2reg| data_out_reg[3]/D           |
|  -0.979|   -0.979|-1554.226|-1554.465|   75.42%|   0:00:02.0| 3285.0M|nbit_stack_view_setup|  reg2reg| data_out_reg[3]/D           |
|  -0.979|   -0.979|-1536.004|-1536.261|   75.46%|   0:00:01.0| 3285.0M|nbit_stack_view_setup|  reg2reg| data_out_reg[3]/D           |
|  -0.975|   -0.975|-1536.004|-1536.261|   75.48%|   0:00:00.0| 3285.0M|nbit_stack_view_setup|  reg2reg| data_out_reg[3]/D           |
|  -0.975|   -0.975|-1502.416|-1502.706|   75.52%|   0:00:02.0| 3285.0M|nbit_stack_view_setup|  reg2reg| data_out_reg[3]/D           |
|  -0.972|   -0.972|-1491.782|-1492.077|   75.53%|   0:00:00.0| 3285.0M|nbit_stack_view_setup|  reg2reg| data_out_reg[0]/D           |
|  -0.964|   -0.964|-1491.749|-1492.044|   75.55%|   0:00:00.0| 3285.0M|nbit_stack_view_setup|  reg2reg| data_out_reg[1]/D           |
|  -0.963|   -0.963|-1491.718|-1492.012|   75.56%|   0:00:03.0| 3285.0M|nbit_stack_view_setup|  reg2reg| data_out_reg[2]/D           |
|  -0.956|   -0.956|-1491.708|-1492.003|   75.59%|   0:00:00.0| 3285.0M|nbit_stack_view_setup|  reg2reg| data_out_reg[1]/D           |
|  -0.953|   -0.953|-1491.697|-1491.991|   75.61%|   0:00:01.0| 3285.0M|nbit_stack_view_setup|  reg2reg| data_out_reg[1]/D           |
|  -0.944|   -0.944|-1491.689|-1491.984|   75.65%|   0:00:01.0| 3285.0M|nbit_stack_view_setup|  reg2reg| data_out_reg[1]/D           |
|  -0.942|   -0.942|-1491.666|-1491.961|   75.70%|   0:00:02.0| 3285.0M|nbit_stack_view_setup|  reg2reg| data_out_reg[2]/D           |
|  -0.942|   -0.942|-1491.663|-1491.957|   75.72%|   0:00:01.0| 3285.0M|nbit_stack_view_setup|  reg2reg| data_out_reg[2]/D           |
|  -0.942|   -0.942|-1477.348|-1477.653|   75.83%|   0:00:08.0| 3285.0M|nbit_stack_view_setup|  reg2reg| data_out_reg[2]/D           |
|  -0.942|   -0.942|-1474.277|-1474.583|   75.94%|   0:00:04.0| 3285.0M|nbit_stack_view_setup|  reg2reg| data_out_reg[2]/D           |
|  -0.942|   -0.942|-1474.275|-1474.580|   75.95%|   0:00:00.0| 3285.0M|nbit_stack_view_setup|  default| sp_reg[0]/Q                 |
|  -0.942|   -0.942|-1474.275|-1474.581|   75.96%|   0:00:00.0| 3285.0M|nbit_stack_view_setup|  reg2reg| data_out_reg[2]/D           |
+--------+---------+---------+---------+---------+------------+--------+---------------------+---------+-----------------------------+
skewClock sized 0 and inserted 29 insts
+--------+---------+---------+---------+---------+------------+--------+---------------------+---------+-----------------------------+
|  WNS   | All WNS |   TNS   | All TNS | Density |    Real    |  Mem   |     Worst View      |Pathgroup|          End Point          |
+--------+---------+---------+---------+---------+------------+--------+---------------------+---------+-----------------------------+
|  -0.886|   -0.886|-1339.148|-1339.453|   75.96%|   0:00:04.0| 3004.0M|nbit_stack_view_setup|  reg2reg| data_out_reg[1]/D           |
|  -0.885|   -0.885|-1339.143|-1339.448|   75.97%|   0:00:05.0| 3042.2M|nbit_stack_view_setup|  reg2reg| data_out_reg[1]/D           |
|  -0.885|   -0.885|-1336.452|-1336.758|   76.05%|   0:00:02.0| 3042.2M|nbit_stack_view_setup|  reg2reg| data_out_reg[1]/D           |
|  -0.885|   -0.885|-1327.903|-1328.208|   76.09%|   0:00:01.0| 3042.2M|nbit_stack_view_setup|  reg2reg| data_out_reg[1]/D           |
|  -0.885|   -0.885|-1327.903|-1328.208|   76.10%|   0:00:01.0| 3042.2M|nbit_stack_view_setup|  reg2reg| data_out_reg[1]/D           |
+--------+---------+---------+---------+---------+------------+--------+---------------------+---------+-----------------------------+
skewClock sized 0 and inserted 34 insts
+--------+---------+---------+---------+---------+------------+--------+---------------------+---------+-----------------------------+
|  WNS   | All WNS |   TNS   | All TNS | Density |    Real    |  Mem   |     Worst View      |Pathgroup|          End Point          |
+--------+---------+---------+---------+---------+------------+--------+---------------------+---------+-----------------------------+
|  -0.794|   -0.794|-1167.747|-1168.052|   76.10%|   0:00:02.0| 3004.2M|nbit_stack_view_setup|  reg2reg| data_out_reg[1]/D           |
|  -0.794|   -0.794|-1139.239|-1139.581|   76.11%|   0:00:03.0| 3004.2M|nbit_stack_view_setup|  reg2reg| data_out_reg[1]/D           |
|  -0.794|   -0.794|-1127.432|-1127.813|   76.11%|   0:00:00.0| 3004.2M|nbit_stack_view_setup|  reg2reg| data_out_reg[1]/D           |
|  -0.794|   -0.794|-1119.544|-1119.924|   76.14%|   0:00:01.0| 3006.4M|nbit_stack_view_setup|  reg2reg| data_out_reg[1]/D           |
|  -0.794|   -0.794|-1116.981|-1117.348|   76.18%|   0:00:01.0| 3006.4M|nbit_stack_view_setup|  reg2reg| data_out_reg[1]/D           |
|  -0.794|   -0.794|-1116.236|-1116.605|   76.23%|   0:00:01.0| 3025.4M|nbit_stack_view_setup|  reg2reg| data_out_reg[1]/D           |
|  -0.794|   -0.794|-1111.429|-1111.798|   76.29%|   0:00:03.0| 3025.4M|nbit_stack_view_setup|  reg2reg| data_out_reg[1]/D           |
|  -0.794|   -0.794|-1096.936|-1097.305|   76.37%|   0:00:02.0| 3025.4M|nbit_stack_view_setup|  reg2reg| data_out_reg[1]/D           |
|  -0.794|   -0.794|-1096.936|-1097.305|   76.37%|   0:00:00.0| 3025.4M|nbit_stack_view_setup|  reg2reg| data_out_reg[1]/D           |
+--------+---------+---------+---------+---------+------------+--------+---------------------+---------+-----------------------------+

*** Finish Core Optimize Step (cpu=0:01:15 real=0:01:16 mem=3025.4M) ***
Active Path Group: default 
+--------+---------+--------+---------+---------+------------+--------+---------------------+---------+-----------------------------+
|  WNS   | All WNS |  TNS   | All TNS | Density |    Real    |  Mem   |     Worst View      |Pathgroup|          End Point          |
+--------+---------+--------+---------+---------+------------+--------+---------------------+---------+-----------------------------+
|  -0.559|   -0.794|-419.411|-1097.305|   76.37%|   0:00:00.0| 3025.4M|nbit_stack_view_setup|  default| memory_reg[357][1]/D        |
|  -0.498|   -0.794|-286.996|-1092.598|   76.37%|   0:00:01.0| 3025.4M|nbit_stack_view_setup|  default| data_out_reg[1]/D           |
|  -0.434|   -0.794|-252.281|-1092.572|   76.38%|   0:00:00.0| 3025.4M|nbit_stack_view_setup|  default| memory_reg[409][2]/D        |
|  -0.383|   -0.794|-216.595|-1084.366|   76.37%|   0:00:00.0| 3025.4M|nbit_stack_view_setup|  default| memory_reg[409][2]/D        |
|  -0.323|   -0.790|-184.538|-1058.545|   76.39%|   0:00:01.0| 3046.4M|nbit_stack_view_setup|  default| data_out_reg[2]/D           |
|  -0.307|   -0.790|-149.489|-1033.090|   76.40%|   0:00:01.0| 3065.5M|nbit_stack_view_setup|  default| data_out_reg[1]/D           |
|  -0.276|   -0.790|-145.063|-1036.039|   76.41%|   0:00:01.0| 3065.5M|nbit_stack_view_setup|  default| data_out_reg[1]/D           |
|  -0.276|   -0.790|-131.411|-1024.041|   76.45%|   0:00:02.0| 3065.5M|nbit_stack_view_setup|  default| data_out_reg[1]/D           |
|  -0.276|   -0.790|-102.899| -980.242|   76.56%|   0:00:07.0| 3065.5M|nbit_stack_view_setup|  default| data_out_reg[1]/D           |
|  -0.276|   -0.790| -97.452| -976.291|   76.60%|   0:00:01.0| 3065.5M|nbit_stack_view_setup|  default| data_out_reg[1]/D           |
|  -0.276|   -0.790| -97.452| -976.291|   76.60%|   0:00:00.0| 3065.5M|nbit_stack_view_setup|  default| data_out_reg[1]/D           |
|  -0.276|   -0.790| -97.057| -975.959|   76.60%|   0:00:00.0| 3065.5M|nbit_stack_view_setup|  default| data_out_reg[1]/D           |
|  -0.276|   -0.790| -97.057| -975.960|   76.60%|   0:00:01.0| 3065.5M|nbit_stack_view_setup|  default| data_out_reg[1]/D           |
+--------+---------+--------+---------+---------+------------+--------+---------------------+---------+-----------------------------+

*** Finish Core Optimize Step (cpu=0:00:14.5 real=0:00:15.0 mem=3065.5M) ***

*** Finished Optimize Step Cumulative (cpu=0:01:30 real=0:01:31 mem=3065.5M) ***
OptDebug: End of Optimizer WNS Pass 0:
+----------+------+--------+
|Path Group|   WNS|     TNS|
+----------+------+--------+
|default   |-0.276| -97.057|
|reg2reg   |-0.790|-975.526|
|HEPG      |-0.790|-975.526|
|All Paths |-0.790|-975.960|
+----------+------+--------+

CCOptDebug: End of Optimizer WNS Pass 0: reg2reg* WNS -0.790ns TNS -975.526ns; HEPG WNS -0.790ns TNS -975.526ns; all paths WNS -0.790ns TNS -975.960ns; Real time 0:02:16
** GigaOpt Optimizer WNS Slack -0.790 TNS Slack -975.960 Density 76.60
Begin: Area Reclaim Optimization
*** AreaOpt #2 [begin] (WnsOpt #1 / ccopt_design #1) : totSession cpu/real = 0:03:11.0/0:04:33.0 (0.7), mem = 3065.5M
Usable buffer cells for single buffer setup transform:

Number of usable buffer cells above: 0
Reclaim Optimization WNS Slack -0.790  TNS Slack -975.960 Density 76.60
+---------+---------+--------+--------+------------+--------+
| Density | Commits |  WNS   |  TNS   |    Real    |  Mem   |
+---------+---------+--------+--------+------------+--------+
|   76.60%|        -|  -0.790|-975.960|   0:00:00.0| 3065.5M|
|   76.60%|        1|  -0.790|-975.950|   0:00:01.0| 3065.5M|
|   76.60%|        0|  -0.790|-975.950|   0:00:00.0| 3065.5M|
+---------+---------+--------+--------+------------+--------+
Reclaim Optimization End WNS Slack -0.790  TNS Slack -975.950 Density 76.60

Number of times islegalLocAvaiable called = 0 skipped = 0, called in commitmove = 0, skipped in commitmove = 0
End: Core Area Reclaim Optimization (cpu = 0:00:01.2) (real = 0:00:01.0) **
*** AreaOpt #2 [finish] (WnsOpt #1 / ccopt_design #1) : cpu/real = 0:00:01.2/0:00:01.2 (1.0), totSession cpu/real = 0:03:12.1/0:04:34.1 (0.7), mem = 3065.5M
End: Area Reclaim Optimization (cpu=0:00:01, real=0:00:01, mem=3038.52M, totSessionCpu=0:03:12).
*** Starting refinePlace (0:03:12 mem=3035.5M) ***
Total net bbox length = 3.331e+05 (1.699e+05 1.631e+05) (ext = 1.760e+03)

Starting Small incrNP...
Density distribution unevenness ratio = 3.875%

Density distribution unevenness ratio = 3.745%
Move report: incrNP moves 6995 insts, mean move: 10.21 um, max move: 147.41 um 
	Max move on inst (FE_OCPC5758_n_733): (174.40, 67.26) --> (114.20, 154.47)
Finished incrNP (cpu=0:00:00.9, real=0:00:01.0, mem=3063.7M)
End of Small incrNP (cpu=0:00:00.9, real=0:00:01.0)
Move report: Detail placement moves 9418 insts, mean move: 0.45 um, max move: 5.31 um 
	Max move on inst (FE_OCPC5614_FE_OFN551_FE_DBTN2_n_26125): (158.80, 178.41) --> (155.20, 176.70)
	Runtime: CPU: 0:00:00.1 REAL: 0:00:00.0 MEM: 3063.7MB
Summary Report:
Instances move: 12296 (out of 29084 movable)
Instances flipped: 18
Mean displacement: 6.04 um
Max displacement: 147.41 um (Instance: FE_OCPC5758_n_733) (174.4, 67.26) -> (114.2, 154.47)
	Length: 2 sites, height: 1 rows, site name: CoreSite, cell type: INVX1
Total net bbox length = 3.123e+05 (1.601e+05 1.521e+05) (ext = 1.745e+03)
Runtime: CPU: 0:00:01.0 REAL: 0:00:01.0 MEM: 3063.7MB
*** Finished refinePlace (0:03:13 mem=3063.7M) ***
*** maximum move = 147.41 um ***
*** Finished re-routing un-routed nets (3050.7M) ***

*** Finish Physical Update (cpu=0:00:01.7 real=0:00:01.0 mem=3050.7M) ***
** GigaOpt Optimizer WNS Slack -1.149 TNS Slack -1170.790 Density 77.01
OptDebug: Start of Optimizer WNS Pass 1:
+----------+------+---------+
|Path Group|   WNS|      TNS|
+----------+------+---------+
|default   |-0.543|  -89.288|
|reg2reg   |-1.149|-1170.486|
|HEPG      |-1.149|-1170.486|
|All Paths |-1.149|-1170.790|
+----------+------+---------+

CCOptDebug: Start of Optimizer WNS Pass 1: reg2reg* WNS -1.149ns TNS -1170.486ns; HEPG WNS -1.149ns TNS -1170.486ns; all paths WNS -1.149ns TNS -1170.791ns; Real time 0:02:18
Active Path Group: reg2reg  
+--------+---------+---------+---------+---------+------------+--------+---------------------+---------+-----------------------------+
|  WNS   | All WNS |   TNS   | All TNS | Density |    Real    |  Mem   |     Worst View      |Pathgroup|          End Point          |
+--------+---------+---------+---------+---------+------------+--------+---------------------+---------+-----------------------------+
|  -1.149|   -1.149|-1170.486|-1170.790|   77.01%|   0:00:00.0| 3050.7M|nbit_stack_view_setup|  reg2reg| data_out_reg[1]/D           |
|  -1.067|   -1.067|-1146.440|-1146.765|   77.04%|   0:00:00.0| 3069.7M|nbit_stack_view_setup|  reg2reg| data_out_reg[1]/D           |
|  -1.035|   -1.035|-1146.118|-1146.443|   77.06%|   0:00:01.0| 3069.7M|nbit_stack_view_setup|  reg2reg| data_out_reg[1]/D           |
|  -0.954|   -0.954|-1145.932|-1146.258|   77.09%|   0:00:00.0| 3069.7M|nbit_stack_view_setup|  reg2reg| data_out_reg[1]/D           |
|  -0.875|   -0.875|-1145.717|-1146.043|   77.14%|   0:00:02.0| 3069.7M|nbit_stack_view_setup|  reg2reg| data_out_reg[1]/D           |
|  -0.832|   -0.832|-1145.540|-1145.865|   77.16%|   0:00:02.0| 3088.8M|nbit_stack_view_setup|  reg2reg| data_out_reg[1]/D           |
|  -0.804|   -0.804|-1145.478|-1145.804|   77.20%|   0:00:02.0| 3107.9M|nbit_stack_view_setup|  reg2reg| data_out_reg[1]/D           |
|  -0.786|   -0.786|-1145.370|-1145.695|   77.29%|   0:00:02.0| 3127.0M|nbit_stack_view_setup|  reg2reg| data_out_reg[1]/D           |
|  -0.780|   -0.780|-1145.324|-1145.650|   77.33%|   0:00:02.0| 3127.0M|nbit_stack_view_setup|  reg2reg| data_out_reg[1]/D           |
|  -0.763|   -0.763|-1145.320|-1145.645|   77.37%|   0:00:01.0| 3127.0M|nbit_stack_view_setup|  reg2reg| data_out_reg[1]/D           |
|  -0.761|   -0.761|-1136.334|-1136.643|   77.50%|   0:00:11.0| 3127.0M|nbit_stack_view_setup|  reg2reg| data_out_reg[1]/D           |
|  -0.761|   -0.761|-1135.724|-1136.032|   77.54%|   0:00:02.0| 3127.0M|nbit_stack_view_setup|  reg2reg| data_out_reg[1]/D           |
|  -0.761|   -0.761|-1135.722|-1136.031|   77.55%|   0:00:00.0| 3127.0M|nbit_stack_view_setup|  reg2reg| data_out_reg[1]/D           |
|  -0.761|   -0.761|-1135.722|-1136.031|   77.55%|   0:00:00.0| 3127.0M|nbit_stack_view_setup|  reg2reg| data_out_reg[1]/D           |
+--------+---------+---------+---------+---------+------------+--------+---------------------+---------+-----------------------------+
skewClock sized 0 and inserted 41 insts
+--------+---------+---------+---------+---------+------------+--------+---------------------+---------+-----------------------------+
|  WNS   | All WNS |   TNS   | All TNS | Density |    Real    |  Mem   |     Worst View      |Pathgroup|          End Point          |
+--------+---------+---------+---------+---------+------------+--------+---------------------+---------+-----------------------------+
|  -0.614|   -0.614| -986.234| -986.542|   77.55%|   0:00:02.0| 3071.0M|nbit_stack_view_setup|  reg2reg| memory_reg[216][1]/D        |
|  -0.582|   -0.582| -879.397| -879.926|   77.58%|   0:00:03.0| 3071.0M|nbit_stack_view_setup|  reg2reg| data_out_reg[1]/D           |
|  -0.582|   -0.582| -809.270| -809.875|   77.63%|   0:00:01.0| 3071.0M|nbit_stack_view_setup|  reg2reg| data_out_reg[1]/D           |
|  -0.582|   -0.582| -802.765| -803.381|   77.63%|   0:00:00.0| 3071.0M|nbit_stack_view_setup|  reg2reg| data_out_reg[1]/D           |
|  -0.582|   -0.582| -774.906| -775.723|   77.83%|   0:00:11.0| 3072.0M|nbit_stack_view_setup|  reg2reg| data_out_reg[1]/D           |
|  -0.582|   -0.582| -772.515| -773.332|   77.95%|   0:00:03.0| 3072.0M|nbit_stack_view_setup|  reg2reg| data_out_reg[1]/D           |
|  -0.582|   -0.582| -769.142| -769.959|   77.96%|   0:00:01.0| 3072.0M|nbit_stack_view_setup|  default| data_out_reg[1]/Q           |
|  -0.582|   -0.582| -769.083| -769.900|   77.96%|   0:00:00.0| 3072.0M|nbit_stack_view_setup|  default| data_out_reg[1]/Q           |
|  -0.582|   -0.582| -769.083| -769.900|   77.96%|   0:00:00.0| 3072.0M|nbit_stack_view_setup|  reg2reg| data_out_reg[1]/D           |
+--------+---------+---------+---------+---------+------------+--------+---------------------+---------+-----------------------------+
skewClock sized 0 and inserted 38 insts
+--------+---------+---------+---------+---------+------------+--------+---------------------+---------+-----------------------------+
|  WNS   | All WNS |   TNS   | All TNS | Density |    Real    |  Mem   |     Worst View      |Pathgroup|          End Point          |
+--------+---------+---------+---------+---------+------------+--------+---------------------+---------+-----------------------------+
|  -0.480|   -0.480| -628.772| -629.589|   77.96%|   0:00:01.0| 3072.0M|nbit_stack_view_setup|  reg2reg| memory_reg[646][0]/D        |
|  -0.440|   -0.440| -575.959| -576.643|   77.99%|   0:00:03.0| 3091.1M|nbit_stack_view_setup|  reg2reg| memory_reg[275][3]/D        |
|  -0.424|   -0.424| -517.948| -518.917|   78.05%|   0:00:01.0| 3091.1M|nbit_stack_view_setup|  reg2reg| data_out_reg[3]/D           |
|  -0.408|   -0.408| -506.981| -507.992|   78.07%|   0:00:02.0| 3091.1M|nbit_stack_view_setup|  reg2reg| data_out_reg[3]/D           |
|  -0.388|   -0.388| -484.001| -485.068|   78.10%|   0:00:03.0| 3334.0M|nbit_stack_view_setup|  reg2reg| data_out_reg[3]/D           |
|  -0.388|   -0.388| -476.380| -477.519|   78.14%|   0:00:02.0| 3334.0M|nbit_stack_view_setup|  reg2reg| data_out_reg[3]/D           |
|  -0.388|   -0.388| -475.906| -477.045|   78.16%|   0:00:00.0| 3334.0M|nbit_stack_view_setup|  reg2reg| data_out_reg[3]/D           |
|  -0.388|   -0.388| -461.910| -463.010|   78.40%|   0:00:15.0| 3334.0M|nbit_stack_view_setup|  reg2reg| data_out_reg[3]/D           |
|  -0.388|   -0.388| -458.841| -459.947|   78.58%|   0:00:03.0| 3334.0M|nbit_stack_view_setup|  reg2reg| data_out_reg[3]/D           |
|  -0.388|   -0.388| -457.728| -458.835|   78.59%|   0:00:00.0| 3334.0M|nbit_stack_view_setup|  reg2reg| data_out_reg[3]/D           |
|  -0.388|   -0.388| -455.842| -456.943|   78.67%|   0:00:02.0| 3334.0M|nbit_stack_view_setup|  reg2reg| data_out_reg[3]/D           |
|  -0.388|   -0.388| -455.478| -456.575|   78.71%|   0:00:01.0| 3334.0M|nbit_stack_view_setup|  reg2reg| data_out_reg[3]/D           |
|  -0.388|   -0.388| -455.478| -456.575|   78.71%|   0:00:00.0| 3334.0M|nbit_stack_view_setup|  reg2reg| data_out_reg[3]/D           |
+--------+---------+---------+---------+---------+------------+--------+---------------------+---------+-----------------------------+

*** Finish Core Optimize Step (cpu=0:01:17 real=0:01:16 mem=3334.0M) ***
Active Path Group: default 
+--------+---------+--------+---------+---------+------------+--------+---------------------+---------+-----------------------------+
|  WNS   | All WNS |  TNS   | All TNS | Density |    Real    |  Mem   |     Worst View      |Pathgroup|          End Point          |
+--------+---------+--------+---------+---------+------------+--------+---------------------+---------+-----------------------------+
|  -0.147|   -0.388| -10.567| -456.575|   78.71%|   0:00:00.0| 3334.0M|nbit_stack_view_setup|  default| memory_reg[840][2]/D        |
|  -0.089|   -0.388|  -3.212| -455.493|   78.74%|   0:00:01.0| 3334.0M|nbit_stack_view_setup|  default| memory_reg[299][0]/D        |
|  -0.034|   -0.388|  -0.414| -455.425|   78.75%|   0:00:00.0| 3334.0M|nbit_stack_view_setup|  default| memory_reg[833][3]/D        |
|   0.006|   -0.388|   0.000| -452.621|   78.77%|   0:00:01.0| 3334.0M|nbit_stack_view_setup|  default| memory_reg[646][0]/D        |
|   0.031|   -0.388|   0.000| -428.082|   78.80%|   0:00:02.0| 3334.0M|nbit_stack_view_setup|  default| memory_reg[113][2]/D        |
|   0.032|   -0.388|   0.000| -407.980|   78.85%|   0:00:01.0| 3334.0M|nbit_stack_view_setup|  default| memory_reg[113][2]/D        |
|   0.079|   -0.388|   0.000| -398.753|   78.86%|   0:00:00.0| 3334.0M|nbit_stack_view_setup|  default| memory_reg[484][1]/D        |
|   0.077|   -0.388|   0.000| -337.431|   79.05%|   0:00:13.0| 3334.0M|nbit_stack_view_setup|  default| memory_reg[198][1]/D        |
|   0.077|   -0.388|   0.000| -337.430|   79.05%|   0:00:00.0| 3334.0M|nbit_stack_view_setup|  default| memory_reg[198][1]/D        |
+--------+---------+--------+---------+---------+------------+--------+---------------------+---------+-----------------------------+

*** Finish Core Optimize Step (cpu=0:00:17.3 real=0:00:18.0 mem=3334.0M) ***

*** Finished Optimize Step Cumulative (cpu=0:01:34 real=0:01:34 mem=3334.0M) ***
OptDebug: End of Optimizer WNS Pass 1:
+----------+------+--------+
|Path Group|   WNS|     TNS|
+----------+------+--------+
|default   | 0.077|   0.000|
|reg2reg   |-0.388|-337.430|
|HEPG      |-0.388|-337.430|
|All Paths |-0.388|-337.430|
+----------+------+--------+

CCOptDebug: End of Optimizer WNS Pass 1: reg2reg* WNS -0.388ns TNS -337.431ns; HEPG WNS -0.388ns TNS -337.431ns; all paths WNS -0.388ns TNS -337.431ns; Real time 0:03:53
** GigaOpt Optimizer WNS Slack -0.388 TNS Slack -337.430 Density 79.05
Begin: Area Reclaim Optimization
*** AreaOpt #3 [begin] (WnsOpt #1 / ccopt_design #1) : totSession cpu/real = 0:04:48.1/0:06:10.2 (0.8), mem = 3334.0M
Usable buffer cells for single buffer setup transform:

Number of usable buffer cells above: 0
Reclaim Optimization WNS Slack -0.388  TNS Slack -337.430 Density 79.05
+---------+---------+--------+--------+------------+--------+
| Density | Commits |  WNS   |  TNS   |    Real    |  Mem   |
+---------+---------+--------+--------+------------+--------+
|   79.05%|        -|  -0.388|-337.430|   0:00:00.0| 3334.0M|
|   79.00%|       32|  -0.388|-337.430|   0:00:01.0| 3334.0M|
|   79.00%|        0|  -0.388|-337.430|   0:00:00.0| 3334.0M|
+---------+---------+--------+--------+------------+--------+
Reclaim Optimization End WNS Slack -0.388  TNS Slack -337.430 Density 79.00

Number of times islegalLocAvaiable called = 0 skipped = 0, called in commitmove = 0, skipped in commitmove = 0
End: Core Area Reclaim Optimization (cpu = 0:00:01.5) (real = 0:00:01.0) **
*** AreaOpt #3 [finish] (WnsOpt #1 / ccopt_design #1) : cpu/real = 0:00:01.5/0:00:01.5 (1.0), totSession cpu/real = 0:04:49.6/0:06:11.6 (0.8), mem = 3334.0M
End: Area Reclaim Optimization (cpu=0:00:01, real=0:00:01, mem=3095.00M, totSessionCpu=0:04:50).
*** Starting refinePlace (0:04:50 mem=3092.0M) ***
Total net bbox length = 3.600e+05 (1.822e+05 1.778e+05) (ext = 1.701e+03)

Starting Small incrNP...
Density distribution unevenness ratio = 4.816%

Density distribution unevenness ratio = 3.865%
Move report: incrNP moves 13316 insts, mean move: 9.60 um, max move: 129.28 um 
	Max move on inst (g388524_dup2): (221.80, 79.23) --> (140.40, 31.35)
Finished incrNP (cpu=0:00:01.8, real=0:00:02.0, mem=3108.4M)
End of Small incrNP (cpu=0:00:01.8, real=0:00:02.0)
Move report: Detail placement moves 11853 insts, mean move: 0.41 um, max move: 4.11 um 
	Max move on inst (memory_reg[762][3]): (122.60, 113.43) --> (125.00, 115.14)
	Runtime: CPU: 0:00:00.1 REAL: 0:00:00.0 MEM: 3108.4MB
Summary Report:
Instances move: 17276 (out of 30606 movable)
Instances flipped: 24
Mean displacement: 7.52 um
Max displacement: 129.28 um (Instance: g388524_dup2) (221.8, 79.23) -> (140.4, 31.35)
	Length: 2 sites, height: 1 rows, site name: CoreSite, cell type: INVX1
Total net bbox length = 3.255e+05 (1.665e+05 1.590e+05) (ext = 1.632e+03)
Runtime: CPU: 0:00:01.9 REAL: 0:00:02.0 MEM: 3108.4MB
*** Finished refinePlace (0:04:52 mem=3108.4M) ***
*** maximum move = 129.28 um ***
*** Finished re-routing un-routed nets (3095.4M) ***

*** Finish Physical Update (cpu=0:00:02.6 real=0:00:03.0 mem=3095.4M) ***
** GigaOpt Optimizer WNS Slack -0.597 TNS Slack -507.382 Density 79.27
OptDebug: Start of Optimizer WNS Pass 2:
+----------+------+--------+
|Path Group|   WNS|     TNS|
+----------+------+--------+
|default   |-0.057|  -1.183|
|reg2reg   |-0.597|-507.382|
|HEPG      |-0.597|-507.382|
|All Paths |-0.597|-507.382|
+----------+------+--------+

CCOptDebug: Start of Optimizer WNS Pass 2: reg2reg* WNS -0.597ns TNS -507.382ns; HEPG WNS -0.597ns TNS -507.382ns; all paths WNS -0.597ns TNS -507.382ns; Real time 0:03:57
Active Path Group: reg2reg  
+--------+---------+--------+---------+---------+------------+--------+---------------------+---------+-----------------------------+
|  WNS   | All WNS |  TNS   | All TNS | Density |    Real    |  Mem   |     Worst View      |Pathgroup|          End Point          |
+--------+---------+--------+---------+---------+------------+--------+---------------------+---------+-----------------------------+
|  -0.597|   -0.597|-507.382| -507.382|   79.27%|   0:00:00.0| 3095.4M|nbit_stack_view_setup|  reg2reg| data_out_reg[0]/D           |
|  -0.474|   -0.474|-506.670| -506.670|   79.39%|   0:00:02.0| 3114.4M|nbit_stack_view_setup|  reg2reg| data_out_reg[2]/D           |
|  -0.473|   -0.473|-495.085| -495.085|   79.42%|   0:00:02.0| 3324.3M|nbit_stack_view_setup|  reg2reg| data_out_reg[3]/D           |
|  -0.423|   -0.423|-494.987| -494.987|   79.43%|   0:00:01.0| 3324.3M|nbit_stack_view_setup|  reg2reg| data_out_reg[3]/D           |
|  -0.401|   -0.401|-487.248| -487.248|   79.45%|   0:00:03.0| 3324.3M|nbit_stack_view_setup|  reg2reg| data_out_reg[3]/D           |
|  -0.375|   -0.375|-476.203| -476.203|   79.52%|   0:00:03.0| 3324.3M|nbit_stack_view_setup|  reg2reg| data_out_reg[3]/D           |
|  -0.368|   -0.368|-466.845| -466.845|   79.53%|   0:00:03.0| 3324.3M|nbit_stack_view_setup|  reg2reg| data_out_reg[3]/D           |
|  -0.357|   -0.357|-461.501| -461.501|   79.56%|   0:00:01.0| 3324.3M|nbit_stack_view_setup|  reg2reg| data_out_reg[3]/D           |
|  -0.353|   -0.353|-459.385| -459.385|   79.59%|   0:00:02.0| 3324.3M|nbit_stack_view_setup|  reg2reg| data_out_reg[3]/D           |
|  -0.353|   -0.353|-422.859| -422.859|   79.59%|   0:00:01.0| 3324.3M|nbit_stack_view_setup|  reg2reg| data_out_reg[3]/D           |
|  -0.353|   -0.353|-422.859| -422.859|   79.59%|   0:00:00.0| 3324.3M|nbit_stack_view_setup|  reg2reg| data_out_reg[3]/D           |
|  -0.353|   -0.353|-412.004| -412.004|   79.65%|   0:00:13.0| 3324.3M|nbit_stack_view_setup|  reg2reg| data_out_reg[3]/D           |
|  -0.353|   -0.353|-409.695| -409.695|   79.69%|   0:00:02.0| 3324.3M|nbit_stack_view_setup|  reg2reg| data_out_reg[3]/D           |
|  -0.353|   -0.353|-409.696| -409.696|   79.74%|   0:00:01.0| 3324.3M|nbit_stack_view_setup|  reg2reg| data_out_reg[3]/D           |
+--------+---------+--------+---------+---------+------------+--------+---------------------+---------+-----------------------------+

*** Finish Core Optimize Step (cpu=0:00:34.1 real=0:00:34.0 mem=3324.3M) ***
Active Path Group: default 
+--------+---------+--------+---------+---------+------------+--------+---------------------+---------+-----------------------------+
|  WNS   | All WNS |  TNS   | All TNS | Density |    Real    |  Mem   |     Worst View      |Pathgroup|          End Point          |
+--------+---------+--------+---------+---------+------------+--------+---------------------+---------+-----------------------------+
|   0.034|   -0.353|   0.000| -409.696|   79.74%|   0:00:00.0| 3324.3M|nbit_stack_view_setup|  default| memory_reg[646][0]/D        |
|   0.068|   -0.353|   0.000| -401.319|   79.75%|   0:00:02.0| 3324.3M|nbit_stack_view_setup|  default| memory_reg[662][0]/D        |
|   0.096|   -0.353|   0.000| -385.354|   79.77%|   0:00:01.0| 3324.3M|nbit_stack_view_setup|  default| memory_reg[841][2]/D        |
|   0.104|   -0.353|   0.000| -359.197|   79.80%|   0:00:04.0| 3324.3M|nbit_stack_view_setup|  default| memory_reg[662][0]/D        |
|   0.110|   -0.353|   0.000| -350.397|   79.82%|   0:00:01.0| 3324.3M|nbit_stack_view_setup|  default| memory_reg[331][3]/D        |
|   0.110|   -0.353|   0.000| -322.835|   79.90%|   0:00:06.0| 3324.3M|nbit_stack_view_setup|  default| memory_reg[331][3]/D        |
|   0.110|   -0.353|   0.000| -322.835|   79.90%|   0:00:00.0| 3324.3M|nbit_stack_view_setup|  default| memory_reg[331][3]/D        |
+--------+---------+--------+---------+---------+------------+--------+---------------------+---------+-----------------------------+

*** Finish Core Optimize Step (cpu=0:00:13.9 real=0:00:14.0 mem=3324.3M) ***

*** Finished Optimize Step Cumulative (cpu=0:00:48.1 real=0:00:48.0 mem=3324.3M) ***
OptDebug: End of Optimizer WNS Pass 2:
+----------+------+--------+
|Path Group|   WNS|     TNS|
+----------+------+--------+
|default   | 0.110|   0.000|
|reg2reg   |-0.353|-322.835|
|HEPG      |-0.353|-322.835|
|All Paths |-0.353|-322.835|
+----------+------+--------+

CCOptDebug: End of Optimizer WNS Pass 2: reg2reg* WNS -0.353ns TNS -322.835ns; HEPG WNS -0.353ns TNS -322.835ns; all paths WNS -0.353ns TNS -322.835ns; Real time 0:04:45
** GigaOpt Optimizer WNS Slack -0.353 TNS Slack -322.835 Density 79.90
Begin: Area Reclaim Optimization
*** AreaOpt #4 [begin] (WnsOpt #1 / ccopt_design #1) : totSession cpu/real = 0:05:40.5/0:07:02.5 (0.8), mem = 3324.3M
Usable buffer cells for single buffer setup transform:

Number of usable buffer cells above: 0
Reclaim Optimization WNS Slack -0.353  TNS Slack -322.835 Density 79.90
+---------+---------+--------+--------+------------+--------+
| Density | Commits |  WNS   |  TNS   |    Real    |  Mem   |
+---------+---------+--------+--------+------------+--------+
|   79.90%|        -|  -0.353|-322.835|   0:00:00.0| 3324.3M|
|   79.84%|       48|  -0.353|-322.498|   0:00:02.0| 3324.3M|
|   79.84%|        0|  -0.353|-322.498|   0:00:00.0| 3324.3M|
+---------+---------+--------+--------+------------+--------+
Reclaim Optimization End WNS Slack -0.353  TNS Slack -322.498 Density 79.84

Number of times islegalLocAvaiable called = 0 skipped = 0, called in commitmove = 0, skipped in commitmove = 0
End: Core Area Reclaim Optimization (cpu = 0:00:01.9) (real = 0:00:02.0) **
*** AreaOpt #4 [finish] (WnsOpt #1 / ccopt_design #1) : cpu/real = 0:00:01.9/0:00:01.9 (1.0), totSession cpu/real = 0:05:42.4/0:07:04.5 (0.8), mem = 3324.3M
End: Area Reclaim Optimization (cpu=0:00:02, real=0:00:02, mem=3103.30M, totSessionCpu=0:05:42).
*** Starting refinePlace (0:05:42 mem=3099.3M) ***
Total net bbox length = 3.528e+05 (1.796e+05 1.732e+05) (ext = 1.631e+03)

Starting Small incrNP...
Density distribution unevenness ratio = 4.173%
Skipped incrNP (cpu=0:00:00.0, real=0:00:00.0, mem=3099.3M)
End of Small incrNP (cpu=0:00:00.0, real=0:00:00.0)
Move report: Detail placement moves 9118 insts, mean move: 0.63 um, max move: 5.62 um 
	Max move on inst (g397856_dup): (169.20, 94.62) --> (171.40, 91.20)
	Runtime: CPU: 0:00:00.3 REAL: 0:00:00.0 MEM: 3073.7MB
Summary Report:
Instances move: 9118 (out of 31012 movable)
Instances flipped: 3581
Mean displacement: 0.63 um
Max displacement: 5.62 um (Instance: g397856_dup) (169.2, 94.62) -> (171.4, 91.2)
	Length: 3 sites, height: 1 rows, site name: CoreSite, cell type: NOR2X1
Total net bbox length = 3.555e+05 (1.812e+05 1.743e+05) (ext = 1.630e+03)
Runtime: CPU: 0:00:00.4 REAL: 0:00:00.0 MEM: 3073.7MB
*** Finished refinePlace (0:05:43 mem=3073.7M) ***
*** maximum move = 5.62 um ***
*** Finished re-routing un-routed nets (3067.7M) ***

*** Finish Physical Update (cpu=0:00:00.7 real=0:00:01.0 mem=3083.7M) ***
** GigaOpt Optimizer WNS Slack -0.360 TNS Slack -323.310 Density 79.84
OptDebug: End of Setup Fixing:
+----------+------+--------+
|Path Group|   WNS|     TNS|
+----------+------+--------+
|default   | 0.110|   0.000|
|reg2reg   |-0.360|-323.310|
|HEPG      |-0.360|-323.310|
|All Paths |-0.360|-323.310|
+----------+------+--------+


*** Finish post-CTS Setup Fixing (cpu=0:04:02 real=0:04:03 mem=3083.7M) ***

*** WnsOpt #1 [finish] (ccopt_design #1) : cpu/real = 0:04:02.3/0:04:03.2 (1.0), totSession cpu/real = 0:05:43.2/0:07:05.2 (0.8), mem = 2974.6M
End: GigaOpt Optimization in WNS mode
Begin: GigaOpt Optimization in TNS mode
GigaOpt Checkpoint: Internal optTiming -allEndPoints -maxLocalDensity 0.95 -maxLocalDensityForHardenOpt 0.92 -numThreads 1 -postCTS -pgMode all -nativePathGroupFlow -wtns -nonLegalPlaceEcoBumpRecoveryInTNSOpt -NDROptEffortAuto -ipoTgtSlackCoef 1.5 -effTgtSlackCoef 1
Info: 36 nets with fixed/cover wires excluded.
Info: 178 clock nets excluded from IPO operation.
*** TnsOpt #1 [begin] (ccopt_design #1) : totSession cpu/real = 0:05:43.2/0:07:05.3 (0.8), mem = 2974.6M
*info: 178 clock nets excluded
*info: 36 nets with fixed/cover wires excluded.
** GigaOpt Optimizer WNS Slack -0.360 TNS Slack -323.310 Density 79.84
OptDebug: Start of Optimizer TNS Pass:
+----------+------+--------+
|Path Group|   WNS|     TNS|
+----------+------+--------+
|default   | 0.110|   0.000|
|reg2reg   |-0.360|-323.310|
|HEPG      |-0.360|-323.310|
|All Paths |-0.360|-323.310|
+----------+------+--------+

CCOptDebug: Start of Optimizer TNS Pass: reg2reg* WNS -0.360ns TNS -323.310ns; HEPG WNS -0.360ns TNS -323.310ns; all paths WNS -0.360ns TNS -323.310ns; Real time 0:04:48
Active Path Group: reg2reg  
+--------+---------+--------+---------+---------+------------+--------+---------------------+---------+-----------------------------+
|  WNS   | All WNS |  TNS   | All TNS | Density |    Real    |  Mem   |     Worst View      |Pathgroup|          End Point          |
+--------+---------+--------+---------+---------+------------+--------+---------------------+---------+-----------------------------+
|  -0.360|   -0.360|-323.310| -323.310|   79.84%|   0:00:00.0| 3033.9M|nbit_stack_view_setup|  reg2reg| data_out_reg[3]/D           |
|  -0.360|   -0.360|-318.015| -318.015|   79.86%|   0:00:09.0| 3120.9M|nbit_stack_view_setup|  reg2reg| data_out_reg[3]/D           |
|  -0.360|   -0.360|-293.912| -293.912|   79.87%|   0:00:27.0| 3120.9M|nbit_stack_view_setup|  reg2reg| memory_reg[191][2]/D        |
|  -0.360|   -0.360|-290.822| -290.822|   79.87%|   0:00:00.0| 3120.9M|nbit_stack_view_setup|  reg2reg| memory_reg[191][2]/D        |
|  -0.360|   -0.360|-285.177| -285.177|   79.90%|   0:00:02.0| 3120.9M|nbit_stack_view_setup|  reg2reg| memory_reg[191][2]/D        |
|  -0.360|   -0.360|-284.316| -284.316|   79.90%|   0:00:00.0| 3120.9M|nbit_stack_view_setup|  reg2reg| memory_reg[191][2]/D        |
|  -0.360|   -0.360|-281.171| -281.171|   79.92%|   0:00:22.0| 3120.9M|nbit_stack_view_setup|  reg2reg| memory_reg[462][2]/D        |
|  -0.360|   -0.360|-281.165| -281.165|   79.92%|   0:00:00.0| 3120.9M|nbit_stack_view_setup|  reg2reg| memory_reg[462][2]/D        |
|  -0.360|   -0.360|-281.159| -281.159|   79.92%|   0:00:06.0| 3120.9M|nbit_stack_view_setup|  reg2reg| memory_reg[140][3]/D        |
|  -0.360|   -0.360|-281.154| -281.154|   79.92%|   0:00:00.0| 3120.9M|nbit_stack_view_setup|  reg2reg| memory_reg[140][3]/D        |
|  -0.360|   -0.360|-281.154| -281.154|   79.93%|   0:00:01.0| 3120.9M|nbit_stack_view_setup|  reg2reg| data_out_reg[3]/D           |
+--------+---------+--------+---------+---------+------------+--------+---------------------+---------+-----------------------------+

*** Finish Core Optimize Step (cpu=0:01:06 real=0:01:07 mem=3120.9M) ***
Active Path Group: default 
+--------+---------+--------+---------+---------+------------+--------+---------------------+---------+-----------------------------+
|  WNS   | All WNS |  TNS   | All TNS | Density |    Real    |  Mem   |     Worst View      |Pathgroup|          End Point          |
+--------+---------+--------+---------+---------+------------+--------+---------------------+---------+-----------------------------+
|   0.110|   -0.360|   0.000| -281.154|   79.93%|   0:00:00.0| 3120.9M|nbit_stack_view_setup|  default| memory_reg[331][3]/D        |
|   0.110|   -0.360|   0.000| -278.767|   79.96%|   0:00:25.0| 3120.9M|nbit_stack_view_setup|  default| memory_reg[331][3]/D        |
|   0.110|   -0.360|   0.000| -278.719|   79.97%|   0:00:02.0| 3120.9M|nbit_stack_view_setup|  default| memory_reg[331][3]/D        |
+--------+---------+--------+---------+---------+------------+--------+---------------------+---------+-----------------------------+

*** Finish Core Optimize Step (cpu=0:00:27.1 real=0:00:27.0 mem=3120.9M) ***

*** Finished Optimize Step Cumulative (cpu=0:01:34 real=0:01:34 mem=3120.9M) ***
OptDebug: End of Optimizer TNS Pass:
+----------+------+--------+
|Path Group|   WNS|     TNS|
+----------+------+--------+
|default   | 0.110|   0.000|
|reg2reg   |-0.360|-278.719|
|HEPG      |-0.360|-278.719|
|All Paths |-0.360|-278.719|
+----------+------+--------+

CCOptDebug: End of Optimizer TNS Pass: reg2reg* WNS -0.360ns TNS -278.719ns; HEPG WNS -0.360ns TNS -278.719ns; all paths WNS -0.360ns TNS -278.719ns; Real time 0:06:22
*** Starting refinePlace (0:07:17 mem=3063.9M) ***
Total net bbox length = 3.625e+05 (1.845e+05 1.779e+05) (ext = 1.630e+03)

Starting Small incrNP...
Density distribution unevenness ratio = 4.231%

Density distribution unevenness ratio = 4.201%
Move report: incrNP moves 5710 insts, mean move: 6.52 um, max move: 111.81 um 
	Max move on inst (FE_OCPC9471_FE_OFN1611_n_741): (160.60, 72.39) --> (101.80, 125.40)
Finished incrNP (cpu=0:00:00.7, real=0:00:01.0, mem=3092.2M)
End of Small incrNP (cpu=0:00:00.7, real=0:00:01.0)
Move report: Detail placement moves 15811 insts, mean move: 0.99 um, max move: 9.80 um 
	Max move on inst (FE_OCPC9577_FE_OFN2556_n): (89.20, 103.17) --> (99.00, 103.17)
	Runtime: CPU: 0:00:00.7 REAL: 0:00:00.0 MEM: 3070.8MB
Summary Report:
Instances move: 17119 (out of 31126 movable)
Instances flipped: 0
Mean displacement: 2.95 um
Max displacement: 110.01 um (Instance: FE_OCPC9471_FE_OFN1611_n_741) (160.6, 72.39) -> (103.6, 125.4)
	Length: 2 sites, height: 1 rows, site name: CoreSite, cell type: INVX1
Total net bbox length = 3.462e+05 (1.729e+05 1.732e+05) (ext = 1.624e+03)
Runtime: CPU: 0:00:01.4 REAL: 0:00:01.0 MEM: 3070.8MB
*** Finished refinePlace (0:07:19 mem=3070.8M) ***
*** maximum move = 110.01 um ***
*** Finished re-routing un-routed nets (3048.8M) ***

*** Finish Physical Update (cpu=0:00:01.9 real=0:00:02.0 mem=3064.8M) ***
** GigaOpt Optimizer WNS Slack -0.428 TNS Slack -386.676 Density 79.97
OptDebug: End of Setup Fixing:
+----------+------+--------+
|Path Group|   WNS|     TNS|
+----------+------+--------+
|default   | 0.024|   0.000|
|reg2reg   |-0.428|-386.676|
|HEPG      |-0.428|-386.676|
|All Paths |-0.428|-386.676|
+----------+------+--------+


*** Finish post-CTS Setup Fixing (cpu=0:01:36 real=0:01:36 mem=3064.8M) ***

*** TnsOpt #1 [finish] (ccopt_design #1) : cpu/real = 0:01:36.0/0:01:36.0 (1.0), totSession cpu/real = 0:07:19.2/0:08:41.3 (0.8), mem = 2974.7M
End: GigaOpt Optimization in TNS mode
GigaOpt Checkpoint: Internal reclaim -noViewPrune -rebufferOnly -costCleanup -preRouteDontEndWithRefinePlaceIncrSteinerRouteDC -force -numThreads 1 -postCTS
Info: 36 nets with fixed/cover wires excluded.
Info: 178 clock nets excluded from IPO operation.
Begin: Area Reclaim Optimization
*** AreaOpt #5 [begin] (ccopt_design #1) : totSession cpu/real = 0:07:19.4/0:08:41.5 (0.8), mem = 3031.9M
Usable buffer cells for single buffer setup transform:

Number of usable buffer cells above: 0
Reclaim Optimization WNS Slack -0.428  TNS Slack -386.676 Density 79.97
+---------+---------+--------+--------+------------+--------+
| Density | Commits |  WNS   |  TNS   |    Real    |  Mem   |
+---------+---------+--------+--------+------------+--------+
|   79.97%|        -|  -0.428|-386.676|   0:00:00.0| 3031.9M|
|   79.29%|      389|  -0.411|-361.409|   0:00:07.0| 3112.8M|
+---------+---------+--------+--------+------------+--------+
Reclaim Optimization End WNS Slack -0.411  TNS Slack -361.409 Density 79.29

Number of times islegalLocAvaiable called = 0 skipped = 0, called in commitmove = 0, skipped in commitmove = 0
End: Core Area Reclaim Optimization (cpu = 0:00:07.1) (real = 0:00:07.0) **
*** AreaOpt #5 [finish] (ccopt_design #1) : cpu/real = 0:00:07.1/0:00:07.1 (1.0), totSession cpu/real = 0:07:26.6/0:08:48.6 (0.8), mem = 3112.8M
End: Area Reclaim Optimization (cpu=0:00:07, real=0:00:07, mem=2974.68M, totSessionCpu=0:07:27).
GigaOpt Checkpoint: Internal reclaim -numThreads 1 -customPhyUpdate -noGCompAndPhase -force -svrReclaim -rtrShortNets -allowDegradingShortNetRemoval -postCTS -tgtSlackMult 2 -wtns -noRouteTypeResizePolish -noViewPrune -nativePathGroupFlow
Info: 36 nets with fixed/cover wires excluded.
Info: 178 clock nets excluded from IPO operation.
Begin: Area Reclaim Optimization
*** AreaOpt #6 [begin] (ccopt_design #1) : totSession cpu/real = 0:07:26.7/0:08:48.8 (0.8), mem = 3031.9M
Usable buffer cells for single buffer setup transform:

Number of usable buffer cells above: 0
Reclaim Optimization WNS Slack -0.411  TNS Slack -361.409 Density 79.29
+---------+---------+--------+--------+------------+--------+
| Density | Commits |  WNS   |  TNS   |    Real    |  Mem   |
+---------+---------+--------+--------+------------+--------+
|   79.29%|        -|  -0.411|-361.409|   0:00:01.0| 3031.9M|
|   79.29%|        0|  -0.411|-361.409|   0:00:00.0| 3031.9M|
|   79.29%|        0|  -0.411|-361.409|   0:00:00.0| 3031.9M|
|   79.24%|       34|  -0.411|-360.765|   0:00:02.0| 3055.5M|
|   79.24%|        0|  -0.411|-360.765|   0:00:00.0| 3055.5M|
|   79.24%|        0|  -0.411|-360.765|   0:00:00.0| 3055.5M|
+---------+---------+--------+--------+------------+--------+
Reclaim Optimization End WNS Slack -0.411  TNS Slack -360.765 Density 79.24

Number of times islegalLocAvaiable called = 0 skipped = 0, called in commitmove = 0, skipped in commitmove = 0
End: Core Area Reclaim Optimization (cpu = 0:00:02.5) (real = 0:00:03.0) **
*** Starting refinePlace (0:07:29 mem=3055.5M) ***
Total net bbox length = 3.429e+05 (1.715e+05 1.715e+05) (ext = 1.624e+03)
Move report: Detail placement moves 1134 insts, mean move: 1.28 um, max move: 7.11 um 
	Max move on inst (FE_OCPC8783_n_675): (168.00, 98.04) --> (173.40, 96.33)
	Runtime: CPU: 0:00:00.2 REAL: 0:00:00.0 MEM: 3042.6MB
Summary Report:
Instances move: 1134 (out of 30483 movable)
Instances flipped: 0
Mean displacement: 1.28 um
Max displacement: 7.11 um (Instance: FE_OCPC8783_n_675) (168, 98.04) -> (173.4, 96.33)
	Length: 2 sites, height: 1 rows, site name: CoreSite, cell type: INVX1
Total net bbox length = 3.436e+05 (1.719e+05 1.717e+05) (ext = 1.625e+03)
Runtime: CPU: 0:00:00.3 REAL: 0:00:00.0 MEM: 3042.6MB
*** Finished refinePlace (0:07:30 mem=3042.6M) ***
*** maximum move = 7.11 um ***
*** Finished re-routing un-routed nets (3039.6M) ***

*** Finish Physical Update (cpu=0:00:00.5 real=0:00:00.0 mem=3055.6M) ***
*** AreaOpt #6 [finish] (ccopt_design #1) : cpu/real = 0:00:03.1/0:00:03.1 (1.0), totSession cpu/real = 0:07:29.8/0:08:51.9 (0.8), mem = 3055.6M
End: Area Reclaim Optimization (cpu=0:00:03, real=0:00:03, mem=2975.49M, totSessionCpu=0:07:30).
postCtsLateCongRepair #1 0
postCtsLateCongRepair #1 0
postCtsLateCongRepair #1 0
postCtsLateCongRepair #1 0
Starting local wire reclaim
*** Starting refinePlace (0:07:30 mem=2975.5M) ***
**WARN: (IMPSP-1760):	Buffer footprint does not have non-inverting buffers.  Using inverter footprint for Virtual IPO. Verify you have buffers defined in the libraries you have read in and confirm they are usable by running reportDontUseCells. Run 'setDontUse bufferName false' to enable buffers which are currently unusable.  
Type 'man IMPSP-1760' for more detail.
*** Finished SKP initialization (cpu=0:00:00.5, real=0:00:00.0)***
Timing cost in AAE based: 5679438.7055282779037952
Move report: Detail placement moves 13287 insts, mean move: 5.87 um, max move: 34.39 um 
	Max move on inst (FE_RC_7878_0): (103.40, 163.02) --> (84.40, 178.41)
	Runtime: CPU: 0:00:14.7 REAL: 0:00:14.0 MEM: 3020.2MB
Summary Report:
Instances move: 13287 (out of 30483 movable)
Instances flipped: 0
Mean displacement: 5.87 um
Max displacement: 34.39 um (Instance: FE_RC_7878_0) (103.4, 163.02) -> (84.4, 178.41)
	Length: 3 sites, height: 1 rows, site name: CoreSite, cell type: NAND2X1
Runtime: CPU: 0:00:14.7 REAL: 0:00:14.0 MEM: 3020.2MB
*** Finished refinePlace (0:07:45 mem=3020.2M) ***
AAE_INFO: opIsDesignInPostRouteState() is 0
#################################################################################
# Design Stage: PreRoute
# Design Name: nbit_stack
# Design Mode: 90nm
# Analysis Mode: MMMC Non-OCV 
# Parasitics Mode: No SPEF/RCDB 
# Signoff Settings: SI Off 
#################################################################################
Calculate delays in Single mode...
Start delay calculation (fullDC) (1 T). (MEM=2943.68)
Total number of fetched objects 30531
AAE_INFO: Total number of nets for which stage creation was skipped for all views 0
End delay calculation. (MEM=3002.89 CPU=0:00:00.8 REAL=0:00:01.0)
End delay calculation (fullDC). (MEM=3002.89 CPU=0:00:01.1 REAL=0:00:01.0)
eGR doReRoute: optGuide
[NR-eGR] Num Prerouted Nets = 36  Num Prerouted Wires = 8839
[NR-eGR] Read 30531 nets ( ignored 36 )
[NR-eGR] There are 142 clock nets ( 142 with NDR ).
[NR-eGR] Layer group 1: route 142 net(s) in layer range [3, 4]
[NR-eGR] Early Global Route overflow of layer group 1: 0.00% H + 0.00% V. EstWL: 6.275700e+02um
[NR-eGR] Layer group 2: route 30353 net(s) in layer range [2, 5]
[NR-eGR] Early Global Route overflow of layer group 2: 0.00% H + 0.29% V. EstWL: 3.225658e+05um
[NR-eGR] Overflow after Early Global Route 0.00% H + 0.12% V
[NR-eGR]                  Length (um)    Vias 
[NR-eGR] -------------------------------------
[NR-eGR]  Metal1   (1H)             0   85149 
[NR-eGR]  Metal2   (2V)         83770  102836 
[NR-eGR]  Metal3   (3H)        113006   16489 
[NR-eGR]  Metal4   (4V)         95297    5868 
[NR-eGR]  Metal5   (5H)         60753       0 
[NR-eGR]  Metal6   (6V)             0       0 
[NR-eGR]  Metal7   (7H)             0       0 
[NR-eGR]  Metal8   (8V)             0       0 
[NR-eGR]  Metal9   (9H)             0       0 
[NR-eGR]  Metal10  (10V)            0       0 
[NR-eGR]  Metal11  (11H)            0       0 
[NR-eGR] -------------------------------------
[NR-eGR]           Total       352826  210342 
[NR-eGR] --------------------------------------------------------------------------
[NR-eGR] Total half perimeter of net bounding box: 315040um
[NR-eGR] Total length: 352826um, number of vias: 210342
[NR-eGR] --------------------------------------------------------------------------
[NR-eGR] Total eGR-routed clock nets wire length: 686um, number of vias: 748
[NR-eGR] --------------------------------------------------------------------------
[NR-eGR] Finished Early Global Route kernel ( CPU: 0.37 sec, Real: 0.38 sec, Curr Mem: 2954.70 MB )
Extraction called for design 'nbit_stack' of instances=32548 and nets=30533 using extraction engine 'preRoute' .
**WARN: (IMPEXT-3530):	The process node is not set. Use the command setDesignMode -process <process node> prior to extraction for maximum accuracy and optimal automatic threshold setting.
Type 'man IMPEXT-3530' for more detail.
PreRoute RC Extraction called for design nbit_stack.
RC Extraction called in multi-corner(1) mode.
RCMode: PreRoute
      RC Corner Indexes            0   
Capacitance Scaling Factor   : 1.00000 
Resistance Scaling Factor    : 1.00000 
Clock Cap. Scaling Factor    : 1.00000 
Clock Res. Scaling Factor    : 1.00000 
Shrink Factor                : 1.00000
PreRoute extraction is honoring NDR/Shielding/ExtraSpace for clock nets.
Using Quantus QRC technology file ...
Updating RC grid for preRoute extraction ...
Initializing multi-corner resistance tables ...
PreRoute RC Extraction DONE (CPU Time: 0:00:00.1  Real Time: 0:00:01.0  MEM: 2940.695M)
Compute RC Scale Done ...
[hotspot] +------------+---------------+---------------+
[hotspot] |            |   max hotspot | total hotspot |
[hotspot] +------------+---------------+---------------+
[hotspot] | normalized |          0.00 |          0.00 |
[hotspot] +------------+---------------+---------------+
Local HotSpot Analysis: normalized max congestion hotspot area = 0.00, normalized total congestion hotspot area = 0.00 (area is in unit of 4 std-cell row bins)
GigaOpt Checkpoint: Internal congRefineRouteType -postCTS -resetVeryShortNets -rescheduleForAdherence  
Begin: GigaOpt Route Type Constraints Refinement
*** CongRefineRouteType #2 [begin] (ccopt_design #1) : totSession cpu/real = 0:07:47.0/0:09:09.1 (0.9), mem = 2975.8M
Updated routing constraints on 0 nets.
Bottom Preferred Layer:
+---------------+------------+----------+
|     Layer     |    CLK     |   Rule   |
+---------------+------------+----------+
| Metal3 (z=3)  |        178 | default  |
+---------------+------------+----------+
Via Pillar Rule:
    None
*** CongRefineRouteType #2 [finish] (ccopt_design #1) : cpu/real = 0:00:00.0/0:00:00.0 (0.8), totSession cpu/real = 0:07:47.1/0:09:09.1 (0.9), mem = 2975.8M
End: GigaOpt Route Type Constraints Refinement
skip EGR on cluster skew clock nets.
OPTC: user 20.0
AAE_INFO: opIsDesignInPostRouteState() is 0
#################################################################################
# Design Stage: PreRoute
# Design Name: nbit_stack
# Design Mode: 90nm
# Analysis Mode: MMMC Non-OCV 
# Parasitics Mode: No SPEF/RCDB 
# Signoff Settings: SI Off 
#################################################################################
Calculate delays in Single mode...
Start delay calculation (fullDC) (1 T). (MEM=2973.77)
Total number of fetched objects 30531
AAE_INFO: Total number of nets for which stage creation was skipped for all views 0
End delay calculation. (MEM=2999.45 CPU=0:00:00.8 REAL=0:00:01.0)
End delay calculation (fullDC). (MEM=2999.45 CPU=0:00:01.1 REAL=0:00:01.0)
Begin: GigaOpt postEco DRV Optimization
GigaOpt Checkpoint: Internal optDRV -inPostEcoStage -smallScaleFixing -maxIter 3 -max_tran -max_cap -maxLocalDensity 0.98 -numThreads 1 -preRouteDontEndWithRefinePlaceIncrSteinerRouteDC -postCTS
*** DrvOpt #4 [begin] (ccopt_design #1) : totSession cpu/real = 0:07:48.6/0:09:10.7 (0.9), mem = 2999.4M
Info: 36 nets with fixed/cover wires excluded.
Info: 178 clock nets excluded from IPO operation.
+-------------------------------------------------------------------------------------------------------------------------------------------------------+
|        max-tran       |        max-cap        |  max-fanout |  max-length |       setup       |        |        |        |       |          |         |
+-------------------------------------------------------------------------------------------------------------------------------------------------------+
| nets | terms|  wViol  | nets | terms|  wViol  | nets | terms| nets | terms|   WNS   |   TNS   |  #Buf  |  #Inv  | #Resize|Density|   Real   |   Mem   |
+-------------------------------------------------------------------------------------------------------------------------------------------------------+
|    88|   819|    -0.14|     0|     0|     0.00|     0|     0|     0|     0|    -0.63|  -538.42|       0|       0|       0| 79.24%|          |         |
|    42|   245|    -0.14|     0|     0|     0.00|     0|     0|     0|     0|    -0.63|  -537.34|       0|     103|       0| 79.36%| 0:00:00.0|  3069.6M|
|    42|   245|    -0.14|     0|     0|     0.00|     0|     0|     0|     0|    -0.63|  -537.34|       0|       0|       0| 79.36%| 0:00:00.0|  3069.6M|
+-------------------------------------------------------------------------------------------------------------------------------------------------------+


=======================================================================
                Reasons for remaining drv violations
=======================================================================
*info: Total 42 net(s) have violations which can't be fixed by DRV optimization.

MultiBuffering failure reasons
------------------------------------------------
*info:    42 net(s): Could not be fixed because the gain is not enough.


*** Finish DRV Fixing (cpu=0:00:00.7 real=0:00:00.0 mem=3069.6M) ***

*** DrvOpt #4 [finish] (ccopt_design #1) : cpu/real = 0:00:01.1/0:00:01.1 (1.0), totSession cpu/real = 0:07:49.8/0:09:11.8 (0.9), mem = 2982.5M
End: GigaOpt postEco DRV Optimization
GigaOpt: WNS changes after postEco optimization: -0.415 -> -0.628 (bump = 0.213)
GigaOpt: Skipping nonLegal postEco optimization
Design TNS changes after trial route: -364.559 -> -537.335
Begin: GigaOpt TNS non-legal recovery
GigaOpt Checkpoint: Internal optTiming -setupRecovery -newSetupRecovery -allEndPoints -maxLocalDensity 0.92 -numThreads 1 -nativePathGroupFlow  -NDROptEffortAuto  -ipoTgtSlackCoef 0 -effTgtSlackCoef 0 -tnsBumpRecoveryInTNS -integratedAreaOpt
Info: 36 nets with fixed/cover wires excluded.
Info: 178 clock nets excluded from IPO operation.
*** TnsOpt #2 [begin] (ccopt_design #1) : totSession cpu/real = 0:07:50.0/0:09:12.0 (0.9), mem = 2982.5M
*info: 178 clock nets excluded
*info: 36 nets with fixed/cover wires excluded.
** GigaOpt Optimizer WNS Slack -0.628 TNS Slack -537.335 Density 79.36
OptDebug: Start of Optimizer TNS Pass:
+----------+------+--------+
|Path Group|   WNS|     TNS|
+----------+------+--------+
|default   |-0.009|  -0.030|
|reg2reg   |-0.628|-537.335|
|HEPG      |-0.628|-537.335|
|All Paths |-0.628|-537.335|
+----------+------+--------+

CCOptDebug: Start of Optimizer TNS Pass: reg2reg* WNS -0.628ns TNS -537.334ns; HEPG WNS -0.628ns TNS -537.334ns; all paths WNS -0.628ns TNS -537.334ns; Real time 0:06:55
Active Path Group: reg2reg  
+--------+---------+--------+---------+---------+------------+--------+---------------------+---------+-----------------------------+
|  WNS   | All WNS |  TNS   | All TNS | Density |    Real    |  Mem   |     Worst View      |Pathgroup|          End Point          |
+--------+---------+--------+---------+---------+------------+--------+---------------------+---------+-----------------------------+
|  -0.628|   -0.628|-537.335| -537.335|   79.36%|   0:00:00.0| 3041.8M|nbit_stack_view_setup|  reg2reg| data_out_reg[3]/D           |
|  -0.570|   -0.570|-534.016| -534.016|   79.36%|   0:00:02.0| 3103.5M|nbit_stack_view_setup|  reg2reg| data_out_reg[0]/D           |
|  -0.570|   -0.570|-523.406| -523.406|   79.42%|   0:00:02.0| 3122.6M|nbit_stack_view_setup|  reg2reg| data_out_reg[0]/D           |
|  -0.570|   -0.570|-473.963| -473.963|   79.48%|   0:00:12.0| 3122.6M|nbit_stack_view_setup|  reg2reg| memory_reg[171][2]/D        |
|  -0.570|   -0.570|-446.741| -446.741|   79.51%|   0:00:06.0| 3122.6M|nbit_stack_view_setup|  reg2reg| memory_reg[171][2]/D        |
|  -0.570|   -0.570|-442.578| -442.578|   79.51%|   0:00:01.0| 3122.6M|nbit_stack_view_setup|  reg2reg| memory_reg[171][2]/D        |
|  -0.570|   -0.570|-425.345| -425.345|   79.56%|   0:00:30.0| 3122.6M|nbit_stack_view_setup|  reg2reg| memory_reg[202][2]/D        |
|  -0.570|   -0.570|-424.393| -424.393|   79.56%|   0:00:01.0| 3122.6M|nbit_stack_view_setup|  reg2reg| memory_reg[28][1]/D         |
|  -0.570|   -0.570|-421.423| -421.423|   79.58%|   0:00:02.0| 3122.6M|nbit_stack_view_setup|  reg2reg| memory_reg[28][1]/D         |
|  -0.570|   -0.570|-421.418| -421.418|   79.58%|   0:00:01.0| 3122.6M|nbit_stack_view_setup|  reg2reg| memory_reg[28][1]/D         |
|  -0.570|   -0.570|-420.128| -420.128|   79.60%|   0:00:05.0| 3122.6M|nbit_stack_view_setup|  reg2reg| memory_reg[370][0]/D        |
|  -0.570|   -0.570|-420.128| -420.128|   79.60%|   0:00:00.0| 3122.6M|nbit_stack_view_setup|  reg2reg| data_out_reg[0]/D           |
+--------+---------+--------+---------+---------+------------+--------+---------------------+---------+-----------------------------+

*** Finish Core Optimize Step (cpu=0:01:02 real=0:01:02 mem=3122.6M) ***

*** Finished Optimize Step Cumulative (cpu=0:01:02 real=0:01:02 mem=3122.6M) ***
OptDebug: End of Optimizer TNS Pass:
+----------+------+--------+
|Path Group|   WNS|     TNS|
+----------+------+--------+
|default   | 0.021|   0.000|
|reg2reg   |-0.570|-420.128|
|HEPG      |-0.570|-420.128|
|All Paths |-0.570|-420.128|
+----------+------+--------+

CCOptDebug: End of Optimizer TNS Pass: reg2reg* WNS -0.570ns TNS -420.127ns; HEPG WNS -0.570ns TNS -420.127ns; all paths WNS -0.570ns TNS -420.127ns; Real time 0:07:57
*** Starting refinePlace (0:08:52 mem=3072.6M) ***
Total net bbox length = 3.246e+05 (1.640e+05 1.606e+05) (ext = 1.638e+03)

Starting Small incrNP...
Density distribution unevenness ratio = 4.272%

Density distribution unevenness ratio = 4.265%
Move report: incrNP moves 4724 insts, mean move: 4.16 um, max move: 75.53 um 
	Max move on inst (FE_OCPC11117_FE_OFN1141_n_668): (165.40, 79.23) --> (201.60, 118.56)
Finished incrNP (cpu=0:00:00.6, real=0:00:01.0, mem=3102.9M)
End of Small incrNP (cpu=0:00:00.6, real=0:00:01.0)
Move report: Detail placement moves 11872 insts, mean move: 0.83 um, max move: 9.40 um 
	Max move on inst (FE_OFC10686_n): (44.60, 91.20) --> (54.00, 91.20)
	Runtime: CPU: 0:00:00.7 REAL: 0:00:00.0 MEM: 3088.0MB
Summary Report:
Instances move: 12897 (out of 30797 movable)
Instances flipped: 0
Mean displacement: 2.12 um
Max displacement: 75.33 um (Instance: FE_OCPC11117_FE_OFN1141_n_668) (165.4, 79.23) -> (201.4, 118.56)
	Length: 2 sites, height: 1 rows, site name: CoreSite, cell type: INVX1
Total net bbox length = 3.208e+05 (1.612e+05 1.597e+05) (ext = 1.635e+03)
Runtime: CPU: 0:00:01.3 REAL: 0:00:01.0 MEM: 3088.0MB
*** Finished refinePlace (0:08:54 mem=3088.0M) ***
*** maximum move = 75.33 um ***
*** Finished re-routing un-routed nets (3062.0M) ***

*** Finish Physical Update (cpu=0:00:01.7 real=0:00:02.0 mem=3078.0M) ***
** GigaOpt Optimizer WNS Slack -0.570 TNS Slack -468.998 Density 79.60
OptDebug: End of Setup Fixing:
+----------+------+--------+
|Path Group|   WNS|     TNS|
+----------+------+--------+
|default   | 0.008|   0.000|
|reg2reg   |-0.570|-468.998|
|HEPG      |-0.570|-468.998|
|All Paths |-0.570|-468.998|
+----------+------+--------+


*** Finish post-CTS Setup Fixing (cpu=0:01:04 real=0:01:04 mem=3078.0M) ***

*** TnsOpt #2 [finish] (ccopt_design #1) : cpu/real = 0:01:04.1/0:01:04.0 (1.0), totSession cpu/real = 0:08:54.0/0:10:16.1 (0.9), mem = 2988.9M
End: GigaOpt TNS non-legal recovery
Begin: GigaOpt Optimization in post-eco TNS mode
GigaOpt Checkpoint: Internal optTiming -postEco -postEcoLefSafe -maxLocalDensity 1.0 -numThreads 1  -allEndPoints -nativePathGroupFlow
Info: 36 nets with fixed/cover wires excluded.
Info: 178 clock nets excluded from IPO operation.
*** TnsOpt #3 [begin] (ccopt_design #1) : totSession cpu/real = 0:08:54.1/0:10:16.1 (0.9), mem = 2988.9M
*info: 178 clock nets excluded
*info: 36 nets with fixed/cover wires excluded.
** GigaOpt Optimizer WNS Slack -0.570 TNS Slack -468.998 Density 79.60
OptDebug: Start of Optimizer TNS Pass:
+----------+------+--------+
|Path Group|   WNS|     TNS|
+----------+------+--------+
|default   | 0.008|   0.000|
|reg2reg   |-0.570|-468.998|
|HEPG      |-0.570|-468.998|
|All Paths |-0.570|-468.998|
+----------+------+--------+

CCOptDebug: Start of Optimizer TNS Pass: reg2reg* WNS -0.570ns TNS -468.997ns; HEPG WNS -0.570ns TNS -468.997ns; all paths WNS -0.570ns TNS -468.997ns; Real time 0:07:59
Active Path Group: reg2reg  
+--------+---------+--------+---------+---------+------------+--------+---------------------+---------+-----------------------------+
|  WNS   | All WNS |  TNS   | All TNS | Density |    Real    |  Mem   |     Worst View      |Pathgroup|          End Point          |
+--------+---------+--------+---------+---------+------------+--------+---------------------+---------+-----------------------------+
|  -0.570|   -0.570|-468.998| -468.998|   79.60%|   0:00:00.0| 3048.1M|nbit_stack_view_setup|  reg2reg| data_out_reg[0]/D           |
|  -0.570|   -0.570|-468.998| -468.998|   79.60%|   0:00:01.0| 3063.1M|nbit_stack_view_setup|  reg2reg| data_out_reg[0]/D           |
+--------+---------+--------+---------+---------+------------+--------+---------------------+---------+-----------------------------+

*** Finish Core Optimize Step (cpu=0:00:00.5 real=0:00:01.0 mem=3063.1M) ***

*** Finished Optimize Step Cumulative (cpu=0:00:00.5 real=0:00:01.0 mem=3063.1M) ***
OptDebug: End of Optimizer TNS Pass:
+----------+------+--------+
|Path Group|   WNS|     TNS|
+----------+------+--------+
|default   | 0.008|   0.000|
|reg2reg   |-0.570|-468.998|
|HEPG      |-0.570|-468.998|
|All Paths |-0.570|-468.998|
+----------+------+--------+

CCOptDebug: End of Optimizer TNS Pass: reg2reg* WNS -0.570ns TNS -468.997ns; HEPG WNS -0.570ns TNS -468.997ns; all paths WNS -0.570ns TNS -468.997ns; Real time 0:08:00
OptDebug: End of Setup Fixing:
+----------+------+--------+
|Path Group|   WNS|     TNS|
+----------+------+--------+
|default   | 0.008|   0.000|
|reg2reg   |-0.570|-468.998|
|HEPG      |-0.570|-468.998|
|All Paths |-0.570|-468.998|
+----------+------+--------+


*** Finish post-CTS Setup Fixing (cpu=0:00:00.7 real=0:00:01.0 mem=3063.1M) ***

*** TnsOpt #3 [finish] (ccopt_design #1) : cpu/real = 0:00:01.0/0:00:01.0 (1.0), totSession cpu/real = 0:08:55.0/0:10:17.1 (0.9), mem = 2988.0M
End: GigaOpt Optimization in post-eco TNS mode
#optDebug: fT-D <X 1 0 0 0>
Register exp ratio and priority group on 0 nets on 30845 nets : 

Active setup views:
 nbit_stack_view_setup
  Dominating endpoints: 0
  Dominating TNS: -0.000

Extraction called for design 'nbit_stack' of instances=32862 and nets=30847 using extraction engine 'preRoute' .
**WARN: (IMPEXT-3530):	The process node is not set. Use the command setDesignMode -process <process node> prior to extraction for maximum accuracy and optimal automatic threshold setting.
Type 'man IMPEXT-3530' for more detail.
PreRoute RC Extraction called for design nbit_stack.
RC Extraction called in multi-corner(1) mode.
RCMode: PreRoute
      RC Corner Indexes            0   
Capacitance Scaling Factor   : 1.00000 
Resistance Scaling Factor    : 1.00000 
Clock Cap. Scaling Factor    : 1.00000 
Clock Res. Scaling Factor    : 1.00000 
Shrink Factor                : 1.00000
PreRoute extraction is honoring NDR/Shielding/ExtraSpace for clock nets.
Using Quantus QRC technology file ...
Skipped RC grid update for preRoute extraction.
Initializing multi-corner resistance tables ...
PreRoute RC Extraction DONE (CPU Time: 0:00:00.1  Real Time: 0:00:00.0  MEM: 2973.633M)
Starting delay calculation for Setup views
AAE_INFO: opIsDesignInPostRouteState() is 0
#################################################################################
# Design Stage: PreRoute
# Design Name: nbit_stack
# Design Mode: 90nm
# Analysis Mode: MMMC Non-OCV 
# Parasitics Mode: No SPEF/RCDB 
# Signoff Settings: SI Off 
#################################################################################
Calculate delays in Single mode...
Start delay calculation (fullDC) (1 T). (MEM=2975.65)
Total number of fetched objects 30845
AAE_INFO: Total number of nets for which stage creation was skipped for all views 0
End delay calculation. (MEM=3002.86 CPU=0:00:00.8 REAL=0:00:00.0)
End delay calculation (fullDC). (MEM=3002.86 CPU=0:00:01.1 REAL=0:00:01.0)
*** Done Building Timing Graph (cpu=0:00:01.6 real=0:00:02.0 totSessionCpu=0:08:57 mem=3002.9M)
OPTC: user 20.0
[NR-eGR] Num Prerouted Nets = 36  Num Prerouted Wires = 8839
[NR-eGR] Read 30845 nets ( ignored 36 )
[NR-eGR] There are 142 clock nets ( 142 with NDR ).
[NR-eGR] Layer group 1: route 142 net(s) in layer range [3, 4]
[NR-eGR] Early Global Route overflow of layer group 1: 0.00% H + 0.00% V. EstWL: 6.070500e+02um
[NR-eGR] Layer group 2: route 30667 net(s) in layer range [2, 5]
[NR-eGR] Early Global Route overflow of layer group 2: 0.00% H + 0.02% V. EstWL: 3.275112e+05um
[NR-eGR] Overflow after Early Global Route 0.00% H + 0.04% V
[NR-eGR] Finished Early Global Route kernel ( CPU: 0.16 sec, Real: 0.16 sec, Curr Mem: 3010.86 MB )
[hotspot] +------------+---------------+---------------+
[hotspot] |            |   max hotspot | total hotspot |
[hotspot] +------------+---------------+---------------+
[hotspot] | normalized |          0.00 |          0.00 |
[hotspot] +------------+---------------+---------------+
Local HotSpot Analysis: normalized max congestion hotspot area = 0.00, normalized total congestion hotspot area = 0.00 (area is in unit of 4 std-cell row bins)
[hotspot] Hotspot report including placement blocked areas
[hotspot] +------------+---------------+---------------+
[hotspot] |            |   max hotspot | total hotspot |
[hotspot] +------------+---------------+---------------+
[hotspot] | normalized |          0.00 |          0.00 |
[hotspot] +------------+---------------+---------------+
Local HotSpot Analysis (blockage included): normalized max congestion hotspot area = 0.00, normalized total congestion hotspot area = 0.00 (area is in unit of 4 std-cell row bins)
Reported timing to dir ./timingReports
**optDesign ... cpu = 0:07:43, real = 0:07:44, mem = 2279.9M, totSessionCpu=0:08:57 **

------------------------------------------------------------------
     optDesign Final Summary
------------------------------------------------------------------

Setup views included:
 nbit_stack_view_setup 

+--------------------+---------+---------+---------+
|     Setup mode     |   all   | reg2reg | default |
+--------------------+---------+---------+---------+
|           WNS (ns):| -0.570  | -0.570  |  0.006  |
|           TNS (ns):|-468.627 |-468.627 |  0.000  |
|    Violating Paths:|  3103   |  3103   |    0    |
|          All Paths:|  3488   |  3444   |  3488   |
+--------------------+---------+---------+---------+

+----------------+-------------------------------+------------------+
|                |              Real             |       Total      |
|    DRVs        +------------------+------------+------------------|
|                |  Nr nets(terms)  | Worst Vio  |  Nr nets(terms)  |
+----------------+------------------+------------+------------------+
|   max_cap      |      0 (0)       |   0.000    |      0 (0)       |
|   max_tran     |      4 (20)      |   -0.080   |      4 (20)      |
|   max_fanout   |      0 (0)       |     0      |      0 (0)       |
|   max_length   |      0 (0)       |     0      |      0 (0)       |
+----------------+------------------+------------+------------------+

Density: 79.603%
Routing Overflow: 0.00% H and 0.04% V
------------------------------------------------------------------
**optDesign ... cpu = 0:07:43, real = 0:07:45, mem = 2276.4M, totSessionCpu=0:08:58 **
*** Finished optDesign ***
Info: Destroy the CCOpt slew target map.

*** Summary of all messages that are not suppressed in this session:
Severity  ID               Count  Summary                                  
WARNING   IMPEXT-3530          5  The process node is not set. Use the com...
WARNING   IMPSP-1760           1  Buffer footprint does not have non-inver...
WARNING   IMPSP-9025           1  No scan chain specified/traced.          
WARNING   IMPOPT-3535          1  OptDesign command could not find any buf...
WARNING   IMPOPT-3532          1  No usable buffer has been found. It coul...
WARNING   IMPCCOPT-1182        1  The clock_gating_cells property has no u...
WARNING   IMPCCOPT-2231        4  CCOpt data structures have been affected...
WARNING   IMPTCM-77            2  Option "%s" for command %s is obsolete a...
WARNING   IMPPSP-1003         17  Found use of '%s'. This will continue to...
*** Message Summary: 33 warning(s), 0 error(s)

*** ccopt_design #1 [finish] : cpu/real = 0:08:01.0/0:08:02.6 (1.0), totSession cpu/real = 0:08:57.8/0:10:20.4 (0.9), mem = 2979.0M
