Cadence Genus(TM) Synthesis Solution.
Copyright 2024 Cadence Design Systems, Inc. All rights reserved worldwide.
Cadence and the Cadence logo are registered trademarks and Genus is a trademark
of Cadence Design Systems, Inc. in the United States and other countries.

[01:53:08.179081] Configured Lic search path (21.01-s002): 27432@police.ceas1.uc.edu

Version: 21.19-s055_1, built Wed May 29 13:33:07 PDT 2024
Options: -legacy_ui -files /home/shivansa/CUSTOM-CIRCUIT-DESIGN/PROJECT_shivansa/Synth/InputFiles/Tcl/init.tcl 
Date:    Fri Dec 06 01:53:08 2024
Host:    ece-rh810-8 (x86_64 w/Linux 5.15.0-126-generic) (20cores*28cpus*1physical cpu*Intel(R) Core(TM) i7-14700K 33792KB) (65519760KB)
PID:     1337930
OS:      CentOS Linux release 7.9.2009 (Core)


[01:53:08.156225] Periodic Lic check successful
[01:53:08.156234] Feature usage summary:
[01:53:08.156234] Genus_Synthesis
Checking out license: Genus_Synthesis


***********************************************************************************************************
***********************************************************************************************************



Loading tool scripts...
Finished loading tool scripts (22 seconds elapsed).

#@ Processing -files option
@genus 1> source /home/shivansa/CUSTOM-CIRCUIT-DESIGN/PROJECT_shivansa/Synth/InputFiles/Tcl/init.tcl
“=================”
“Started”
“=================”
  Setting attribute of root '/': 'lib_search_path' = /opt/eda/cadence/local/GSCLIB045_Fall2024_SymbolwithVDDVSS/lan/flow/t1u1/reference_libs/GPDK045/gsclib045_all_v4.4/gsclib045/timing

Threads Configured:3

  Message Summary for Library slow_vdd1v2_basicCells.lib:
  *******************************************************
  Missing a function attribute in the output pin definition. [LBR-518]: 1
  *******************************************************
 
Info    : Created nominal operating condition. [LBR-412]
        : Operating condition '_nominal_' was created for the PVT values (1.000000, 1.080000, 125.000000) in library 'slow_vdd1v2_basicCells.lib'.
        : The nominal operating condition is represented, either by the nominal PVT values specified in the library source (via nom_process,nom_voltage and nom_temperature respectively), or by the default PVT values (1.0,1.0,1.0).
Warning : Library cell has no output pins defined. [LBR-9]
        : Library cell 'ANTENNA' must have an output pin.
        : Add the missing output pin(s), then reload the library. Else the library cell will be marked as timing model i.e. unusable. Timing_model means that the cell does not have any defined function. If there is no output pin, Genus will mark library cell as unusable i.e. the attribute 'usable' will be marked to 'false' on the libcell. Therefore, the cell is not used for mapping and it will not be picked up from the library for synthesis. If you query the attribute 'unusable_reason' on the libcell; result will be: 'Library cell has no output pins.'Note: The message LBR-9 is only for the logical pins and not for the power_ground pins. Genus will depend upon the output function defined in the pin group (output pin) of the cell, to use it for mapping. The pg_pin will not have any function defined.
Warning : Library cell has no output pins defined. [LBR-9]
        : Library cell 'ANTENNA' must have an output pin.
Warning : Library cell has no output pins defined. [LBR-9]
        : Library cell 'DECAP10' must have an output pin.
Warning : Library cell has no output pins defined. [LBR-9]
        : Library cell 'DECAP10' must have an output pin.
Warning : Library cell has no output pins defined. [LBR-9]
        : Library cell 'DECAP2' must have an output pin.
Warning : Library cell has no output pins defined. [LBR-9]
        : Library cell 'DECAP2' must have an output pin.
Warning : Library cell has no output pins defined. [LBR-9]
        : Library cell 'DECAP3' must have an output pin.
Warning : Library cell has no output pins defined. [LBR-9]
        : Library cell 'DECAP3' must have an output pin.
Warning : Library cell has no output pins defined. [LBR-9]
        : Library cell 'DECAP4' must have an output pin.
Warning : Library cell has no output pins defined. [LBR-9]
        : Library cell 'DECAP4' must have an output pin.
Warning : Library cell has no output pins defined. [LBR-9]
        : Library cell 'DECAP5' must have an output pin.
Warning : Library cell has no output pins defined. [LBR-9]
        : Library cell 'DECAP5' must have an output pin.
Warning : Library cell has no output pins defined. [LBR-9]
        : Library cell 'DECAP6' must have an output pin.
Warning : Library cell has no output pins defined. [LBR-9]
        : Library cell 'DECAP6' must have an output pin.
Warning : Library cell has no output pins defined. [LBR-9]
        : Library cell 'DECAP7' must have an output pin.
Warning : Library cell has no output pins defined. [LBR-9]
        : Library cell 'DECAP7' must have an output pin.
Warning : Library cell has no output pins defined. [LBR-9]
        : Library cell 'DECAP8' must have an output pin.
Warning : Library cell has no output pins defined. [LBR-9]
        : Library cell 'DECAP8' must have an output pin.
Warning : Library cell has no output pins defined. [LBR-9]
        : Library cell 'DECAP9' must have an output pin.
Warning : Library cell has no output pins defined. [LBR-9]
        : Library cell 'DECAP9' must have an output pin.
  Setting attribute of root '/': 'library' = slow_vdd1v2_basicCells.lib
    integer sp = 0;  // Stack pointer
                  |
Warning : Ignoring unsynthesizable construct. [VLOGPT-37]
        : Initial value assignment to reg in file '/home/shivansa/CUSTOM-CIRCUIT-DESIGN/PROJECT_shivansa/Synth/InputFiles/RTL/verilog.v' on line 23, column 19.
        : For example, the following constructs will be ignored:
    - initial block
    - final block
    - program block
    - property block
    - sequence block
    - covergroup
    - checker block
    - gate drive strength
    - system task enable
    - reg declaration with initial value
    - specify block.
            $stop;  // Stop the simulation 
                 |
Warning : Ignoring unsynthesizable construct. [VLOGPT-37]
        : Call to system task '$stop' in file '/home/shivansa/CUSTOM-CIRCUIT-DESIGN/PROJECT_shivansa/Synth/InputFiles/RTL/verilog.v' on line 75, column 18.
            $stop;  // Stop the simulation 
                 |
Warning : Ignoring unsynthesizable construct. [VLOGPT-37]
        : Call to system task '$stop' in file '/home/shivansa/CUSTOM-CIRCUIT-DESIGN/PROJECT_shivansa/Synth/InputFiles/RTL/verilog.v' on line 79, column 18.
  Library has 324 usable logic and 128 usable sequential lib-cells.
Info    : Elaborating Design. [ELAB-1]
        : Elaborating top-level block 'nbit_stack' from file '/home/shivansa/CUSTOM-CIRCUIT-DESIGN/PROJECT_shivansa/Synth/InputFiles/RTL/verilog.v'.
Warning : Using default parameter value for module elaboration. [CDFG-818]
        : Elaborating block 'nbit_stack' with default parameters value.
Warning : Removing unused register. [CDFG-508]
        : Removing unused flip-flop register 'scan_reg_sp' in module 'nbit_stack' in file '/home/shivansa/CUSTOM-CIRCUIT-DESIGN/PROJECT_shivansa/Synth/InputFiles/RTL/verilog.v' on line 31.
        : Genus removes the flip-flop or latch inferred for an unused signal or variable. To preserve the flip-flop or latch, set the hdl_preserve_unused_registers attribute to true or use a pragma in the RTL.
Info    : Done Elaborating Design. [ELAB-3]
        : Done elaborating 'nbit_stack'.
Checking for analog nets...
Check completed for analog nets.
Checking for source RTL...
Check completed for source RTL.
Running Unified Mux Engine Tricks...
Completed Unified Mux Engine Tricks

Stage: post_elab
-------------------------------------------------------
| Trick             | Accepts | Rejects | Runtime (s) | 
-------------------------------------------------------
| ume_constant_bmux |       0 |       0 |        0.00 | 
-------------------------------------------------------
Starting clip mux common data inputs [v1.0] (stage: post_elab, startdef: nbit_stack, recur: true)
Completed clip mux common data inputs (accepts: 0, rejects: 0, runtime: 0.000s)
Starting clip the non-user hierarchies [v2.0] (stage: post_elab, startdef: nbit_stack, recur: true)
Completed clip the non-user hierarchies (accepts: 0, rejects: 0, runtime: 0.000s)

Stage: post_elab
--------------------------------------------------------
| Transform          | Accepts | Rejects | Runtime (s) | 
--------------------------------------------------------
| hlo_clip_mux_input |       0 |       0 |        0.00 | 
| hlo_clip           |       0 |       0 |        0.00 | 
--------------------------------------------------------


 	 Check Design Report (c)
	 ------------------- 

  Unresolved References & Empty Modules
  ------------------------------------- 
No unresolved references in design 'nbit_stack'

No empty modules in design 'nbit_stack'

  Done Checking the design.
Warning : Could not find requested search value. [SDC-208] [get_ports]
        : The 'get_ports' command on line '5' of the SDC file '/home/shivansa/CUSTOM-CIRCUIT-DESIGN/PROJECT_shivansa/Synth/InputFiles/SDC/Constraints.sdc'  cannot find any ports named 'x'
        : Use get_* commands to find the objects along with a wild card entry in the name of the object to check if the object is existing with different naming style.
Error   : Invalid SDC command option combination. [SDC-204] [set_io_delay]
        : The set_io_delay command does not accept empty ports lists
        : This option is not valid for the indicated SDC command. Check the SDC command and contact Cadence customer support if you believe this option combination should be supported.
Error   : Could not interpret SDC command. [SDC-202] [read_sdc]
        : The 'read_sdc' command encountered an error while processing this command on line '5' of the SDC file '/home/shivansa/CUSTOM-CIRCUIT-DESIGN/PROJECT_shivansa/Synth/InputFiles/SDC/Constraints.sdc': set_input_delay -clock [get_clocks clk] -add_delay 0.0 [get_ports x].
        : The 'read_sdc' command encountered a problem while trying to evaluate an SDC command. This SDC command will be added to the Tcl variable $::dc::sdc_failed_commands.
Warning : Could not find requested search value. [SDC-208] [get_ports]
        : The 'get_ports' command on line '7' of the SDC file '/home/shivansa/CUSTOM-CIRCUIT-DESIGN/PROJECT_shivansa/Synth/InputFiles/SDC/Constraints.sdc'  cannot find any ports named 'y'
Error   : Could not interpret SDC command. [SDC-202] [read_sdc]
        : The 'read_sdc' command encountered an error while processing this command on line '7' of the SDC file '/home/shivansa/CUSTOM-CIRCUIT-DESIGN/PROJECT_shivansa/Synth/InputFiles/SDC/Constraints.sdc': set_output_delay -clock [get_clocks clk] -add_delay 0.0 [get_ports y].
  Setting attribute of libcell 'INVX1': 'avoid' = false
  Setting attribute of libcell 'NAND2X1': 'avoid' = false
  Setting attribute of libcell 'NOR2X1': 'avoid' = false
  Setting attribute of libcell 'OR2X1': 'avoid' = false
  Setting attribute of libcell 'AND2X1': 'avoid' = false
  Setting attribute of libcell 'XOR2X1': 'avoid' = false
  Setting attribute of libcell 'XNOR2X1': 'avoid' = false
  Setting attribute of libcell 'DFFRHQX1': 'avoid' = false
Statistics for commands executed by read_sdc:
 "create_clock"             - successful      1 , failed      0 (runtime  0.00)
 "current_design"           - successful      1 , failed      0 (runtime  0.00)
 "get_clocks"               - successful      3 , failed      0 (runtime  0.00)
 "get_lib_cells"            - successful      1 , failed      0 (runtime  0.00)
 "get_ports"                - successful      2 , failed      2 (runtime  0.00)
 "set_dont_use"             - successful      1 , failed      0 (runtime  0.00)
 "set_input_delay"          - successful      1 , failed      1 (runtime  0.00)
 "set_output_delay"         - successful      0 , failed      1 (runtime  0.00)
Warning : Total failed commands during read_sdc are 4
Warning : One or more commands failed when these constraints were applied. [SDC-209]
        : The 'read_sdc' command encountered a problem while processing commands.
        : You can examine the failed commands or save them to a file by querying the Tcl variable $::dc::sdc_failed_commands.
read_sdc completed in 00:00:01 (hh:mm:ss)
  Library has 7 usable logic and 1 usable sequential lib-cells.

Stage: pre_early_cg
-----------------------------------------------
| Transform | Accepts | Rejects | Runtime (s) | 
-----------------------------------------------
-----------------------------------------------
##Generic Timing Info for library domain: _default_ typical gate delay: 107.4 ps std_slew: 11.0 ps std_load: 0.4 fF
Starting mux data reorder optimization [v1.0] (stage: pre_to_gen_setup, startdef: nbit_stack, recur: true)
Completed mux data reorder optimization (accepts: 0, rejects: 0, runtime: 0.008s)

Stage: pre_to_gen_setup
-----------------------------------------------------
| Transform       | Accepts | Rejects | Runtime (s) | 
-----------------------------------------------------
| hlo_mux_reorder |       0 |       0 |        0.01 | 
-----------------------------------------------------
Info    : Synthesizing. [SYNTH-1]
        : Synthesizing 'nbit_stack' to generic gates using 'medium' effort.
Running Synthesis Turbo Flow Version 1.
PBS_Generic-Start - Elapsed_Time 0, CPU_Time 0.0
stamp 'PBS_Generic-Start' being created for table 'pbs_debug'

  Total Time (Wall) |  Stage Time (Wall)  |   % (Wall)   |    Date - Time     |  Memory   | Stage
--------------------+---------------------+--------------+--------------------+-----------+----------------------
 00:00:10(00:00:15) |  00:00:00(00:00:00) |   0.0(  0.0) |    1:53:35 (Dec06) |  607.8 MB | PBS_Generic-Start
--------------------+---------------------+--------------+--------------------+-----------+----------------------
Number of threads: 8 * 1   (id: pbs_debug, time_info v1.57)
Info: (*N*) indicates data that was populated from previously saved time_info database
Info: CPU time includes time of parent + longest thread
TNS Restructuring config: no_value at stage: generic applied.
Info    : Partition Based Synthesis execution skipped. [PHYS-752]
        : Design size is less than the partition size '100000' for distributed generic optimization to kick in.
Starting mux data reorder optimization [v1.0] (stage: pre_to_gen_setup, startdef: nbit_stack, recur: true)
Completed mux data reorder optimization (accepts: 0, rejects: 0, runtime: 0.009s)

Stage: pre_to_gen_setup
-----------------------------------------------------
| Transform       | Accepts | Rejects | Runtime (s) | 
-----------------------------------------------------
| hlo_mux_reorder |       0 |       0 |        0.01 | 
-----------------------------------------------------
Starting mux data reorder optimization [v1.0] (stage: post_to_gen_setup, startdef: nbit_stack, recur: true)
Completed mux data reorder optimization (accepts: 0, rejects: 0, runtime: 0.008s)

Stage: post_to_gen_setup
-----------------------------------------------------
| Transform       | Accepts | Rejects | Runtime (s) | 
-----------------------------------------------------
| hlo_mux_reorder |       0 |       0 |        0.01 | 
-----------------------------------------------------
Running Unified Mux Engine Tricks...
Completed Unified Mux Engine Tricks

Stage: pre_hlo_rtlopt
-------------------------------------------
| Trick | Accepts | Rejects | Runtime (s) | 
-------------------------------------------
-------------------------------------------
Starting infer macro optimization [v1.0] (stage: pre_rtlopt, startdef: nbit_stack, recur: true)
Completed infer macro optimization (accepts: 0, rejects: 0, runtime: 0.007s)
Starting decode mux sandwich optimization [v2.0] (stage: pre_rtlopt, startdef: nbit_stack, recur: true)
Completed decode mux sandwich optimization (accepts: 0, rejects: 0, runtime: 0.000s)
Starting decode mux optimization [v1.0] (stage: pre_rtlopt, startdef: nbit_stack, recur: true)
Completed decode mux optimization (accepts: 0, rejects: 0, runtime: 0.000s)
Starting chop wide muxes [v1.0] (stage: pre_rtlopt, startdef: nbit_stack, recur: true)
Completed chop wide muxes (accepts: 0, rejects: 0, runtime: 0.000s)
Starting common data mux cascade opt [v1.0] (stage: pre_rtlopt, startdef: nbit_stack, recur: true)
Completed common data mux cascade opt (accepts: 0, rejects: 0, runtime: 0.000s)
Starting mux input consolidation [v1.0] (stage: pre_rtlopt, startdef: nbit_stack, recur: true)
Completed mux input consolidation (accepts: 0, rejects: 0, runtime: 0.001s)
Starting constant-data mux optimization [v1.0] (stage: pre_rtlopt, startdef: nbit_stack, recur: true)
Completed constant-data mux optimization (accepts: 0, rejects: 0, runtime: 0.000s)
Starting chain-to-tree inequality transform [v2.0] (stage: pre_rtlopt, startdef: nbit_stack, recur: true)
Completed chain-to-tree inequality transform (accepts: 0, rejects: 0, runtime: 0.008s)
Starting reconvergence optimization [v1.0] (stage: pre_rtlopt, startdef: nbit_stack, recur: true)
Completed reconvergence optimization (accepts: 0, rejects: 0, runtime: 0.001s)
Starting logic restructure optimization [v1.0] (stage: pre_rtlopt, startdef: nbit_stack, recur: true)
Completed logic restructure optimization (accepts: 0, rejects: 0, runtime: 0.001s)
Starting common select mux optimization [v1.0] (stage: pre_rtlopt, startdef: nbit_stack, recur: true)
Completed common select mux optimization (accepts: 0, rejects: 0, runtime: 0.001s)
Starting identity transform [v3.0] (stage: pre_rtlopt, startdef: nbit_stack, recur: true)
Completed identity transform (accepts: 0, rejects: 0, runtime: 0.001s)
Starting reduce operator chain [v1.0] (stage: pre_rtlopt, startdef: nbit_stack, recur: true)
Completed reduce operator chain (accepts: 0, rejects: 0, runtime: 0.000s)
Starting common data mux cascade opt [v1.0] (stage: pre_rtlopt, startdef: nbit_stack, recur: true)
Completed common data mux cascade opt (accepts: 0, rejects: 0, runtime: 0.000s)
Starting mux input consolidation [v1.0] (stage: pre_rtlopt, startdef: nbit_stack, recur: true)
Completed mux input consolidation (accepts: 0, rejects: 0, runtime: 0.001s)
Starting optimize datapath elements [v1.0] (stage: pre_rtlopt, startdef: nbit_stack, recur: true)
Completed optimize datapath elements (accepts: 2, rejects: 0, runtime: 0.001s)
Starting datapath recasting [v1.0] (stage: pre_rtlopt, startdef: nbit_stack, recur: true)
Completed datapath recasting (accepts: 0, rejects: 0, runtime: 0.000s)
Starting clip mux common data inputs [v1.0] (stage: pre_rtlopt, startdef: nbit_stack, recur: true)
Completed clip mux common data inputs (accepts: 0, rejects: 0, runtime: 0.000s)
Starting clip the non-user hierarchies [v2.0] (stage: pre_rtlopt, startdef: nbit_stack, recur: true)
Completed clip the non-user hierarchies (accepts: 0, rejects: 0, runtime: 0.001s)

Stage: pre_rtlopt
---------------------------------------------------------------
| Transform                 | Accepts | Rejects | Runtime (s) | 
---------------------------------------------------------------
| hlo_infer_macro           |       0 |       0 |        0.01 | 
| hlo_decode_mux_sandwich   |       0 |       0 |        0.00 | 
| hlo_mux_decode            |       0 |       0 |        0.00 | 
| hlo_chop_mux              |       0 |       0 |        0.00 | 
| hlo_mux_cascade_opt       |       0 |       0 |        0.00 | 
| hlo_mux_consolidation     |       0 |       0 |        0.00 | 
| hlo_constant_mux_opt      |       0 |       0 |        0.00 | 
| hlo_inequality_transform  |       0 |       0 |        0.01 | 
| hlo_reconv_opt            |       0 |       0 |        0.00 | 
| hlo_restructure           |       0 |       0 |        0.00 | 
| hlo_common_select_muxopto |       0 |       0 |        0.00 | 
| hlo_identity_transform    |       0 |       0 |        0.00 | 
| hlo_reduce_operator_chain |       0 |       0 |        0.00 | 
| hlo_mux_cascade_opt       |       0 |       0 |        0.00 | 
| hlo_mux_consolidation     |       0 |       0 |        0.00 | 
| hlo_optimize_datapath     |       2 |       0 |        0.00 | 
| hlo_datapath_recast       |       0 |       0 |        0.00 | 
| hlo_clip_mux_input        |       0 |       0 |        0.00 | 
| hlo_clip                  |       0 |       0 |        0.00 | 
---------------------------------------------------------------
Running Unified Mux Engine Tricks...
Completed Unified Mux Engine Tricks

Stage: post_hlo_rtlopt
-------------------------------------------------
| Trick       | Accepts | Rejects | Runtime (s) | 
-------------------------------------------------
| ume_runtime |       1 |       0 |        0.00 | 
| ume_runtime |       1 |       0 |        0.00 | 
-------------------------------------------------
Number of big hc bmuxes before = 0
Info    : Pre-processed datapath logic. [DPOPT-6]
        : Pre-processing optimizations applied to datapath logic in 'nbit_stack':
          output_trim(1) 
Info    : Optimizing datapath logic. [DPOPT-1]
        : Optimizing datapath logic in 'nbit_stack'.
Info    : Implementing datapath configurations. [DPOPT-3]
        : Implementing datapath configurations for 'CDN_DP_region_0_0'
CSAGen Prep Share:0 Re-Write:0 Speculation: 0
MaxCSA: Successfully built Maximal CSA Expression Expr0
CDN_DP_region_0_0 level = 0 loads = 0 drivers = 0
CDN_DP_region_0_0_c0 in nbit_stack: area: 591265050 ,dp = 3 mux = 1 sg = slow         worst_clk_period: -1.0000 
    wns: 17486  norm_wns:  -1.0000 
    fail_endp: -1 
    tns:  179012  tns_per_endp:  -1.0000   norm_tns_per_endp:  -1.0000 
    tns_sense_max:  -1.0000  tns_sense_avg:  -1.0000   tns_sense_num: -1
    power:  -9223372036854775808  
 skipped
CDN_DP_region_0_0_c1 in nbit_stack: area: 526837548 ,dp = 3 mux = 1 sg = fast         worst_clk_period: -1.0000 
    wns: 17486  norm_wns:  -1.0000 
    fail_endp: -1 
    tns:  179012  tns_per_endp:  -1.0000   norm_tns_per_endp:  -1.0000 
    tns_sense_max:  -1.0000  tns_sense_avg:  -1.0000   tns_sense_num: -1
    power:  -9223372036854775808  
 is current best
CDN_DP_region_0_0_c2 in nbit_stack: area: 526837548 ,dp = 3 mux = 1 sg = very_slow    worst_clk_period: -1.0000 
    wns: 17486  norm_wns:  -1.0000 
    fail_endp: -1 
    tns:  179012  tns_per_endp:  -1.0000   norm_tns_per_endp:  -1.0000 
    tns_sense_max:  -1.0000  tns_sense_avg:  -1.0000   tns_sense_num: -1
    power:  -9223372036854775808  
 is current best
CDN_DP_region_0_0_c3 in nbit_stack: area: 526837548 ,dp = 3 mux = 1 sg = very_fast    worst_clk_period: -1.0000 
    wns: 17486  norm_wns:  -1.0000 
    fail_endp: -1 
    tns:  179012  tns_per_endp:  -1.0000   norm_tns_per_endp:  -1.0000 
    tns_sense_max:  -1.0000  tns_sense_avg:  -1.0000   tns_sense_num: -1
    power:  -9223372036854775808  
 is current best
CDN_DP_region_0_0_c4 in nbit_stack: area: 526837548 ,dp = 3 mux = 1 sg = very_fast    worst_clk_period: -1.0000 
    wns: 17486  norm_wns:  -1.0000 
    fail_endp: -1 
    tns:  179012  tns_per_endp:  -1.0000   norm_tns_per_endp:  -1.0000 
    tns_sense_max:  -1.0000  tns_sense_avg:  -1.0000   tns_sense_num: -1
    power:  -9223372036854775808  
 is current best
CDN_DP_region_0_0_c5 in nbit_stack: area: 526837548 ,dp = 3 mux = 1 sg = very_fast    worst_clk_period: -1.0000 
    wns: 17486  norm_wns:  -1.0000 
    fail_endp: -1 
    tns:  179012  tns_per_endp:  -1.0000   norm_tns_per_endp:  -1.0000 
    tns_sense_max:  -1.0000  tns_sense_avg:  -1.0000   tns_sense_num: -1
    power:  -9223372036854775808  
 is current best
CDN_DP_region_0_0_c6 in nbit_stack: area: 526837548 ,dp = 3 mux = 1 sg = very_fast    worst_clk_period: -1.0000 
    wns: 17486  norm_wns:  -1.0000 
    fail_endp: -1 
    tns:  179012  tns_per_endp:  -1.0000   norm_tns_per_endp:  -1.0000 
    tns_sense_max:  -1.0000  tns_sense_avg:  -1.0000   tns_sense_num: -1
    power:  -9223372036854775808  
 is current best
CDN_DP_region_0_0_c7 in nbit_stack: area: 601051506 ,dp = 3 mux = 1 sg = very_fast    worst_clk_period: -1.0000 
    wns: 17486  norm_wns:  -1.0000 
    fail_endp: -1 
    tns:  312263  tns_per_endp:  -1.0000   norm_tns_per_endp:  -1.0000 
    tns_sense_max:  -1.0000  tns_sense_avg:  -1.0000   tns_sense_num: -1
    power:  -9223372036854775808  

Best config: CDN_DP_region_0_0_c6 in nbit_stack: area: 526837548 ,dp = 3 mux = 1 sg = very_fast    worst_clk_period: -1.0000 
    wns: 17486  norm_wns:  -1.0000 
    fail_endp: -1 
    tns:  179012  tns_per_endp:  -1.0000   norm_tns_per_endp:  -1.0000 
    tns_sense_max:  -1.0000  tns_sense_avg:  -1.0000   tns_sense_num: -1
    power:  -9223372036854775808  
  Smallest config area : 526837548.  Fastest config wns;  17486
##>+----------------------------------------------------------------------------------------------------------------------------------------------------------------+
##>Summary table of configs (Best config is CDN_DP_region_0_0_c6)
##>+----------------------------------------------------------------------------------------------------------------------------------------------------------------+
##>                     0                  1                  2                  3                  4                  5                  6                  7            
##>+----------------------------------------------------------------------------------------------------------------------------------------------------------------+
##>           Area        591265050          526837548          526837548          526837548          526837548          526837548          526837548          601051506  
##>            WNS         -1748.60           -1748.60           -1748.60           -1748.60           -1748.60           -1748.60           -1748.60           -1748.60  
##>            TNS           179012             179012             179012             179012             179012             179012             179012             312263  
##>    Num Rewrite                0                  0                  0                  0                  0                  0                  0                  1  
##>     Num Factor                0                  0                  0                  0                  0                  0                  0                  0  
##>      Num Share                0                  0                  0                  0                  0                  0                  0                  0  
##>   Num CmultCse                0                  0                  0                  0                  0                  0                  0                  0  
##>   Num Downsize                0                  0                  0                  0                  0                  0                  0                  0  
##>  Num Speculate                0                  0                  0                  0                  0                  0                  0                  1  
##>     Runtime(s)                0                  0                  0                  0                  0                  0                  0                  0  
+----------------------------------------------------------------------------------------------------------------------------------------------------------------+
##>
##>
##>+-----------------------------------------------------------------------------------------------------------------------------------------------------------------------------------------------------+
##>Optimization Step DEBUG Table for config CDN_DP_region_0_0_c6
##>
##>                          Step                        Area   (  % Chg)         WNS (Change)          TNS (Change)                Power   (  % Chg)        Runtime (s)        Comment                   
##>+-----------------------------------------------------------------------------------------------------------------------------------------------------------------------------------------------------+
##>createMaxCarrySave              START              591265050 (       )    107372433.80 (        )          0 (        )                    0 (       )              
##> datapath_rewrite_one_def       START              591265050 (  +0.00)    107372433.80 (   +0.00)          0 (       0)                    0 (  +0.00)              
##>  fast_cse_elim                 START              591265050 (  +0.00)    107372433.80 (   +0.00)          0 (       0)                    0 (  +0.00)              
##>                                  END              591265050 (  +0.00)    107372433.80 (   +0.00)          0 (       0)                    0 (  +0.00)           0  
##>  fast_cse_elim                 START              591265050 (  +0.00)    107372433.80 (   +0.00)          0 (       0)                    0 (  +0.00)              
##>                                  END              591265050 (  +0.00)    107372433.80 (   +0.00)          0 (       0)                    0 (  +0.00)           0  
##>  rewrite                       START              591265050 (  +0.00)    107372433.80 (   +0.00)          0 (       0)                    0 (  +0.00)              (na,csaa) uneven_signed_add_sub_with_select --> uneven_signed_add_sub_with_mux_v2
##>                                  END              671187774 ( +13.52)    107372434.40 (   +0.60)          0 (       0)                    0 (  +0.00)           0  
##>                                  END              591265050 (  +0.00)    107372433.80 (   +0.00)          0 (       0)                    0 (  +0.00)           0  
##> dpopt_share_one_def            START              591265050 (  +0.00)    107372433.80 (   +0.00)          0 (       0)                    0 (  +0.00)              
##>                                  END              591265050 (  +0.00)    107372433.80 (   +0.00)          0 (       0)                    0 (  +0.00)           0  
##> csa_opto                       START              591265050 (  +0.00)    214748364.70 (+107375930.90)          0 (       0)                    0 (  +0.00)              
##>                                  END              565167834 (  -4.41)    214748364.70 (   +0.00)          0 (       0)                    0 (  +0.00)           0  
##>                                  END              565167834 (  -4.41)    214748364.70 (+107375930.90)          0 (       0)                    0 (  +0.00)           0  
##>canonicalize_by_names           START              565167834 (  +0.00)    214748364.70 (   +0.00)          0 (       0)                    0 (  +0.00)              
##>                                  END              565167834 (  +0.00)    214748364.70 (   +0.00)          0 (       0)                    0 (  +0.00)           0  
##>datapath_rewrite_post_csa_one_  START              565167834 (  +0.00)    214748364.70 (   +0.00)          0 (       0)                    0 (  +0.00)              
##>                                  END              565167834 (  +0.00)    214748364.70 (   +0.00)          0 (       0)                    0 (  +0.00)           0  
##>datapath_csa_factoring_one_gde  START              565167834 (  +0.00)    214748364.70 (   +0.00)          0 (       0)                    0 (  +0.00)              
##>                                  END              565167834 (  +0.00)    214748364.70 (   +0.00)          0 (       0)                    0 (  +0.00)           0  
##>dpopt_share_one_def             START              565167834 (  +0.00)    214748364.70 (   +0.00)          0 (       0)                    0 (  +0.00)              
##>                                  END              565167834 (  +0.00)    214748364.70 (   +0.00)          0 (       0)                    0 (  +0.00)           0  
##>datapath_rewrite_post_share     START              565167834 (  +0.00)    214748364.70 (   +0.00)          0 (       0)                    0 (  +0.00)              
##>                                  END              565167834 (  +0.00)    214748364.70 (   +0.00)          0 (       0)                    0 (  +0.00)           0  
##>dp_combine_const_mult_with_com  START              565167834 (  +0.00)    214748364.70 (   +0.00)          0 (       0)                    0 (  +0.00)              
##>                                  END              565167834 (  +0.00)    214748364.70 (   +0.00)          0 (       0)                    0 (  +0.00)           0  
##>dp_operator_level_decompositio  START              565167834 (  +0.00)    214748364.70 (   +0.00)          0 (       0)                    0 (  +0.00)              
##>                                  END              565167834 (  +0.00)    214748364.70 (   +0.00)          0 (       0)                    0 (  +0.00)           0  
##>selective_flatten_dp_config     START              565167834 (  +0.00)    214748364.70 (   +0.00)          0 (       0)                    0 (  +0.00)              
##>                                  END              565167834 (  +0.00)    214748364.70 (   +0.00)          0 (       0)                    0 (  +0.00)           0  
##>createMaxCarrySave              START              565167834 (  +0.00)    214748364.70 (   +0.00)          0 (       0)                    0 (  +0.00)              
##> datapath_rewrite_one_def       START              565167834 (  +0.00)    214748364.70 (   +0.00)          0 (       0)                    0 (  +0.00)              
##>  fast_cse_elim                 START              565167834 (  +0.00)    214748364.70 (   +0.00)          0 (       0)                    0 (  +0.00)              
##>                                  END              565167834 (  +0.00)    214748364.70 (   +0.00)          0 (       0)                    0 (  +0.00)           0  
##>  fast_cse_elim                 START              565167834 (  +0.00)    214748364.70 (   +0.00)          0 (       0)                    0 (  +0.00)              
##>                                  END              565167834 (  +0.00)    214748364.70 (   +0.00)          0 (       0)                    0 (  +0.00)           0  
##>                                  END              565167834 (  +0.00)    214748364.70 (   +0.00)          0 (       0)                    0 (  +0.00)           0  
##> dpopt_share_one_def            START              565167834 (  +0.00)    214748364.70 (   +0.00)          0 (       0)                    0 (  +0.00)              
##>                                  END              565167834 (  +0.00)    214748364.70 (   +0.00)          0 (       0)                    0 (  +0.00)           0  
##> csa_opto                       START              565167834 (  +0.00)    214748364.70 (   +0.00)          0 (       0)                    0 (  +0.00)              
##>                                  END              565167834 (  +0.00)    214748364.70 (   +0.00)          0 (       0)                    0 (  +0.00)           0  
##>                                  END              565167834 (  +0.00)    214748364.70 (   +0.00)          0 (       0)                    0 (  +0.00)           0  
##>context_based_simplify          START              561905682 (  -0.58)    214748364.70 (   +0.00)          0 (       0)                    0 (  +0.00)              
##>                                  END              526837548 (  -6.24)    214748364.70 (   +0.00)          0 (       0)                    0 (  +0.00)           0  
##>group_csa_final_adder_dp        START              526837548 (  +0.00)    214748364.70 (   +0.00)          0 (       0)                    0 (  +0.00)              
##>                                  END              526837548 (  +0.00)    214748364.70 (   +0.00)          0 (       0)                    0 (  +0.00)           0  
##>dpopt_flatten_critical_muxes_i  START              526837548 (  +0.00)    214748364.70 (   +0.00)          0 (       0)                    0 (  +0.00)              
##>                                  END              526837548 (  +0.00)    214748364.70 (   +0.00)          0 (       0)                    0 (  +0.00)           0  
##>create_score                    START              526837548 (  +0.00)    -1748.60 (-214750113.30)     179012 (  179012)                    0 (  +0.00)              
##>                                  END              526837548 (  +0.00)    -1748.60 (   +0.00)     179012 (       0)                    0 (  +0.00)           0  
##>+-----------------------------------------------------------------------------------------------------------------------------------------------------------------------------------------------------+
Committed config: CDN_DP_region_0_0_c6
Info    : Done implementing datapath configurations. [DPOPT-4]
        : Selected 'very_fast' configuration 6 for module 'CDN_DP_region_0_0_c6'.
          Optimizations applied to 'very_fast' configuration:
            rewriting(0), factoring(0), sharing(0), cmultcse(0), downsizing(0), speculation(0)
Info:  Ungrouped 0 dp-cluster instances.  0 cluster instances were left intact, to aid verification.
Info    : Done optimizing datapath logic. [DPOPT-2]
        : Done optimizing datapath logic in 'nbit_stack'.
Number of big hc bmuxes after = 0
Starting logic reduction [v1.0] (stage: post_rtlopt, startdef: nbit_stack, recur: true)
Completed logic reduction (accepts: 0, rejects: 0, runtime: 0.000s)
Starting mux data reorder optimization [v1.0] (stage: post_rtlopt, startdef: nbit_stack, recur: true)
Completed mux data reorder optimization (accepts: 0, rejects: 0, runtime: 0.002s)

Stage: post_rtlopt
---------------------------------------------------------
| Transform           | Accepts | Rejects | Runtime (s) | 
---------------------------------------------------------
| hlo_logic_reduction |       0 |       0 |        0.00 | 
| hlo_mux_reorder     |       0 |       0 |        0.00 | 
---------------------------------------------------------
Starting mux speculation [v1.0] (stage: post_muxopt, startdef: nbit_stack, recur: true)
Starting speculation optimization
Completed speculation optimization (accepts:0)
Completed mux speculation (accepts: 0, rejects: 0, runtime: 0.192s)

Stage: post_muxopt
-----------------------------------------------------
| Transform       | Accepts | Rejects | Runtime (s) | 
-----------------------------------------------------
| hlo_speculation |       0 |       0 |        0.19 | 
-----------------------------------------------------
==================================
Stage : to_generic 
==================================
  =================
   Message Summary
  =================
--------------------------------------------------------------------------------
|    Id     |  Sev   |Count |                  Message Text                    |
--------------------------------------------------------------------------------
| CDFG-250  |Info    |    1 |Processing multi-dimensional arrays.              |
| CDFG-372  |Info    |    7 |Bitwidth mismatch in assignment.                  |
|           |        |      |Review and make sure the mismatch is              |
|           |        |      | unintentional. Genus can possibly issue bitwidth |
|           |        |      | mismatch warning for explicit assignments        |
|           |        |      | present in RTL as-well-as for implicit           |
|           |        |      | assignments inferred by the tool. For example,   |
|           |        |      | in case of enum declaration without value, the   |
|           |        |      | tool will implicitly assign value to the enum    |
|           |        |      | variables. It also issues the warning for any    |
|           |        |      | bitwidth mismatch that appears in this implicit  |
|           |        |      | assignment.                                      |
| CDFG-508  |Warning |    1 |Removing unused register.                         |
|           |        |      |Genus removes the flip-flop or latch inferred for |
|           |        |      | an unused signal or variable. To preserve the    |
|           |        |      | flip-flop or latch, set the                      |
|           |        |      | hdl_preserve_unused_registers attribute to true  |
|           |        |      | or use a pragma in the RTL.                      |
| CDFG-818  |Warning |    1 |Using default parameter value for module          |
|           |        |      | elaboration.                                     |
| CWD-19    |Info    |   33 |An implementation was inferred.                   |
| DPOPT-1   |Info    |    1 |Optimizing datapath logic.                        |
| DPOPT-2   |Info    |    1 |Done optimizing datapath logic.                   |
| DPOPT-3   |Info    |    1 |Implementing datapath configurations.             |
| DPOPT-4   |Info    |    1 |Done implementing datapath configurations.        |
| DPOPT-6   |Info    |    1 |Pre-processed datapath logic.                     |
| ELAB-1    |Info    |    1 |Elaborating Design.                               |
| ELAB-3    |Info    |    1 |Done Elaborating Design.                          |
| LBR-9     |Warning |   20 |Library cell has no output pins defined.          |
|           |        |      |Add the missing output pin(s)                     |
|           |        |      | , then reload the library. Else the library cell |
|           |        |      | will be marked as timing model i.e. unusable.    |
|           |        |      | Timing_model means that the cell does not have   |
|           |        |      | any defined function. If there is no output pin, |
|           |        |      | Genus will mark library cell as unusable i.e.    |
|           |        |      | the attribute 'usable' will be marked to 'false' |
|           |        |      | on the libcell. Therefore, the cell is not used  |
|           |        |      | for mapping and it will not be picked up from    |
|           |        |      | the library for synthesis. If you query the      |
|           |        |      | attribute 'unusable_reason' on the libcell;      |
|           |        |      | result will be: 'Library cell has no output      |
|           |        |      | pins.'Note: The message LBR-9 is only for the    |
|           |        |      | logical pins and not for the power_ground pins.  |
|           |        |      | Genus will depend upon the output function       |
|           |        |      | defined in the pin group (output pin)            |
|           |        |      | of the cell, to use it for mapping. The pg_pin   |
|           |        |      | will not have any function defined.              |
| LBR-41    |Info    |    1 |An output library pin lacks a function attribute. |
|           |        |      |If the remainder of this library cell's semantic  |
|           |        |      | checks are successful, it will be considered as  |
|           |        |      | a timing-model                                   |
|           |        |      | (because one of its outputs does not have a vali |
|           |        |      | d function.                                      |
| LBR-155   |Info    |  528 |Mismatch in unateness between 'timing_sense'      |
|           |        |      | attribute and the function.                      |
|           |        |      |The 'timing_sense' attribute will be respected.   |
| LBR-161   |Info    |    1 |Setting the maximum print count of this message   |
|           |        |      | to 10 if information_level is less than 9.       |
| LBR-162   |Info    |  124 |Both 'pos_unate' and 'neg_unate' timing_sense     |
|           |        |      | arcs have been processed.                        |
|           |        |      |Setting the 'timing_sense' to non_unate.          |
| LBR-412   |Info    |    1 |Created nominal operating condition.              |
|           |        |      |The nominal operating condition is represented,   |
|           |        |      | either by the nominal PVT values specified in    |
|           |        |      | the library source                               |
|           |        |      | (via nom_process,nom_voltage and nom_temperature |
|           |        |      | respectively)                                    |
|           |        |      | , or by the default PVT values (1.0,1.0,1.0).    |
| LBR-518   |Info    |    1 |Missing a function attribute in the output pin    |
|           |        |      | definition.                                      |
| PHYS-752  |Info    |    1 |Partition Based Synthesis execution skipped.      |
| RTLOPT-40 |Info    |    1 |Transformed datapath macro.                       |
| SDC-202   |Error   |    2 |Could not interpret SDC command.                  |
|           |        |      |The 'read_sdc' command encountered a problem      |
|           |        |      | while trying to evaluate an SDC command. This    |
|           |        |      | SDC command will be added to the Tcl variable    |
|           |        |      | $::dc::sdc_failed_commands.                      |
| SDC-204   |Error   |    1 |Invalid SDC command option combination.           |
|           |        |      |This option is not valid for the indicated SDC    |
|           |        |      | command. Check the SDC command and contact       |
|           |        |      | Cadence customer support if you believe this     |
|           |        |      | option combination should be supported.          |
| SDC-208   |Warning |    2 |Could not find requested search value.            |
|           |        |      |Use get_* commands to find the objects along with |
|           |        |      | a wild card entry in the name of the object to   |
|           |        |      | check if the object is existing with different   |
|           |        |      | naming style.                                    |
| SDC-209   |Warning |    1 |One or more commands failed when these            |
|           |        |      | constraints were applied.                        |
|           |        |      |You can examine the failed commands or save them  |
|           |        |      | to a file by querying the Tcl variable           |
|           |        |      | $::dc::sdc_failed_commands.                      |
| SYNTH-1   |Info    |    1 |Synthesizing.                                     |
| TIM-1000  |Info    |    1 |Multimode clock gating check is disabled.         |
| VLOGPT-37 |Warning |    3 |Ignoring unsynthesizable construct.               |
|           |        |      |For example, the following constructs will be     |
|           |        |      | ignored:
    - initial block
    - final block
  |
|           |        |      | - program block
    - property block
    -       |
|           |        |      | sequence block
    - covergroup
    - checker    |
|           |        |      | block
    - gate drive strength
    - system     |
|           |        |      | task enable
    - reg declaration with initial   |
|           |        |      | value
    - specify block.                       |
--------------------------------------------------------------------------------
Mapper: Libraries have:
	domain _default_: 7 combo usable cells and 1 sequential usable cells
Multi-threaded constant propagation [1|0] ...
Multi-threaded Virtual Mapping    (8 threads per ST process, 8 of 28 CPUs usable)
==================================
Stage : first_condense 
==================================
  =================
   Message Summary
  =================
---------------------------------------------------------------
|  Id  |Sev  |Count |              Message Text               |
---------------------------------------------------------------
| GB-6 |Info |    1 |A datapath component has been ungrouped. |
---------------------------------------------------------------
 
Global mapping target info
==========================
Cost Group 'clk' target slack:   -38 ps
Target path end-point (Pin: data_out_reg[3]/d)


State Retention Synthesis Status
================================

Category                        Flops   Percentage
--------------------------------------------------
Total instances                  3444        100.0
Excluded from State Retention    3444        100.0
    - Will not convert           3444        100.0
      - Preserved                   0          0.0
      - Power intent excluded    3444        100.0
    - Could not convert             0          0.0
      - Scan type                   0          0.0
      - No suitable cell            0          0.0
State Retention instances           0          0.0
--------------------------------------------------

PBS_Generic_Opt-Post - Elapsed_Time 36, CPU_Time 35.666339
stamp 'PBS_Generic_Opt-Post' being created for table 'pbs_debug'

  Total Time (Wall) |  Stage Time (Wall)  |   % (Wall)   |    Date - Time     |  Memory   | Stage
--------------------+---------------------+--------------+--------------------+-----------+----------------------
 00:00:10(00:00:15) |  00:00:00(00:00:00) |   0.0(  0.0) |    1:53:35 (Dec06) |  607.8 MB | PBS_Generic-Start
--------------------+---------------------+--------------+--------------------+-----------+----------------------
 00:00:45(00:00:51) |  00:00:35(00:00:36) | 100.0(100.0) |    1:54:11 (Dec06) |  997.2 MB | PBS_Generic_Opt-Post
--------------------+---------------------+--------------+--------------------+-----------+----------------------
Number of threads: 8 * 1   (id: pbs_debug, time_info v1.57)
Info: (*N*) indicates data that was populated from previously saved time_info database
Info: CPU time includes time of parent + longest thread
PBS_Generic-Postgen HBO Optimizations - Elapsed_Time 0, CPU_Time 0.0
stamp 'PBS_Generic-Postgen HBO Optimizations' being created for table 'pbs_debug'

  Total Time (Wall) |  Stage Time (Wall)  |   % (Wall)   |    Date - Time     |  Memory   | Stage
--------------------+---------------------+--------------+--------------------+-----------+----------------------
 00:00:10(00:00:15) |  00:00:00(00:00:00) |   0.0(  0.0) |    1:53:35 (Dec06) |  607.8 MB | PBS_Generic-Start
--------------------+---------------------+--------------+--------------------+-----------+----------------------
 00:00:45(00:00:51) |  00:00:35(00:00:36) | 100.0(100.0) |    1:54:11 (Dec06) |  997.2 MB | PBS_Generic_Opt-Post
--------------------+---------------------+--------------+--------------------+-----------+----------------------
 00:00:45(00:00:51) |  00:00:00(00:00:00) |   0.0(  0.0) |    1:54:11 (Dec06) |  997.2 MB | PBS_Generic-Postgen HBO Optimizations
--------------------+---------------------+--------------+--------------------+-----------+----------------------
Number of threads: 8 * 1   (id: pbs_debug, time_info v1.57)
Info: (*N*) indicates data that was populated from previously saved time_info database
Info: CPU time includes time of parent + longest thread
##>=================== Cadence Confidential (Generic-Logical) ===================
##>=================== Cadence Confidential (Generic-Logical) ===================
##>Main Thread Summary:
##>----------------------------------------------------------------------------------------
##>STEP                           Elapsed       WNS       TNS     Insts      Area    Memory
##>----------------------------------------------------------------------------------------
##>G:Initial                            0         -         -     10215     38009       607
##>G:Setup                              0         -         -         -         -         -
##>G:Launch ST                          0         -         -         -         -         -
##>G:Design Partition                   0         -         -         -         -         -
##>G:Create Partition Netlists          0         -         -         -         -         -
##>G:Init Power                         0         -         -         -         -         -
##>G:Budgeting                          0         -         -         -         -         -
##>G:Derenv-DB                          0         -         -         -         -         -
##>G:Debug Outputs                      0         -         -         -         -         -
##>G:ST loading                         0         -         -         -         -         -
##>G:Distributed                        0         -         -         -         -         -
##>G:Timer                              0         -         -         -         -         -
##>G:Assembly                           0         -         -         -         -         -
##>G:DFT                                0         -         -         -         -         -
##>G:Const Prop                         0         -         -     23036     51614       997
##>G:Misc                              36
##>----------------------------------------------------------------------------------------
##>Total Elapsed                       36
##>========================================================================================
Info    : Done synthesizing. [SYNTH-2]
        : Done synthesizing 'nbit_stack' to generic gates.
##Generic Timing Info for library domain: _default_ typical gate delay: 107.4 ps std_slew: 11.0 ps std_load: 0.4 fF
Info    : Mapping. [SYNTH-4]
        : Mapping 'nbit_stack' using 'high' effort.
Mapper: Libraries have:
	domain _default_: 7 combo usable cells and 1 sequential usable cells
Configuring mapper costing (none)
TNS Restructuring config: no_value at stage: map applied.
PBS_TechMap-Start - Elapsed_Time 0, CPU_Time 0.0
stamp 'PBS_TechMap-Start' being created for table 'pbs_debug'

  Total Time (Wall) |  Stage Time (Wall)  |   % (Wall)   |    Date - Time     |  Memory   | Stage
--------------------+---------------------+--------------+--------------------+-----------+----------------------
 00:00:10(00:00:15) |  00:00:00(00:00:00) |   0.0(  0.0) |    1:53:35 (Dec06) |  607.8 MB | PBS_Generic-Start
--------------------+---------------------+--------------+--------------------+-----------+----------------------
 00:00:45(00:00:51) |  00:00:35(00:00:36) |  97.3( 97.3) |    1:54:11 (Dec06) |  997.2 MB | PBS_Generic_Opt-Post
--------------------+---------------------+--------------+--------------------+-----------+----------------------
 00:00:45(00:00:51) |  00:00:00(00:00:00) |   0.0(  0.0) |    1:54:11 (Dec06) |  997.2 MB | PBS_Generic-Postgen HBO Optimizations
--------------------+---------------------+--------------+--------------------+-----------+----------------------
 00:00:46(00:00:52) |  00:00:01(00:00:01) |   2.7(  2.7) |    1:54:12 (Dec06) |  997.2 MB | PBS_TechMap-Start
--------------------+---------------------+--------------+--------------------+-----------+----------------------
Number of threads: 8 * 1   (id: pbs_debug, time_info v1.57)
Info: (*N*) indicates data that was populated from previously saved time_info database
Info: CPU time includes time of parent + longest thread
PBS_TechMap-Premap HBO Optimizations - Elapsed_Time 0, CPU_Time 0.0
stamp 'PBS_TechMap-Premap HBO Optimizations' being created for table 'pbs_debug'

  Total Time (Wall) |  Stage Time (Wall)  |   % (Wall)   |    Date - Time     |  Memory   | Stage
--------------------+---------------------+--------------+--------------------+-----------+----------------------
 00:00:10(00:00:15) |  00:00:00(00:00:00) |   0.0(  0.0) |    1:53:35 (Dec06) |  607.8 MB | PBS_Generic-Start
--------------------+---------------------+--------------+--------------------+-----------+----------------------
 00:00:45(00:00:51) |  00:00:35(00:00:36) |  97.3( 97.3) |    1:54:11 (Dec06) |  997.2 MB | PBS_Generic_Opt-Post
--------------------+---------------------+--------------+--------------------+-----------+----------------------
 00:00:45(00:00:51) |  00:00:00(00:00:00) |   0.0(  0.0) |    1:54:11 (Dec06) |  997.2 MB | PBS_Generic-Postgen HBO Optimizations
--------------------+---------------------+--------------+--------------------+-----------+----------------------
 00:00:46(00:00:52) |  00:00:01(00:00:01) |   2.7(  2.7) |    1:54:12 (Dec06) |  997.2 MB | PBS_TechMap-Start
--------------------+---------------------+--------------+--------------------+-----------+----------------------
 00:00:46(00:00:52) |  00:00:00(00:00:00) |   0.0(  0.0) |    1:54:12 (Dec06) |  997.2 MB | PBS_TechMap-Premap HBO Optimizations
--------------------+---------------------+--------------+--------------------+-----------+----------------------
Number of threads: 8 * 1   (id: pbs_debug, time_info v1.57)
Info: (*N*) indicates data that was populated from previously saved time_info database
Info: CPU time includes time of parent + longest thread
Info    : Partition Based Synthesis execution skipped. [PHYS-752]
        : Design size is less than the partition size '100000' for distributed mapping optimization to kick in.
Mapper: Libraries have:
	domain _default_: 7 combo usable cells and 1 sequential usable cells
Multi-threaded Virtual Mapping    (8 threads per ST process, 8 of 28 CPUs usable)
 
Global mapping target info
==========================
Cost Group 'clk' target slack:   -34 ps
Target path end-point (Pin: data_out_reg[0]/d)

Multi-threaded Technology Mapping (8 threads per ST process, 8 of 28 CPUs usable)
 
Global mapping status
=====================
                                   Group   
                                  Tot Wrst 
                           Total  Weighted 
Operation                   Area   Slacks  
 global_map                44382     -160 
            Worst cost_group: clk, WNS: -160.0
            Path: sp_reg[0]/CK --> data_out_reg[1]/D

    Cost Group            Target    Slack    Diff.  Constr.
-----------------------------------------------------------
           clk               -34     -160     -12%      976 

 
Global incremental target info
==============================
Cost Group 'clk' target slack:  -160 ps
Target path end-point (Pin: data_out_reg[1]/D (DFFRHQX1/D))

==================================
Stage : global_incr_map 
==================================
  =================
   Message Summary
  =================
-------------------------------------------------------------------------
|    Id    |Sev  |Count |                 Message Text                  |
-------------------------------------------------------------------------
| PA-7     |Info |    8 |Resetting power analysis results.              |
|          |     |      |All computed switching activities are removed. |
| PHYS-752 |Info |    1 |Partition Based Synthesis execution skipped.   |
| SYNTH-2  |Info |    1 |Done synthesizing.                             |
| SYNTH-4  |Info |    1 |Mapping.                                       |
-------------------------------------------------------------------------
 
Global incremental optimization status
======================================
                                   Group   
                                  Tot Wrst 
                           Total  Weighted 
Operation                   Area   Slacks  
 global_incr               43266     -160 
            Worst cost_group: clk, WNS: -160.0
            Path: sp_reg[0]/CK --> data_out_reg[1]/D

    Cost Group            Target    Slack    Diff.  Constr.
-----------------------------------------------------------
           clk              -160     -160      +0%      976 


State Retention Synthesis Status
================================

Category                        Flops   Percentage
--------------------------------------------------
Total instances                  3444        100.0
Excluded from State Retention    3444        100.0
    - Will not convert           3444        100.0
      - Preserved                   0          0.0
      - Power intent excluded    3444        100.0
    - Could not convert             0          0.0
      - Scan type                   0          0.0
      - No suitable cell            0          0.0
State Retention instances           0          0.0
--------------------------------------------------

INFO: skipping constant propagation
PBS_Techmap-Global Mapping - Elapsed_Time 55, CPU_Time 55.79678300000001
stamp 'PBS_Techmap-Global Mapping' being created for table 'pbs_debug'

  Total Time (Wall) |  Stage Time (Wall)  |   % (Wall)   |    Date - Time     |  Memory   | Stage
--------------------+---------------------+--------------+--------------------+-----------+----------------------
 00:00:10(00:00:15) |  00:00:00(00:00:00) |   0.0(  0.0) |    1:53:35 (Dec06) |  607.8 MB | PBS_Generic-Start
--------------------+---------------------+--------------+--------------------+-----------+----------------------
 00:00:45(00:00:51) |  00:00:35(00:00:36) |  38.6( 39.1) |    1:54:11 (Dec06) |  997.2 MB | PBS_Generic_Opt-Post
--------------------+---------------------+--------------+--------------------+-----------+----------------------
 00:00:45(00:00:51) |  00:00:00(00:00:00) |   0.0(  0.0) |    1:54:11 (Dec06) |  997.2 MB | PBS_Generic-Postgen HBO Optimizations
--------------------+---------------------+--------------+--------------------+-----------+----------------------
 00:00:46(00:00:52) |  00:00:01(00:00:01) |   1.1(  1.1) |    1:54:12 (Dec06) |  997.2 MB | PBS_TechMap-Start
--------------------+---------------------+--------------+--------------------+-----------+----------------------
 00:00:46(00:00:52) |  00:00:00(00:00:00) |   0.0(  0.0) |    1:54:12 (Dec06) |  997.2 MB | PBS_TechMap-Premap HBO Optimizations
--------------------+---------------------+--------------+--------------------+-----------+----------------------
 00:01:42(00:01:47) |  00:00:55(00:00:55) |  60.3( 59.8) |    1:55:07 (Dec06) |  983.8 MB | PBS_Techmap-Global Mapping
--------------------+---------------------+--------------+--------------------+-----------+----------------------
Number of threads: 8 * 1   (id: pbs_debug, time_info v1.57)
Info: (*N*) indicates data that was populated from previously saved time_info database
Info: CPU time includes time of parent + longest thread
Info    : Wrote formal verification information. [CFM-5]
        : Wrote 'fv/nbit_stack/fv_map.fv.json' for netlist 'fv/nbit_stack/fv_map.v.gz'.
Info    : Wrote dofile. [CFM-1]
        : Dofile is 'fv/nbit_stack/rtl_to_fv_map.do'.
        : Alias mapping flow is enabled.
PBS_TechMap-Datapath Postmap Operations - Elapsed_Time 2, CPU_Time 1.8770350000000064
stamp 'PBS_TechMap-Datapath Postmap Operations' being created for table 'pbs_debug'

  Total Time (Wall) |  Stage Time (Wall)  |   % (Wall)   |    Date - Time     |  Memory   | Stage
--------------------+---------------------+--------------+--------------------+-----------+----------------------
 00:00:10(00:00:15) |  00:00:00(00:00:00) |   0.0(  0.0) |    1:53:35 (Dec06) |  607.8 MB | PBS_Generic-Start
--------------------+---------------------+--------------+--------------------+-----------+----------------------
 00:00:45(00:00:51) |  00:00:35(00:00:36) |  37.8( 38.3) |    1:54:11 (Dec06) |  997.2 MB | PBS_Generic_Opt-Post
--------------------+---------------------+--------------+--------------------+-----------+----------------------
 00:00:45(00:00:51) |  00:00:00(00:00:00) |   0.0(  0.0) |    1:54:11 (Dec06) |  997.2 MB | PBS_Generic-Postgen HBO Optimizations
--------------------+---------------------+--------------+--------------------+-----------+----------------------
 00:00:46(00:00:52) |  00:00:01(00:00:01) |   1.1(  1.1) |    1:54:12 (Dec06) |  997.2 MB | PBS_TechMap-Start
--------------------+---------------------+--------------+--------------------+-----------+----------------------
 00:00:46(00:00:52) |  00:00:00(00:00:00) |   0.0(  0.0) |    1:54:12 (Dec06) |  997.2 MB | PBS_TechMap-Premap HBO Optimizations
--------------------+---------------------+--------------+--------------------+-----------+----------------------
 00:01:42(00:01:47) |  00:00:55(00:00:55) |  59.1( 58.5) |    1:55:07 (Dec06) |  983.8 MB | PBS_Techmap-Global Mapping
--------------------+---------------------+--------------+--------------------+-----------+----------------------
 00:01:44(00:01:49) |  00:00:01(00:00:02) |   2.0(  2.1) |    1:55:09 (Dec06) |  971.0 MB | PBS_TechMap-Datapath Postmap Operations
--------------------+---------------------+--------------+--------------------+-----------+----------------------
Number of threads: 8 * 1   (id: pbs_debug, time_info v1.57)
Info: (*N*) indicates data that was populated from previously saved time_info database
Info: CPU time includes time of parent + longest thread
PBS_TechMap-Postmap HBO Optimizations - Elapsed_Time 0, CPU_Time -0.12376799999999832
stamp 'PBS_TechMap-Postmap HBO Optimizations' being created for table 'pbs_debug'

  Total Time (Wall) |  Stage Time (Wall)  |   % (Wall)   |    Date - Time     |  Memory   | Stage
--------------------+---------------------+--------------+--------------------+-----------+----------------------
 00:00:10(00:00:15) |  00:00:00(00:00:00) |   0.0(  0.0) |    1:53:35 (Dec06) |  607.8 MB | PBS_Generic-Start
--------------------+---------------------+--------------+--------------------+-----------+----------------------
 00:00:45(00:00:51) |  00:00:35(00:00:36) |  37.9( 38.3) |    1:54:11 (Dec06) |  997.2 MB | PBS_Generic_Opt-Post
--------------------+---------------------+--------------+--------------------+-----------+----------------------
 00:00:45(00:00:51) |  00:00:00(00:00:00) |   0.0(  0.0) |    1:54:11 (Dec06) |  997.2 MB | PBS_Generic-Postgen HBO Optimizations
--------------------+---------------------+--------------+--------------------+-----------+----------------------
 00:00:46(00:00:52) |  00:00:01(00:00:01) |   1.1(  1.1) |    1:54:12 (Dec06) |  997.2 MB | PBS_TechMap-Start
--------------------+---------------------+--------------+--------------------+-----------+----------------------
 00:00:46(00:00:52) |  00:00:00(00:00:00) |   0.0(  0.0) |    1:54:12 (Dec06) |  997.2 MB | PBS_TechMap-Premap HBO Optimizations
--------------------+---------------------+--------------+--------------------+-----------+----------------------
 00:01:42(00:01:47) |  00:00:55(00:00:55) |  59.2( 58.5) |    1:55:07 (Dec06) |  983.8 MB | PBS_Techmap-Global Mapping
--------------------+---------------------+--------------+--------------------+-----------+----------------------
 00:01:44(00:01:49) |  00:00:01(00:00:02) |   2.0(  2.1) |    1:55:09 (Dec06) |  971.0 MB | PBS_TechMap-Datapath Postmap Operations
--------------------+---------------------+--------------+--------------------+-----------+----------------------
 00:01:44(00:01:49) |  00:00:00(00:00:00) |  -0.1(  0.0) |    1:55:09 (Dec06) |  971.0 MB | PBS_TechMap-Postmap HBO Optimizations
--------------------+---------------------+--------------+--------------------+-----------+----------------------
Number of threads: 8 * 1   (id: pbs_debug, time_info v1.57)
Info: (*N*) indicates data that was populated from previously saved time_info database
Info: CPU time includes time of parent + longest thread
 Doing ConstProp on /designs/nbit_stack ... 

Time taken by ConstProp Step: 00:00:01
PBS_TechMap-Postmap Clock Gating - Elapsed_Time 1, CPU_Time 1.0
stamp 'PBS_TechMap-Postmap Clock Gating' being created for table 'pbs_debug'

  Total Time (Wall) |  Stage Time (Wall)  |   % (Wall)   |    Date - Time     |  Memory   | Stage
--------------------+---------------------+--------------+--------------------+-----------+----------------------
 00:00:10(00:00:15) |  00:00:00(00:00:00) |   0.0(  0.0) |    1:53:35 (Dec06) |  607.8 MB | PBS_Generic-Start
--------------------+---------------------+--------------+--------------------+-----------+----------------------
 00:00:45(00:00:51) |  00:00:35(00:00:36) |  37.5( 37.9) |    1:54:11 (Dec06) |  997.2 MB | PBS_Generic_Opt-Post
--------------------+---------------------+--------------+--------------------+-----------+----------------------
 00:00:45(00:00:51) |  00:00:00(00:00:00) |   0.0(  0.0) |    1:54:11 (Dec06) |  997.2 MB | PBS_Generic-Postgen HBO Optimizations
--------------------+---------------------+--------------+--------------------+-----------+----------------------
 00:00:46(00:00:52) |  00:00:01(00:00:01) |   1.1(  1.1) |    1:54:12 (Dec06) |  997.2 MB | PBS_TechMap-Start
--------------------+---------------------+--------------+--------------------+-----------+----------------------
 00:00:46(00:00:52) |  00:00:00(00:00:00) |   0.0(  0.0) |    1:54:12 (Dec06) |  997.2 MB | PBS_TechMap-Premap HBO Optimizations
--------------------+---------------------+--------------+--------------------+-----------+----------------------
 00:01:42(00:01:47) |  00:00:55(00:00:55) |  58.6( 57.9) |    1:55:07 (Dec06) |  983.8 MB | PBS_Techmap-Global Mapping
--------------------+---------------------+--------------+--------------------+-----------+----------------------
 00:01:44(00:01:49) |  00:00:01(00:00:02) |   2.0(  2.1) |    1:55:09 (Dec06) |  971.0 MB | PBS_TechMap-Datapath Postmap Operations
--------------------+---------------------+--------------+--------------------+-----------+----------------------
 00:01:44(00:01:49) |  00:00:00(00:00:00) |  -0.1(  0.0) |    1:55:09 (Dec06) |  971.0 MB | PBS_TechMap-Postmap HBO Optimizations
--------------------+---------------------+--------------+--------------------+-----------+----------------------
 00:01:45(00:01:50) |  00:00:01(00:00:01) |   1.1(  1.1) |    1:55:10 (Dec06) |  971.0 MB | PBS_TechMap-Postmap Clock Gating
--------------------+---------------------+--------------+--------------------+-----------+----------------------
Number of threads: 8 * 1   (id: pbs_debug, time_info v1.57)
Info: (*N*) indicates data that was populated from previously saved time_info database
Info: CPU time includes time of parent + longest thread
-------------------------------------------------------------------------------
 hi_fo_buf                 43265     -164      -641         0        0
            Worst cost_group: clk, WNS: -164.6
            Path: sp_reg[0]/CK --> data_out_reg[2]/D

           Trick     Calls     Accepts   Attempts    Time(secs) 
-----------------------------------------------------------
       hi_fo_buf         0  (        0 /        0 )  0.00

 
Incremental optimization status
===============================
                                   Group   
                                  Tot Wrst     Total - - DRC Totals - -
                           Total  Weighted      Neg      Max       Max 
Operation                   Area   Slacks      Slack    Trans      Cap 
 init_delay                43265     -164      -641         0        0
            Worst cost_group: clk, WNS: -164.6
            Path: sp_reg[0]/CK --> data_out_reg[2]/D
 incr_delay                44008      -76      -301         0        0
            Worst cost_group: clk, WNS: -76.0
            Path: sp_reg[3]/CK --> data_out_reg[0]/D
 incr_delay                44008      -68      -274         0        0
            Worst cost_group: clk, WNS: -68.7
            Path: sp_reg[3]/CK --> data_out_reg[2]/D

           Trick     Calls     Accepts   Attempts    Time(secs) 
-----------------------------------------------------------
       crit_upsz       559  (      132 /      132 )  0.20
    plc_bal_star         0  (        0 /        0 )  0.00
     drc_buftimb         0  (        0 /        0 )  0.00
          plc_st        79  (        0 /        0 )  0.00
    plc_st_fence        79  (        0 /        0 )  0.00
        plc_star        79  (        0 /        0 )  0.00
      plc_laf_st        79  (        0 /        0 )  0.00
 plc_laf_st_fence        79  (        0 /        0 )  0.00
     drc_buftims         0  (        0 /        0 )  0.00
            fopt       230  (       78 /       79 )  0.52
   plc_laf_lo_st        81  (        0 /        0 )  0.00
       plc_lo_st        81  (        0 /        0 )  0.00
        mb_split        81  (        0 /        0 )  0.00

 
Local TNS optimization status
=============================
                                   Group   
                                  Tot Wrst     Total - - DRC Totals - -
                           Total  Weighted      Neg      Max       Max 
Operation                   Area   Slacks      Slack    Trans      Cap 
 init_tns                  44008      -68      -274         0        0
            Worst cost_group: clk, WNS: -68.7
            Path: sp_reg[3]/CK --> data_out_reg[2]/D
 incr_tns                  44015      -64      -257         0        0
            Worst cost_group: clk, WNS: -64.5
            Path: sp_reg[3]/CK --> data_out_reg[2]/D
 incr_tns                  44015      -64      -257         0        0
            Worst cost_group: clk, WNS: -64.5
            Path: sp_reg[3]/CK --> data_out_reg[2]/D

           Trick     Calls     Accepts   Attempts    Time(secs) 
-----------------------------------------------------------
    plc_bal_star         0  (        0 /        0 )  0.00
     drc_buftimb         0  (        0 /        0 )  0.00
     drc_buftims         0  (        0 /        0 )  0.00
       crit_upsz       242  (        2 /       38 )  0.04
   plc_laf_lo_st       240  (        0 /        0 )  0.00
       plc_lo_st       240  (        0 /        0 )  0.00
            fopt       240  (        0 /        0 )  0.00
       crit_dnsz       245  (        0 /       16 )  0.10
             dup       240  (       10 /       25 )  0.11
        setup_dn       230  (        0 /        0 )  0.00
        mb_split       230  (        0 /        0 )  0.00

PBS_TechMap-Postmap Cleanup - Elapsed_Time 1, CPU_Time 0.8285270000000224
stamp 'PBS_TechMap-Postmap Cleanup' being created for table 'pbs_debug'

  Total Time (Wall) |  Stage Time (Wall)  |   % (Wall)   |    Date - Time     |  Memory   | Stage
--------------------+---------------------+--------------+--------------------+-----------+----------------------
 00:00:10(00:00:15) |  00:00:00(00:00:00) |   0.0(  0.0) |    1:53:35 (Dec06) |  607.8 MB | PBS_Generic-Start
--------------------+---------------------+--------------+--------------------+-----------+----------------------
 00:00:45(00:00:51) |  00:00:35(00:00:36) |  37.1( 37.5) |    1:54:11 (Dec06) |  997.2 MB | PBS_Generic_Opt-Post
--------------------+---------------------+--------------+--------------------+-----------+----------------------
 00:00:45(00:00:51) |  00:00:00(00:00:00) |   0.0(  0.0) |    1:54:11 (Dec06) |  997.2 MB | PBS_Generic-Postgen HBO Optimizations
--------------------+---------------------+--------------+--------------------+-----------+----------------------
 00:00:46(00:00:52) |  00:00:01(00:00:01) |   1.0(  1.0) |    1:54:12 (Dec06) |  997.2 MB | PBS_TechMap-Start
--------------------+---------------------+--------------+--------------------+-----------+----------------------
 00:00:46(00:00:52) |  00:00:00(00:00:00) |   0.0(  0.0) |    1:54:12 (Dec06) |  997.2 MB | PBS_TechMap-Premap HBO Optimizations
--------------------+---------------------+--------------+--------------------+-----------+----------------------
 00:01:42(00:01:47) |  00:00:55(00:00:55) |  58.1( 57.3) |    1:55:07 (Dec06) |  983.8 MB | PBS_Techmap-Global Mapping
--------------------+---------------------+--------------+--------------------+-----------+----------------------
 00:01:44(00:01:49) |  00:00:01(00:00:02) |   2.0(  2.1) |    1:55:09 (Dec06) |  971.0 MB | PBS_TechMap-Datapath Postmap Operations
--------------------+---------------------+--------------+--------------------+-----------+----------------------
 00:01:44(00:01:49) |  00:00:00(00:00:00) |  -0.1(  0.0) |    1:55:09 (Dec06) |  971.0 MB | PBS_TechMap-Postmap HBO Optimizations
--------------------+---------------------+--------------+--------------------+-----------+----------------------
 00:01:45(00:01:50) |  00:00:01(00:00:01) |   1.0(  1.0) |    1:55:10 (Dec06) |  971.0 MB | PBS_TechMap-Postmap Clock Gating
--------------------+---------------------+--------------+--------------------+-----------+----------------------
 00:01:46(00:01:51) |  00:00:00(00:00:01) |   0.9(  1.0) |    1:55:11 (Dec06) |  971.0 MB | PBS_TechMap-Postmap Cleanup
--------------------+---------------------+--------------+--------------------+-----------+----------------------
Number of threads: 8 * 1   (id: pbs_debug, time_info v1.57)
Info: (*N*) indicates data that was populated from previously saved time_info database
Info: CPU time includes time of parent + longest thread
PBS_Techmap-Post_MBCI - Elapsed_Time 0, CPU_Time 0.0
stamp 'PBS_Techmap-Post_MBCI' being created for table 'pbs_debug'

  Total Time (Wall) |  Stage Time (Wall)  |   % (Wall)   |    Date - Time     |  Memory   | Stage
--------------------+---------------------+--------------+--------------------+-----------+----------------------
 00:00:10(00:00:15) |  00:00:00(00:00:00) |   0.0(  0.0) |    1:53:35 (Dec06) |  607.8 MB | PBS_Generic-Start
--------------------+---------------------+--------------+--------------------+-----------+----------------------
 00:00:45(00:00:51) |  00:00:35(00:00:36) |  37.1( 37.5) |    1:54:11 (Dec06) |  997.2 MB | PBS_Generic_Opt-Post
--------------------+---------------------+--------------+--------------------+-----------+----------------------
 00:00:45(00:00:51) |  00:00:00(00:00:00) |   0.0(  0.0) |    1:54:11 (Dec06) |  997.2 MB | PBS_Generic-Postgen HBO Optimizations
--------------------+---------------------+--------------+--------------------+-----------+----------------------
 00:00:46(00:00:52) |  00:00:01(00:00:01) |   1.0(  1.0) |    1:54:12 (Dec06) |  997.2 MB | PBS_TechMap-Start
--------------------+---------------------+--------------+--------------------+-----------+----------------------
 00:00:46(00:00:52) |  00:00:00(00:00:00) |   0.0(  0.0) |    1:54:12 (Dec06) |  997.2 MB | PBS_TechMap-Premap HBO Optimizations
--------------------+---------------------+--------------+--------------------+-----------+----------------------
 00:01:42(00:01:47) |  00:00:55(00:00:55) |  58.1( 57.3) |    1:55:07 (Dec06) |  983.8 MB | PBS_Techmap-Global Mapping
--------------------+---------------------+--------------+--------------------+-----------+----------------------
 00:01:44(00:01:49) |  00:00:01(00:00:02) |   2.0(  2.1) |    1:55:09 (Dec06) |  971.0 MB | PBS_TechMap-Datapath Postmap Operations
--------------------+---------------------+--------------+--------------------+-----------+----------------------
 00:01:44(00:01:49) |  00:00:00(00:00:00) |  -0.1(  0.0) |    1:55:09 (Dec06) |  971.0 MB | PBS_TechMap-Postmap HBO Optimizations
--------------------+---------------------+--------------+--------------------+-----------+----------------------
 00:01:45(00:01:50) |  00:00:01(00:00:01) |   1.0(  1.0) |    1:55:10 (Dec06) |  971.0 MB | PBS_TechMap-Postmap Clock Gating
--------------------+---------------------+--------------+--------------------+-----------+----------------------
 00:01:46(00:01:51) |  00:00:00(00:00:01) |   0.9(  1.0) |    1:55:11 (Dec06) |  971.0 MB | PBS_TechMap-Postmap Cleanup
--------------------+---------------------+--------------+--------------------+-----------+----------------------
 00:01:46(00:01:51) |  00:00:00(00:00:00) |   0.0(  0.0) |    1:55:11 (Dec06) |  971.0 MB | PBS_Techmap-Post_MBCI
--------------------+---------------------+--------------+--------------------+-----------+----------------------
Number of threads: 8 * 1   (id: pbs_debug, time_info v1.57)
Info: (*N*) indicates data that was populated from previously saved time_info database
Info: CPU time includes time of parent + longest thread
##>=================== Cadence Confidential (Mapping-Logical) ===================
##>Main Thread Summary:
##>----------------------------------------------------------------------------------------
##>STEP                           Elapsed       WNS       TNS     Insts      Area    Memory
##>----------------------------------------------------------------------------------------
##>M:Initial                            0         -         -     23036     51614       997
##>M:Pre Cleanup                        0         -         -     23036     51614       997
##>M:Setup                              0         -         -         -         -         -
##>M:Launch ST                          0         -         -         -         -         -
##>M:Design Partition                   0         -         -         -         -         -
##>M:Create Partition Netlists          0         -         -         -         -         -
##>M:Init Power                         0         -         -         -         -         -
##>M:Budgeting                          0         -         -         -         -         -
##>M:Derenv-DB                          0         -         -         -         -         -
##>M:Debug Outputs                      0         -         -         -         -         -
##>M:ST loading                         0         -         -         -         -         -
##>M:Distributed                        0         -         -         -         -         -
##>M:Timer                              0         -         -         -         -         -
##>M:Assembly                           0         -         -         -         -         -
##>M:DFT                                0         -         -         -         -         -
##>M:DP Operations                      2         -         -     25282     43265       971
##>M:Const Prop                         0      -160       624     25282     43265       971
##>M:Cleanup                            1       -64       257     26378     44015       971
##>M:MBCI                               0         -         -     26378     44015       971
##>M:Const Gate Removal                 0         -         -         -         -         -
##>M:Misc                              56
##>----------------------------------------------------------------------------------------
##>Total Elapsed                       59
##>========================================================================================
Info    : Done mapping. [SYNTH-5]
        : Done mapping 'nbit_stack'.
Info    : Incrementally optimizing. [SYNTH-7]
        : Incrementally optimizing 'nbit_stack' using 'high' effort.
 
Incremental optimization status
===============================
                                   Group   
                                  Tot Wrst     Total - - DRC Totals - -
                           Total  Weighted      Neg      Max       Max 
Operation                   Area   Slacks      Slack    Trans      Cap 
 init_iopt                 44015      -64      -257         0        0
            Worst cost_group: clk, WNS: -64.5
            Path: sp_reg[3]/CK --> data_out_reg[2]/D
-------------------------------------------------------------------------------
 const_prop                44015      -64      -257         0        0
            Worst cost_group: clk, WNS: -64.5
            Path: sp_reg[3]/CK --> data_out_reg[2]/D
-------------------------------------------------------------------------------
 hi_fo_buf                 44015      -64      -257         0        0
            Worst cost_group: clk, WNS: -64.5
            Path: sp_reg[3]/CK --> data_out_reg[2]/D

           Trick     Calls     Accepts   Attempts    Time(secs) 
-----------------------------------------------------------
       hi_fo_buf         0  (        0 /        0 )  0.00

 
Incremental optimization status
===============================
                                   Group   
                                  Tot Wrst     Total - - DRC Totals - -
                           Total  Weighted      Neg      Max       Max 
Operation                   Area   Slacks      Slack    Trans      Cap 
 init_delay                44015      -64      -257         0        0
            Worst cost_group: clk, WNS: -64.5
            Path: sp_reg[3]/CK --> data_out_reg[2]/D
 incr_delay                44016      -64      -255         0        0
            Worst cost_group: clk, WNS: -64.2
            Path: sp_reg[2]/CK --> data_out_reg[0]/D
 incr_delay                44099      -59      -238         0        0
            Worst cost_group: clk, WNS: -59.8
            Path: sp_reg[2]/CK --> data_out_reg[3]/D
 incr_delay                44099      -55      -221         0        0
            Worst cost_group: clk, WNS: -55.5
            Path: sp_reg[3]/CK --> data_out_reg[0]/D
 incr_delay                44102      -53      -212         0        0
            Worst cost_group: clk, WNS: -53.3
            Path: sp_reg[3]/CK --> data_out_reg[1]/D
 incr_delay                44109      -51      -205         0        0
            Worst cost_group: clk, WNS: -51.3
            Path: sp_reg[5]/CK --> data_out_reg[0]/D
 incr_delay                44112      -50      -200         0        0
            Worst cost_group: clk, WNS: -50.3
            Path: sp_reg[3]/CK --> data_out_reg[3]/D
 incr_delay                44132      -49      -195         0        0
            Worst cost_group: clk, WNS: -49.2
            Path: sp_reg[3]/CK --> data_out_reg[0]/D
 incr_delay                44134      -47      -188         0        0
            Worst cost_group: clk, WNS: -47.2
            Path: sp_reg[3]/CK --> data_out_reg[1]/D
 incr_delay                44143      -45      -180         0        0
            Worst cost_group: clk, WNS: -45.5
            Path: sp_reg[3]/CK --> data_out_reg[0]/D
 incr_delay                44143      -44      -178         0        0
            Worst cost_group: clk, WNS: -44.8
            Path: sp_reg[3]/CK --> data_out_reg[1]/D

           Trick     Calls     Accepts   Attempts    Time(secs) 
-----------------------------------------------------------
        crit_msz       361  (        0 /        0 )  0.00
       crit_upsz      1324  (      165 /      165 )  0.23
       crit_slew       316  (        0 /        0 )  0.00
        setup_dn       316  (        0 /        0 )  0.00
    plc_bal_star         0  (        0 /        0 )  0.00
     drc_buftimb         0  (        0 /        0 )  0.00
          plc_st       316  (        0 /        0 )  0.00
    plc_st_fence       316  (        0 /        0 )  0.00
        plc_star       316  (        0 /        0 )  0.00
      plc_laf_st       316  (        0 /        0 )  0.00
 plc_laf_st_fence       316  (        0 /        0 )  0.00
     drc_buftims         0  (        0 /        0 )  0.00
   plc_laf_lo_st       316  (        0 /        0 )  0.00
       plc_lo_st       316  (        0 /        0 )  0.00
            fopt       316  (        0 /        0 )  0.01
       crit_swap       316  (        0 /        0 )  0.03
       mux2_swap       316  (        0 /        0 )  0.00
       crit_dnsz       299  (        0 /        0 )  0.10
       load_swap       316  (        0 /        0 )  0.10
            fopt       429  (       24 /       25 )  0.19
        setup_dn       356  (        0 /        0 )  0.00
       load_isol       356  (        0 /        0 )  0.15
       load_isol       353  (        3 /        3 )  0.03
        move_for       410  (       29 /       29 )  0.15
        move_for       313  (        2 /        2 )  0.04
          rem_bi       309  (        0 /        6 )  0.05
         offload       309  (        0 /        0 )  0.01
          rem_bi       309  (        0 /       27 )  0.19
         offload       309  (        0 /        0 )  0.03
           phase       309  (        0 /        0 )  0.00
        in_phase       309  (        0 /        0 )  0.00
       merge_bit       357  (        0 /        0 )  0.02
     merge_idrvr       309  (        0 /        0 )  0.00
     merge_iload       309  (        0 /        0 )  0.00
    merge_idload       309  (        0 /        0 )  0.01
      merge_drvr       309  (        0 /        0 )  0.01
      merge_load       309  (        0 /        0 )  0.01
          decomp       309  (        0 /        0 )  0.00
        p_decomp       309  (        0 /        0 )  0.00
        levelize       349  (        2 /       14 )  0.05
        mb_split       309  (        0 /        0 )  0.00
             dup       408  (       13 /       14 )  0.16
      mux_retime       349  (        0 /        0 )  0.00
         buf2inv       349  (        0 /        0 )  0.00
             exp       138  (        0 /        0 )  0.00
       gate_deco         0  (        0 /        0 )  0.00
       gcomp_tim       118  (        0 /        0 )  0.11
  inv_pair_2_buf       349  (        0 /        0 )  0.00

 incr_delay                44171      -35      -139         0        0
            Worst cost_group: clk, WNS: -35.2
            Path: sp_reg[3]/CK --> data_out_reg[1]/D
 incr_delay                44172      -34      -137         0        0
            Worst cost_group: clk, WNS: -34.8
            Path: sp_reg[3]/CK --> data_out_reg[0]/D
 incr_delay                44184      -32      -128         0        0
            Worst cost_group: clk, WNS: -32.3
            Path: sp_reg[2]/CK --> data_out_reg[0]/D
 incr_delay                44199      -29      -116         0        0
            Worst cost_group: clk, WNS: -29.3
            Path: sp_reg[2]/CK --> data_out_reg[1]/D
 incr_delay                44210      -28      -112         0        0
            Worst cost_group: clk, WNS: -28.2
            Path: sp_reg[2]/CK --> data_out_reg[0]/D
 incr_delay                44228      -24       -98         0        0
            Worst cost_group: clk, WNS: -24.8
            Path: sp_reg[2]/CK --> data_out_reg[0]/D
 incr_delay                44228      -24       -97         0        0
            Worst cost_group: clk, WNS: -24.5
            Path: sp_reg[2]/CK --> data_out_reg[0]/D
 incr_delay                44225      -23       -92         0        0
            Worst cost_group: clk, WNS: -23.4
            Path: sp_reg[2]/CK --> data_out_reg[3]/D
 incr_delay                44235      -22       -87         0        0
            Worst cost_group: clk, WNS: -22.1
            Path: sp_reg[2]/CK --> data_out_reg[0]/D
 incr_delay                44262      -21       -82         0        0
            Worst cost_group: clk, WNS: -21.0
            Path: sp_reg[2]/CK --> data_out_reg[0]/D
 incr_delay                44270      -20       -79         0        0
            Worst cost_group: clk, WNS: -20.1
            Path: sp_reg[3]/CK --> data_out_reg[1]/D
 incr_delay                44274      -19       -75         0        0
            Worst cost_group: clk, WNS: -19.1
            Path: sp_reg[2]/CK --> data_out_reg[0]/D
 incr_delay                44291      -16       -64         0        0
            Worst cost_group: clk, WNS: -16.1
            Path: sp_reg[3]/CK --> data_out_reg[1]/D
 incr_delay                44285      -15       -62         0        0
            Worst cost_group: clk, WNS: -15.8
            Path: sp_reg[7]/CK --> data_out_reg[1]/D
 incr_delay                44286      -15       -60         0        0
            Worst cost_group: clk, WNS: -15.1
            Path: sp_reg[2]/CK --> data_out_reg[0]/D
 incr_delay                44289      -14       -59         0        0
            Worst cost_group: clk, WNS: -14.9
            Path: sp_reg[2]/CK --> data_out_reg[1]/D
 incr_delay                44289      -14       -58         0        0
            Worst cost_group: clk, WNS: -14.8
            Path: sp_reg[2]/CK --> data_out_reg[1]/D
 incr_delay                44289      -14       -58         0        0
            Worst cost_group: clk, WNS: -14.8
            Path: sp_reg[3]/CK --> data_out_reg[1]/D
 incr_delay                44289      -14       -58         0        0
            Worst cost_group: clk, WNS: -14.8
            Path: sp_reg[3]/CK --> data_out_reg[1]/D

           Trick     Calls     Accepts   Attempts    Time(secs) 
-----------------------------------------------------------
         crr_220       217  (       59 /      209 )  3.50
        crr_glob       425  (       56 /       59 )  0.59
         crr_200       142  (       20 /      132 )  0.78
        crr_glob       241  (       20 /       20 )  0.10
         crr_300       100  (       14 /       89 )  0.61
        crr_glob       219  (       14 /       14 )  0.10
         crr_400        51  (        0 /       46 )  0.34
        crr_glob       125  (        0 /        0 )  0.03
         crr_111       284  (       54 /      277 )  3.04
        crr_glob       455  (       49 /       54 )  0.45
         crr_210       178  (       37 /      171 )  1.60
        crr_glob       402  (       37 /       37 )  0.26
         crr_110       179  (       14 /      169 )  1.06
        crr_glob       251  (       14 /       14 )  0.14
         crr_101       241  (       34 /      223 )  1.54
        crr_glob       377  (       32 /       34 )  0.23
         crr_201        83  (        0 /       78 )  0.64
        crr_glob       127  (        0 /        0 )  0.06
         crr_211       102  (        4 /       96 )  1.27
        crr_glob       165  (        4 /        4 )  0.11
        crit_msz       156  (        0 /        0 )  0.00
       crit_upsz       137  (        1 /        1 )  0.01
       crit_slew       130  (        0 /        0 )  0.00
        setup_dn       311  (        0 /        0 )  0.00
    plc_bal_star         0  (        0 /        0 )  0.00
     drc_buftimb         0  (        0 /        0 )  0.00
          plc_st       130  (        0 /        0 )  0.00
    plc_st_fence       130  (        0 /        0 )  0.00
        plc_star       130  (        0 /        0 )  0.00
      plc_laf_st       130  (        0 /        0 )  0.00
 plc_laf_st_fence       130  (        0 /        0 )  0.00
     drc_buftims         0  (        0 /        0 )  0.00
       plc_lo_st       130  (        0 /        0 )  0.00
            fopt       351  (       12 /       13 )  0.14
       crit_swap       130  (        0 /        0 )  0.01
       mux2_swap       130  (        0 /        0 )  0.00
       crit_dnsz       118  (        0 /        0 )  0.04
       load_swap       130  (        0 /        0 )  0.04
            fopt       351  (       12 /       13 )  0.14
        setup_dn       311  (        0 /        0 )  0.00
       load_isol       362  (        0 /        0 )  0.08
       load_isol       362  (        0 /        0 )  0.08
        move_for       386  (       14 /       14 )  0.06
        move_for       386  (       14 /       14 )  0.06
          rem_bi       316  (        0 /        9 )  0.04
         offload       316  (        0 /        0 )  0.01
          rem_bi       316  (        0 /        9 )  0.04
         offload       316  (        0 /        0 )  0.01
       merge_bit       182  (        0 /        0 )  0.01
     merge_idrvr       158  (        0 /        0 )  0.00
     merge_iload       158  (        0 /        0 )  0.00
    merge_idload       158  (        0 /        0 )  0.00
      merge_drvr       158  (        0 /        0 )  0.00
      merge_load       158  (        0 /        0 )  0.00
           phase       158  (        0 /        0 )  0.00
          decomp       158  (        0 /        0 )  0.00
        p_decomp       158  (        0 /        0 )  0.00
        levelize       179  (        1 /        8 )  0.05
        mb_split       158  (        0 /        0 )  0.00
        in_phase       158  (        0 /        0 )  0.00
             dup       199  (       10 /       14 )  0.10
      mux_retime       156  (        0 /        0 )  0.00
         buf2inv       156  (        0 /        0 )  0.00
             exp        94  (        0 /        0 )  0.00
       gate_deco         0  (        0 /        0 )  0.00
       gcomp_tim        48  (        0 /        0 )  0.05
  inv_pair_2_buf       156  (        0 /        0 )  0.00
 init_drc                  44289      -14       -58         0        0
            Worst cost_group: clk, WNS: -14.8
            Path: sp_reg[3]/CK --> data_out_reg[1]/D

           Trick     Calls     Accepts   Attempts    Time(secs) 
-----------------------------------------------------------
          plc_st         0  (        0 /        0 )  0.00
        plc_star         0  (        0 /        0 )  0.00
        drc_bufs         0  (        0 /        0 )  0.00
        drc_fopt         0  (        0 /        0 )  0.00
        drc_bufb         0  (        0 /        0 )  0.00
      simple_buf         0  (        0 /        0 )  0.00
             dup         0  (        0 /        0 )  0.00
       crit_dnsz         0  (        0 /        0 )  0.00
       crit_upsz         0  (        0 /        0 )  0.00
       crit_slew         0  (        0 /        0 )  0.00


           Trick     Calls     Accepts   Attempts    Time(secs) 
-----------------------------------------------------------
          plc_st         0  (        0 /        0 )  0.00
        plc_star         0  (        0 /        0 )  0.00
      drc_buf_sp         0  (        0 /        0 )  0.00
        drc_bufs         0  (        0 /        0 )  0.00
        drc_fopt         0  (        0 /        0 )  0.00
        drc_bufb         0  (        0 /        0 )  0.00
      simple_buf         0  (        0 /        0 )  0.00
             dup         0  (        0 /        0 )  0.00
       crit_dnsz         0  (        0 /        0 )  0.00
       crit_upsz         0  (        0 /        0 )  0.00


           Trick     Calls     Accepts   Attempts    Time(secs) 
-----------------------------------------------------------
          plc_st         0  (        0 /        0 )  0.00
        plc_star         0  (        0 /        0 )  0.00
      drc_buf_sp         0  (        0 /        0 )  0.00
        drc_bufs         0  (        0 /        0 )  0.00
        drc_fopt         0  (        0 /        0 )  0.00
        drc_bufb         0  (        0 /        0 )  0.00
             dup         0  (        0 /        0 )  0.00
       crit_dnsz         0  (        0 /        0 )  0.00
       crit_upsz         0  (        0 /        0 )  0.00

 init_tns                  44289      -14       -58         0        0
            Worst cost_group: clk, WNS: -14.8
            Path: sp_reg[3]/CK --> data_out_reg[1]/D
 incr_tns                  44289      -14       -57         0        0
            Worst cost_group: clk, WNS: -14.8
            Path: sp_reg[3]/CK --> data_out_reg[1]/D
 incr_tns                  44289      -14       -57         0        0
            Worst cost_group: clk, WNS: -14.8
            Path: sp_reg[3]/CK --> data_out_reg[1]/D

           Trick     Calls     Accepts   Attempts    Time(secs) 
-----------------------------------------------------------
            fopt       163  (        0 /        0 )  0.02
    plc_bal_star         0  (        0 /        0 )  0.00
     drc_buftimb         0  (        0 /        0 )  0.00
     drc_buftims         0  (        0 /        0 )  0.00
        crit_msz       163  (        0 /        0 )  0.00
       crit_upsz       163  (        0 /        6 )  0.01
   plc_laf_lo_st       163  (        0 /        0 )  0.00
       plc_lo_st       163  (        0 /        0 )  0.00
       crit_swap       163  (        0 /        6 )  0.03
       mux2_swap       163  (        0 /        0 )  0.00
       crit_dnsz       137  (        0 /        3 )  0.06
       load_swap       163  (        0 /        3 )  0.04
            fopt       163  (        0 /        1 )  0.04
        setup_dn       163  (        0 /        0 )  0.00
       load_isol       163  (        0 /        0 )  0.09
       load_isol       163  (        0 /        0 )  0.00
        move_for       163  (        4 /        9 )  0.04
        move_for       159  (        1 /        3 )  0.02
          rem_bi       158  (        0 /        0 )  0.00
         offload       158  (        0 /        1 )  0.00
          rem_bi       158  (        1 /        1 )  0.01
         offload       157  (        0 /        3 )  0.01
       merge_bit       182  (        1 /        1 )  0.01
     merge_idrvr       156  (        0 /        0 )  0.00
     merge_iload       156  (        0 /        0 )  0.00
    merge_idload       156  (        0 /        0 )  0.00
      merge_drvr       156  (        0 /        0 )  0.00
      merge_load       156  (        0 /        0 )  0.00
           phase       156  (        0 /        0 )  0.00
          decomp       156  (        0 /        0 )  0.00
        p_decomp       156  (        0 /        0 )  0.00
        levelize       156  (        0 /        0 )  0.00
        mb_split       156  (        0 /        0 )  0.00
             dup       156  (        1 /        4 )  0.04
      mux_retime       155  (        0 /        0 )  0.00
       crr_local       155  (        1 /       13 )  0.61
         buf2inv       154  (        0 /        0 )  0.00

 init_area                 44289      -14       -57         0        0
            Worst cost_group: clk, WNS: -14.8
            Path: sp_reg[3]/CK --> data_out_reg[1]/D
 undup                     44282      -14       -57         0        0
            Worst cost_group: clk, WNS: -14.8
            Path: sp_reg[3]/CK --> data_out_reg[1]/D
 rem_inv                   44054      -14       -56         0        0
            Worst cost_group: clk, WNS: -14.8
            Path: sp_reg[3]/CK --> data_out_reg[1]/D
 merge_bi                  43927      -14       -56         0        0
            Worst cost_group: clk, WNS: -14.8
            Path: sp_reg[2]/CK --> data_out_reg[1]/D
 merge_bi                  43908      -14       -56         0        0
            Worst cost_group: clk, WNS: -14.8
            Path: sp_reg[2]/CK --> data_out_reg[1]/D
 io_phase                  43898      -14       -56         0        0
            Worst cost_group: clk, WNS: -14.8
            Path: sp_reg[3]/CK --> data_out_reg[1]/D
 gate_comp                 43890      -14       -56         0        0
            Worst cost_group: clk, WNS: -14.8
            Path: sp_reg[3]/CK --> data_out_reg[1]/D
 rem_inv                   43866      -14       -56         0        0
            Worst cost_group: clk, WNS: -14.8
            Path: sp_reg[3]/CK --> data_out_reg[1]/D
 merge_bi                  43850      -14       -56         0        0
            Worst cost_group: clk, WNS: -14.8
            Path: sp_reg[3]/CK --> data_out_reg[1]/D
 merge_bi                  43841      -14       -56         0        0
            Worst cost_group: clk, WNS: -14.8
            Path: sp_reg[3]/CK --> data_out_reg[1]/D

           Trick     Calls     Accepts   Attempts    Time(secs) 
-----------------------------------------------------------
           undup        36  (        6 /        6 )  0.08
         rem_buf         0  (        0 /        0 )  0.00
         rem_inv      1893  (      308 /      321 )  1.83
        merge_bi      1513  (      213 /      243 )  1.00
      rem_inv_qb        21  (        0 /        0 )  0.00
    seq_res_area        50  (        0 /        0 )  3.81
        io_phase        87  (       18 /       20 )  0.10
       gate_comp       114  (       18 /       18 )  1.11
       gcomp_mog         0  (        0 /        0 )  0.00
       glob_area        30  (        0 /       30 )  0.02
       area_down         0  (        0 /        0 )  0.01
      size_n_buf         0  (        0 /        0 )  0.01
  gate_deco_area         0  (        0 /        0 )  0.01
         rem_buf         0  (        0 /        0 )  0.00
         rem_inv      1373  (       32 /       36 )  0.82
        merge_bi      1269  (       36 /       58 )  0.79
      rem_inv_qb        20  (        0 /        0 )  0.00

 
Incremental optimization status
===============================
                                   Group   
                                  Tot Wrst     Total - - DRC Totals - -
                           Total  Weighted      Neg      Max       Max 
Operation                   Area   Slacks      Slack    Trans      Cap 
 init_delay                43841      -14       -56         0        0
            Worst cost_group: clk, WNS: -14.8
            Path: sp_reg[3]/CK --> data_out_reg[1]/D
 incr_delay                43865      -12       -48         0        0
            Worst cost_group: clk, WNS: -12.2
            Path: sp_reg[2]/CK --> data_out_reg[2]/D
 incr_delay                43869      -11       -47         0        0
            Worst cost_group: clk, WNS: -11.9
            Path: sp_reg[5]/CK --> data_out_reg[1]/D
 incr_delay                43873      -11       -45         0        0
            Worst cost_group: clk, WNS: -11.5
            Path: sp_reg[3]/CK --> data_out_reg[3]/D
 incr_delay                43880      -10       -42         0        0
            Worst cost_group: clk, WNS: -10.5
            Path: sp_reg[2]/CK --> data_out_reg[0]/D
 incr_delay                43882      -10       -41         0        0
            Worst cost_group: clk, WNS: -10.5
            Path: sp_reg[2]/CK --> data_out_reg[3]/D
 incr_delay                43879      -10       -40         0        0
            Worst cost_group: clk, WNS: -10.3
            Path: sp_reg[2]/CK --> data_out_reg[3]/D
 incr_delay                43879      -10       -40         0        0
            Worst cost_group: clk, WNS: -10.2
            Path: sp_reg[3]/CK --> data_out_reg[0]/D
 incr_delay                43882       -9       -39         0        0
            Worst cost_group: clk, WNS: -9.9
            Path: sp_reg[5]/CK --> data_out_reg[0]/D
 incr_delay                43882       -9       -38         0        0
            Worst cost_group: clk, WNS: -9.8
            Path: sp_reg[5]/CK --> data_out_reg[0]/D
 incr_delay                43882       -9       -38         0        0
            Worst cost_group: clk, WNS: -9.8
            Path: sp_reg[2]/CK --> data_out_reg[3]/D
 incr_delay                43882       -9       -38         0        0
            Worst cost_group: clk, WNS: -9.8
            Path: sp_reg[2]/CK --> data_out_reg[3]/D

           Trick     Calls     Accepts   Attempts    Time(secs) 
-----------------------------------------------------------
         crr_220       192  (       37 /      187 )  2.94
        crr_glob       383  (       37 /       37 )  0.34
         crr_200        94  (       10 /       86 )  0.46
        crr_glob       164  (       10 /       10 )  0.06
         crr_300        38  (        0 /       33 )  0.20
        crr_glob        75  (        0 /        0 )  0.02
         crr_400        32  (        0 /       29 )  0.21
        crr_glob        75  (        0 /        0 )  0.02
         crr_111       158  (       15 /      154 )  1.36
        crr_glob       208  (       14 /       15 )  0.18
         crr_210       216  (       41 /      210 )  1.78
        crr_glob       425  (       40 /       41 )  0.25
         crr_110       128  (        8 /      119 )  0.71
        crr_glob       160  (        8 /        8 )  0.09
         crr_101        64  (        0 /       58 )  0.39
        crr_glob        73  (        0 /        0 )  0.03
         crr_201        42  (        0 /       39 )  0.36
        crr_glob        73  (        0 /        0 )  0.03
         crr_211        54  (        1 /       51 )  0.67
        crr_glob        86  (        1 /        1 )  0.06
        crit_msz       128  (        0 /        0 )  0.00
       crit_upsz       109  (        3 /        3 )  0.04
       crit_slew        74  (        0 /        0 )  0.00
        setup_dn       149  (        0 /        0 )  0.00
    plc_bal_star         0  (        0 /        0 )  0.00
     drc_buftimb         0  (        0 /        0 )  0.00
          plc_st        74  (        0 /        0 )  0.00
    plc_st_fence        74  (        0 /        0 )  0.00
        plc_star        74  (        0 /        0 )  0.00
      plc_laf_st        74  (        0 /        0 )  0.00
 plc_laf_st_fence        74  (        0 /        0 )  0.00
     drc_buftims         0  (        0 /        0 )  0.00
       plc_lo_st        74  (        0 /        0 )  0.00
            fopt       168  (        3 /        3 )  0.04
       crit_swap        74  (        0 /        0 )  0.01
       mux2_swap        74  (        0 /        0 )  0.00
       crit_dnsz        65  (        0 /        0 )  0.02
       load_swap        74  (        0 /        0 )  0.02
            fopt       168  (        3 /        3 )  0.04
        setup_dn       149  (        0 /        0 )  0.00
       load_isol       150  (        0 /        0 )  0.04
       load_isol       150  (        0 /        0 )  0.04
        move_for       177  (        3 /        3 )  0.03
        move_for       177  (        3 /        3 )  0.03
          rem_bi       148  (        0 /        5 )  0.02
         offload       148  (        0 /        0 )  0.01
          rem_bi       148  (        0 /        5 )  0.02
         offload       148  (        0 /        0 )  0.01
       merge_bit        88  (        0 /        0 )  0.01
     merge_idrvr        74  (        0 /        0 )  0.00
     merge_iload        74  (        0 /        0 )  0.00
    merge_idload        74  (        0 /        0 )  0.00
      merge_drvr        74  (        0 /        0 )  0.00
      merge_load        74  (        0 /        0 )  0.00
           phase        74  (        0 /        0 )  0.00
          decomp        74  (        0 /        0 )  0.00
        p_decomp        74  (        0 /        0 )  0.00
        levelize        74  (        0 /        0 )  0.00
        mb_split        74  (        0 /        0 )  0.00
        in_phase        74  (        0 /        0 )  0.00
             dup        74  (        0 /        0 )  0.02
      mux_retime        74  (        0 /        0 )  0.00
         buf2inv        74  (        0 /        0 )  0.00
             exp        27  (        0 /        0 )  0.00
       gate_deco         0  (        0 /        0 )  0.00
       gcomp_tim        18  (        0 /        0 )  0.02
  inv_pair_2_buf        74  (        0 /        0 )  0.00
 init_drc                  43882       -9       -38         0        0
            Worst cost_group: clk, WNS: -9.8
            Path: sp_reg[2]/CK --> data_out_reg[3]/D

           Trick     Calls     Accepts   Attempts    Time(secs) 
-----------------------------------------------------------
          plc_st         0  (        0 /        0 )  0.00
        plc_star         0  (        0 /        0 )  0.00
        drc_bufs         0  (        0 /        0 )  0.00
        drc_fopt         0  (        0 /        0 )  0.00
        drc_bufb         0  (        0 /        0 )  0.00
      simple_buf         0  (        0 /        0 )  0.00
             dup         0  (        0 /        0 )  0.00
       crit_dnsz         0  (        0 /        0 )  0.00
       crit_upsz         0  (        0 /        0 )  0.00
       crit_slew         0  (        0 /        0 )  0.00


           Trick     Calls     Accepts   Attempts    Time(secs) 
-----------------------------------------------------------
          plc_st         0  (        0 /        0 )  0.00
        plc_star         0  (        0 /        0 )  0.00
        drc_bufs         0  (        0 /        0 )  0.00
        drc_fopt         0  (        0 /        0 )  0.00
        drc_bufb         0  (        0 /        0 )  0.00
      simple_buf         0  (        0 /        0 )  0.00
             dup         0  (        0 /        0 )  0.00
       crit_dnsz         0  (        0 /        0 )  0.00
       crit_upsz         0  (        0 /        0 )  0.00


           Trick     Calls     Accepts   Attempts    Time(secs) 
-----------------------------------------------------------
          plc_st         0  (        0 /        0 )  0.00
        plc_star         0  (        0 /        0 )  0.00
        drc_bufs         0  (        0 /        0 )  0.00
        drc_fopt         0  (        0 /        0 )  0.00
        drc_bufb         0  (        0 /        0 )  0.00
             dup         0  (        0 /        0 )  0.00
       crit_dnsz         0  (        0 /        0 )  0.00
       crit_upsz         0  (        0 /        0 )  0.00

 init_tns                  43882       -9       -38         0        0
            Worst cost_group: clk, WNS: -9.8
            Path: sp_reg[2]/CK --> data_out_reg[3]/D
 incr_tns                  43884       -9       -37         0        0
            Worst cost_group: clk, WNS: -9.8
            Path: sp_reg[2]/CK --> data_out_reg[3]/D
 incr_tns                  43884       -9       -37         0        0
            Worst cost_group: clk, WNS: -9.8
            Path: sp_reg[2]/CK --> data_out_reg[3]/D

           Trick     Calls     Accepts   Attempts    Time(secs) 
-----------------------------------------------------------
            fopt       134  (        1 /        2 )  0.04
    plc_bal_star         0  (        0 /        0 )  0.00
     drc_buftimb         0  (        0 /        0 )  0.00
     drc_buftims         0  (        0 /        0 )  0.00
        crit_msz       133  (        0 /        0 )  0.00
       crit_upsz       133  (        1 /        7 )  0.04
   plc_laf_lo_st       132  (        0 /        0 )  0.00
       plc_lo_st       132  (        0 /        0 )  0.00
       crit_swap       132  (        0 /        4 )  0.03
       mux2_swap       132  (        0 /        0 )  0.00
       crit_dnsz       110  (        0 /        0 )  0.04
       load_swap       132  (        0 /        0 )  0.05
            fopt       132  (        1 /        2 )  0.04
        setup_dn       131  (        0 /        0 )  0.00
       load_isol       131  (        0 /        0 )  0.06
       load_isol       131  (        0 /        1 )  0.01
        move_for       131  (        1 /        4 )  0.03
        move_for       130  (        0 /        2 )  0.02
          rem_bi       130  (        0 /        0 )  0.01
         offload       130  (        2 /        3 )  0.01
          rem_bi       128  (        1 /        1 )  0.01
         offload       127  (        0 /        2 )  0.01
       merge_bit       154  (        0 /        0 )  0.01
     merge_idrvr       127  (        0 /        0 )  0.00
     merge_iload       127  (        0 /        0 )  0.00
    merge_idload       127  (        0 /        0 )  0.00
      merge_drvr       127  (        0 /        0 )  0.00
      merge_load       127  (        0 /        0 )  0.00
           phase       127  (        0 /        0 )  0.00
          decomp       127  (        0 /        0 )  0.00
        p_decomp       127  (        0 /        0 )  0.00
        levelize       127  (        0 /        0 )  0.00
        mb_split       127  (        0 /        0 )  0.00
             dup       127  (        0 /        3 )  0.03
      mux_retime       127  (        0 /        0 )  0.00
       crr_local       127  (        2 /       12 )  0.56
         buf2inv       125  (        0 /        0 )  0.00

 init_area                 43884       -9       -37         0        0
            Worst cost_group: clk, WNS: -9.8
            Path: sp_reg[2]/CK --> data_out_reg[3]/D
 undup                     43875       -9       -37         0        0
            Worst cost_group: clk, WNS: -9.8
            Path: sp_reg[2]/CK --> data_out_reg[3]/D
 rem_inv                   43857       -9       -37         0        0
            Worst cost_group: clk, WNS: -9.8
            Path: sp_reg[2]/CK --> data_out_reg[3]/D
 merge_bi                  43823       -9       -37         0        0
            Worst cost_group: clk, WNS: -9.8
            Path: sp_reg[2]/CK --> data_out_reg[3]/D
 merge_bi                  43820       -9       -37         0        0
            Worst cost_group: clk, WNS: -9.8
            Path: sp_reg[2]/CK --> data_out_reg[3]/D
 io_phase                  43813       -9       -37         0        0
            Worst cost_group: clk, WNS: -9.8
            Path: sp_reg[2]/CK --> data_out_reg[3]/D
 gate_comp                 43812       -9       -37         0        0
            Worst cost_group: clk, WNS: -9.8
            Path: sp_reg[2]/CK --> data_out_reg[3]/D

           Trick     Calls     Accepts   Attempts    Time(secs) 
-----------------------------------------------------------
           undup        40  (        9 /        9 )  0.46
         rem_buf         0  (        0 /        0 )  0.00
         rem_inv      1334  (       23 /       32 )  0.82
        merge_bi      1231  (       55 /       73 )  0.82
      rem_inv_qb        20  (        0 /        0 )  0.00
        io_phase        89  (       18 /       20 )  0.08
       gate_comp       110  (        4 /        4 )  1.06
       gcomp_mog         0  (        0 /        0 )  0.00
       glob_area        30  (        0 /       30 )  0.02
       area_down         0  (        0 /        0 )  0.01
      size_n_buf         0  (        0 /        0 )  0.01
  gate_deco_area         0  (        0 /        0 )  0.00

 
Incremental optimization status
===============================
                                   Group   
                                  Tot Wrst     Total - - DRC Totals - -
                           Total  Weighted      Neg      Max       Max 
Operation                   Area   Slacks      Slack    Trans      Cap 
 init_delay                43812       -9       -37         0        0
            Worst cost_group: clk, WNS: -9.8
            Path: sp_reg[2]/CK --> data_out_reg[3]/D

           Trick     Calls     Accepts   Attempts    Time(secs) 
-----------------------------------------------------------
        crit_msz        25  (        0 /        0 )  0.00
       crit_upsz        25  (        0 /        0 )  0.01
       crit_slew        25  (        0 /        0 )  0.00
        setup_dn        25  (        0 /        0 )  0.00
    plc_bal_star         0  (        0 /        0 )  0.00
     drc_buftimb         0  (        0 /        0 )  0.00
          plc_st        25  (        0 /        0 )  0.00
    plc_st_fence        25  (        0 /        0 )  0.00
        plc_star        25  (        0 /        0 )  0.00
      plc_laf_st        25  (        0 /        0 )  0.00
 plc_laf_st_fence        25  (        0 /        0 )  0.00
     drc_buftims         0  (        0 /        0 )  0.00
   plc_laf_lo_st        25  (        0 /        0 )  0.00
       plc_lo_st        25  (        0 /        0 )  0.00
            fopt        25  (        0 /        0 )  0.00
       crit_swap        25  (        0 /        0 )  0.00
       mux2_swap        25  (        0 /        0 )  0.00
       crit_dnsz        23  (        0 /        0 )  0.01
       load_swap        25  (        0 /        0 )  0.01
            fopt        25  (        0 /        0 )  0.01
        setup_dn        25  (        0 /        0 )  0.00
       load_isol        25  (        0 /        0 )  0.01
       load_isol        25  (        0 /        0 )  0.00
        move_for        25  (        0 /        0 )  0.00
        move_for        25  (        0 /        0 )  0.00
          rem_bi        25  (        0 /        0 )  0.00
         offload        25  (        0 /        0 )  0.00
          rem_bi        25  (        0 /        2 )  0.01
         offload        25  (        0 /        0 )  0.00
           phase        25  (        0 /        0 )  0.00
        in_phase        25  (        0 /        0 )  0.00
       merge_bit        30  (        0 /        0 )  0.00
     merge_idrvr        25  (        0 /        0 )  0.00
     merge_iload        25  (        0 /        0 )  0.00
    merge_idload        25  (        0 /        0 )  0.00
      merge_drvr        25  (        0 /        0 )  0.00
      merge_load        25  (        0 /        0 )  0.00
          decomp        25  (        0 /        0 )  0.00
        p_decomp        25  (        0 /        0 )  0.00
        levelize        25  (        0 /        0 )  0.00
        mb_split        25  (        0 /        0 )  0.00
             dup        25  (        0 /        0 )  0.01
      mux_retime        25  (        0 /        0 )  0.00
         buf2inv        25  (        0 /        0 )  0.00
             exp         0  (        0 /        0 )  0.00
       gate_deco         0  (        0 /        0 )  0.00
       gcomp_tim        10  (        0 /        0 )  0.01
  inv_pair_2_buf        25  (        0 /        0 )  0.00

 init_drc                  43812       -9       -37         0        0
            Worst cost_group: clk, WNS: -9.8
            Path: sp_reg[2]/CK --> data_out_reg[3]/D

           Trick     Calls     Accepts   Attempts    Time(secs) 
-----------------------------------------------------------
          plc_st         0  (        0 /        0 )  0.00
        plc_star         0  (        0 /        0 )  0.00
        drc_bufs         0  (        0 /        0 )  0.00
        drc_fopt         0  (        0 /        0 )  0.00
        drc_bufb         0  (        0 /        0 )  0.00
      simple_buf         0  (        0 /        0 )  0.00
             dup         0  (        0 /        0 )  0.00
       crit_dnsz         0  (        0 /        0 )  0.00
       crit_upsz         0  (        0 /        0 )  0.00
       crit_slew         0  (        0 /        0 )  0.00


           Trick     Calls     Accepts   Attempts    Time(secs) 
-----------------------------------------------------------
          plc_st         0  (        0 /        0 )  0.00
        plc_star         0  (        0 /        0 )  0.00
        drc_bufs         0  (        0 /        0 )  0.00
        drc_fopt         0  (        0 /        0 )  0.00
        drc_bufb         0  (        0 /        0 )  0.00
      simple_buf         0  (        0 /        0 )  0.00
             dup         0  (        0 /        0 )  0.00
       crit_dnsz         0  (        0 /        0 )  0.00
       crit_upsz         0  (        0 /        0 )  0.00


           Trick     Calls     Accepts   Attempts    Time(secs) 
-----------------------------------------------------------
          plc_st         0  (        0 /        0 )  0.00
        plc_star         0  (        0 /        0 )  0.00
        drc_bufs         0  (        0 /        0 )  0.00
        drc_fopt         0  (        0 /        0 )  0.00
        drc_bufb         0  (        0 /        0 )  0.00
             dup         0  (        0 /        0 )  0.00
       crit_dnsz         0  (        0 /        0 )  0.00
       crit_upsz         0  (        0 /        0 )  0.00

==================================
Stage : incr_opt 
==================================
  =================
   Message Summary
  =================
------------------------------------------------------------------------
|   Id    |Sev  |Count |                 Message Text                  |
------------------------------------------------------------------------
| CFM-1   |Info |    1 |Wrote dofile.                                  |
| CFM-5   |Info |    1 |Wrote formal verification information.         |
| PA-7    |Info |    4 |Resetting power analysis results.              |
|         |     |      |All computed switching activities are removed. |
| SYNTH-5 |Info |    1 |Done mapping.                                  |
| SYNTH-7 |Info |    1 |Incrementally optimizing.                      |
------------------------------------------------------------------------
Info    : Done incrementally optimizing. [SYNTH-8]
        : Done incrementally optimizing 'nbit_stack'.
Info    : Joules engine is used. [RPT-16]
        : Joules engine is being used for the command report_power.
Info   : ACTP-0001 [ACTPInfo] Activity propagation started for stim#0 netlist
       : nbit_stack
Info   : ACTP-0009 [ACTPInfo] Activity Propagation Progress Report :   0%   1%   2%   3%   4%   5%   6%   7%   8%   9%  10%  11%  12%  13%  14%  15%  16%  17%  18%  19%  20%  21%  22%  23%  24%  25%  26%  27%  28%  29%  30%  31%  32%  33%  34%  35%  36%  37%  38%  39%  40%  41%  42%  43%  44%  45%  46%  47%  48%  49%  50%  51%  52%  53%  54%  55%  56%  57%  58%  59%  60%  61%  62%  63%  64%  65%  66%  67%  68%  69%  70%  71%  72%  73%  74%  75%  76%  77%  78%  79%  80%  81%  82%  83%  84%  85%  86%  87%  88%  89%  90%  91%  92%  93%  94%  95%  96%  97%  98%  99% 100%
Info   : ACTP-0001 Activity propagation ended for stim#0
Info   : PWRA-0001 [PwrInfo] compute_power effective options 
       : -mode : vectorless
       : -skip_propagation : 1
       : -frequency_scaling_factor : 1.0
       : -use_clock_freq : stim
       : -stim :/stim#0
       : -fromGenus : 1
Info   : ACTP-0001 Timing initialization started
Info   : ACTP-0001 Timing initialization ended
Info   : PWRA-0002 [PwrInfo] Skipping activity propagation due to -skip_ap
       : option....
Warning: PWRA-0302 [PwrWarn] Frequency scaling is not applicable for vectorless
       : flow. Ignoring frequency scaling.
Warning: PWRA-0304 [PwrWarn] -stim option is not applicable with vectorless mode
       : of power analysis, ignored this option.
Info   : PWRA-0002 Started 'vectorless' power computation.
Info   : PWRA-0009 [PwrInfo] Power Computation Progress Report :   3%   7%  11%  15%  19%  23%  26%  30%  34%  38%  42%  46%  49%  53%  57%  61%  65%  69%  72%  76%  80%  84%  88%  92%  96% 100%
Info   : PWRA-0002 Finished power computation.
Info   : PWRA-0007 [PwrInfo] Completed successfully.
       : Info=6, Warn=2, Error=0, Fatal=0
Output file: /home/shivansa/CUSTOM-CIRCUIT-DESIGN/PROJECT_shivansa/Synth/OutputFiles/nbit_stack_power.rpt
Finished SDC export (command execution time mm:ss (real) = 00:01).
Warning : Default value for an option has changed in this release. [WSDF-104]
        : Default value for -setuphold has changed from split to merge_always. Specify '-setuphold split' to preserve the behavior of the previous release.
        : Specify the option explicitly.
Warning : Default value for an option has changed in this release. [WSDF-104]
        : Default value for -recrem has changed from split to merge_always. Specify '-recrem split' to preserve the behavior of the previous release.
“=====================”
“Finished”
“=====================”

Lic Summary:
[01:57:41.353681] Cdslmd servers: police
[01:57:41.353691] Feature usage summary:
[01:57:41.353691] Genus_Synthesis

Normal exit.